timestamp,frame_number,object_id,class_name,confidence,bbox_x1,bbox_y1,bbox_x2,bbox_y2,center_x,center_y,zone_violation,zone_name,track_length,movement_status
2025-09-20T23:30:28.818446,44,,person,0.7574877142906189,105,140,624,479,0,0,False,,0,
2025-09-21T13:03:25.686850,120,,person,0.8465619087219238,2,160,638,479,0,0,False,,0,
2025-09-21T13:05:26.568251,1,,person,0.6751866340637207,66,201,545,479,0,0,False,,0,
2025-09-21T13:05:26.765226,2,,person,0.7649897336959839,52,201,546,479,0,0,False,,0,
2025-09-21T13:05:26.849738,3,,person,0.7674704194068909,32,205,547,479,0,0,False,,0,
2025-09-21T13:05:26.947010,4,,person,0.7795419692993164,36,201,546,479,0,0,False,,0,
2025-09-21T13:05:27.034212,5,,person,0.5922218561172485,32,201,545,479,0,0,False,,0,
2025-09-21T13:05:27.118541,6,,person,0.7264177203178406,28,201,547,479,0,0,False,,0,
2025-09-21T13:05:27.234083,7,,person,0.7463979125022888,34,201,544,479,0,0,False,,0,
2025-09-21T13:05:27.326555,8,,person,0.7463979125022888,34,201,544,479,0,0,False,,0,
2025-09-21T13:05:27.419178,9,,person,0.8096125721931458,42,201,548,479,0,0,False,,0,
2025-09-21T13:05:27.518663,10,,person,0.7052580714225769,47,199,548,479,0,0,False,,0,
2025-09-21T13:05:27.748808,12,,person,0.6225011944770813,138,196,637,479,0,0,False,,0,
2025-09-21T13:05:27.833936,13,,person,0.775333821773529,4,197,565,479,0,0,False,,0,
2025-09-21T13:05:27.950043,14,,person,0.7647786140441895,35,192,579,478,0,0,False,,0,
2025-09-21T13:05:28.024599,15,,person,0.7647786140441895,35,192,579,478,0,0,False,,0,
2025-09-21T13:05:28.125425,16,,person,0.7614896893501282,7,200,573,479,0,0,False,,0,
2025-09-21T13:05:28.217263,17,,person,0.698435366153717,14,188,574,479,0,0,False,,0,
2025-09-21T13:05:28.318548,18,,person,0.7007858753204346,58,191,569,479,0,0,False,,0,
2025-09-21T13:05:28.417053,19,,person,0.6979878544807434,46,190,583,479,0,0,False,,0,
2025-09-21T13:05:28.517218,20,,person,0.6979878544807434,46,190,583,479,0,0,False,,0,
2025-09-21T13:05:28.617488,21,,person,0.7484582662582397,23,190,601,478,0,0,False,,0,
2025-09-21T13:05:28.717084,22,,person,0.7880255579948425,52,188,633,479,0,0,False,,0,
2025-09-21T13:05:28.816025,23,,person,0.7271470427513123,52,191,599,478,0,0,False,,0,
2025-09-21T13:05:28.914383,24,,person,0.7271470427513123,52,191,599,478,0,0,False,,0,
2025-09-21T13:05:29.000085,25,,person,0.6601026654243469,37,191,575,478,0,0,False,,0,
2025-09-21T13:05:29.088136,26,,person,0.6601026654243469,37,191,575,478,0,0,False,,0,
2025-09-21T13:05:29.166832,27,,person,0.7261045575141907,56,191,623,478,0,0,False,,0,
2025-09-21T13:05:29.302235,28,,person,0.7460262179374695,43,191,629,478,0,0,False,,0,
2025-09-21T13:05:29.389539,29,,person,0.7069864273071289,16,187,600,479,0,0,False,,0,
2025-09-21T13:05:29.489669,30,,person,0.5673916339874268,9,186,601,479,0,0,False,,0,
2025-09-21T13:05:29.583847,31,,person,0.7309972047805786,22,186,571,480,0,0,False,,0,
2025-09-21T13:05:29.678308,32,,person,0.6635723114013672,17,187,608,479,0,0,False,,0,
2025-09-21T13:05:29.783026,33,,person,0.7789414525032043,4,13,638,477,0,0,False,,0,
2025-09-21T13:05:29.872424,34,,person,0.7944778800010681,16,10,639,479,0,0,False,,0,
2025-09-21T13:05:29.951397,35,,person,0.8426349759101868,3,9,638,479,0,0,False,,0,
2025-09-21T13:05:30.832914,36,,person,0.816360354423523,2,3,639,478,0,0,False,,0,
2025-09-21T13:05:31.601964,37,,person,0.6394683122634888,0,1,625,475,0,0,False,,0,
2025-09-21T13:05:32.339550,38,,person,0.5652206540107727,0,2,632,474,0,0,False,,0,
2025-09-21T13:05:33.096697,39,,person,0.6352185010910034,1,4,625,468,0,0,False,,0,
2025-09-21T13:05:33.096697,39,,person,0.5445957779884338,2,237,560,479,0,0,False,,0,
2025-09-21T13:05:33.904346,40,,person,0.6110493540763855,0,2,612,472,0,0,False,,0,
2025-09-21T13:05:34.701967,42,,remote,0.714728057384491,274,85,600,242,0,0,False,,0,
2025-09-21T13:05:34.701967,42,,person,0.6963065266609192,2,4,631,477,0,0,False,,0,
2025-09-21T13:05:34.799878,43,,person,0.7762835025787354,2,4,632,477,0,0,False,,0,
2025-09-21T13:05:34.799878,43,,remote,0.6402611136436462,275,89,597,242,0,0,False,,0,
2025-09-21T13:05:34.799878,43,,person,0.5008811950683594,3,236,557,479,0,0,False,,0,
2025-09-21T13:05:34.917156,44,,person,0.7887666821479797,2,3,633,478,0,0,False,,0,
2025-09-21T13:05:34.917156,44,,remote,0.6804956197738647,276,92,596,245,0,0,False,,0,
2025-09-21T13:05:35.016489,45,,remote,0.8253006339073181,279,104,590,250,0,0,False,,0,
2025-09-21T13:05:35.016489,45,,person,0.7739567756652832,0,9,632,479,0,0,False,,0,
2025-09-21T13:05:35.016489,45,,person,0.5164160132408142,1,249,583,479,0,0,False,,0,
2025-09-21T13:05:35.137265,46,,person,0.8187299370765686,1,11,632,478,0,0,False,,0,
2025-09-21T13:05:35.137265,46,,remote,0.7687922716140747,280,106,588,252,0,0,False,,0,
2025-09-21T13:05:35.234006,47,,person,0.7928723096847534,0,14,630,479,0,0,False,,0,
2025-09-21T13:05:35.234006,47,,remote,0.7662760615348816,281,107,588,252,0,0,False,,0,
2025-09-21T13:05:35.333804,48,,person,0.7928723096847534,0,14,630,479,0,0,False,,0,
2025-09-21T13:05:35.333804,48,,remote,0.7662760615348816,281,107,588,252,0,0,False,,0,
2025-09-21T13:05:35.476808,49,,person,0.8224079012870789,0,8,633,479,0,0,False,,0,
2025-09-21T13:05:35.476808,49,,remote,0.8046019077301025,277,104,590,250,0,0,False,,0,
2025-09-21T13:05:35.568465,50,,person,0.821502149105072,0,11,628,478,0,0,False,,0,
2025-09-21T13:05:35.568465,50,,remote,0.7961501479148865,276,101,592,250,0,0,False,,0,
2025-09-21T13:05:35.678369,51,,person,0.8270464539527893,1,6,629,478,0,0,False,,0,
2025-09-21T13:05:35.678369,51,,remote,0.8153380751609802,271,99,590,249,0,0,False,,0,
2025-09-21T13:05:35.784850,52,,remote,0.7076990604400635,267,91,589,245,0,0,False,,0,
2025-09-21T13:05:35.784850,52,,person,0.656288206577301,3,8,633,477,0,0,False,,0,
2025-09-21T13:05:35.784850,52,,person,0.532114565372467,1,240,550,479,0,0,False,,0,
2025-09-21T13:05:36.530443,53,,person,0.6817433834075928,1,0,618,473,0,0,False,,0,
2025-09-21T13:05:37.238104,54,,person,0.6418530344963074,0,2,629,475,0,0,False,,0,
2025-09-21T13:05:37.238104,54,,cell phone,0.571700930595398,252,85,597,249,0,0,False,,0,
2025-09-21T13:05:37.990401,55,,person,0.6980514526367188,0,6,636,472,0,0,False,,0,
2025-09-21T13:05:37.990401,55,,cell phone,0.6546579003334045,241,81,597,246,0,0,False,,0,
2025-09-21T13:05:37.990401,55,,person,0.5566899180412292,9,236,564,479,0,0,False,,0,
2025-09-21T13:05:38.806119,56,,cell phone,0.8092209696769714,236,142,543,291,0,0,False,,0,
2025-09-21T13:05:38.806119,56,,person,0.6951318979263306,0,0,631,473,0,0,False,,0,
2025-09-21T13:05:39.621582,57,,cell phone,0.7753055691719055,240,155,520,291,0,0,False,,0,
2025-09-21T13:05:39.621582,57,,person,0.6377879977226257,2,14,634,475,0,0,False,,0,
2025-09-21T13:05:39.621582,57,,cell phone,0.6063462495803833,0,266,137,437,0,0,False,,0,
2025-09-21T13:05:40.483575,58,,cell phone,0.8214807510375977,238,149,522,288,0,0,False,,0,
2025-09-21T13:05:40.483575,58,,person,0.7856429219245911,0,0,633,473,0,0,False,,0,
2025-09-21T13:05:40.483575,58,,cell phone,0.5345758199691772,0,265,151,437,0,0,False,,0,
2025-09-21T13:05:41.310106,59,,person,0.6541692018508911,0,0,634,472,0,0,False,,0,
2025-09-21T13:05:41.310106,59,,cell phone,0.5797515511512756,228,129,521,268,0,0,False,,0,
2025-09-21T13:05:42.126075,60,,cell phone,0.6423371434211731,214,107,514,258,0,0,False,,0,
2025-09-21T13:05:42.126075,60,,person,0.5841503143310547,0,2,621,471,0,0,False,,0,
2025-09-21T13:05:42.971098,61,,person,0.6625910401344299,0,8,625,475,0,0,False,,0,
2025-09-21T13:05:42.971098,61,,bed,0.5276774764060974,30,0,639,480,0,0,False,,0,
2025-09-21T13:05:43.753385,62,,cell phone,0.6668572425842285,208,105,516,256,0,0,False,,0,
2025-09-21T13:05:43.753385,62,,person,0.6240230202674866,0,2,622,474,0,0,False,,0,
2025-09-21T13:05:44.581629,63,,person,0.5200231671333313,0,1,624,476,0,0,False,,0,
2025-09-21T13:05:45.396505,64,,person,0.6686058044433594,0,2,632,475,0,0,False,,0,
2025-09-21T13:05:45.396505,64,,bed,0.528758704662323,28,0,638,480,0,0,False,,0,
2025-09-21T13:05:46.942348,66,,person,0.5679657459259033,0,3,630,472,0,0,False,,0,
2025-09-21T13:05:48.525356,68,,person,0.6266337037086487,0,1,624,476,0,0,False,,0,
2025-09-21T13:05:48.525356,68,,cell phone,0.5889002084732056,183,106,505,263,0,0,False,,0,
2025-09-21T13:05:49.304825,69,,person,0.5806418657302856,2,0,629,476,0,0,False,,0,
2025-09-21T13:05:50.144827,70,,person,0.6376076936721802,1,1,609,471,0,0,False,,0,
2025-09-21T13:05:50.894535,71,,person,0.5584315657615662,1,1,607,472,0,0,False,,0,
2025-09-21T13:05:50.894535,71,,bed,0.5020544528961182,7,0,640,480,0,0,False,,0,
2025-09-21T13:05:51.683434,72,,bed,0.6187434196472168,8,0,638,480,0,0,False,,0,
2025-09-21T13:05:54.918866,76,,cell phone,0.5454124808311462,121,111,277,404,0,0,False,,0,
2025-09-21T13:05:54.918866,76,,person,0.5420467853546143,4,1,638,477,0,0,False,,0,
2025-09-21T13:05:55.714608,77,,person,0.5867190361022949,23,196,536,479,0,0,False,,0,
2025-09-21T13:05:56.470636,78,,person,0.6937569379806519,41,195,539,479,0,0,False,,0,
2025-09-21T13:05:57.287660,79,,person,0.7264764308929443,16,189,545,479,0,0,False,,0,
2025-09-21T13:05:57.287660,79,,cell phone,0.6550300121307373,100,99,263,452,0,0,False,,0,
2025-09-21T13:05:58.315892,82,,person,0.727780818939209,161,35,637,475,0,0,False,,0,
2025-09-21T13:05:58.432811,83,,person,0.727780818939209,161,35,637,475,0,0,False,,0,
2025-09-21T13:05:59.232818,84,,person,0.6941736340522766,50,201,550,479,0,0,False,,0,
2025-09-21T13:05:59.336942,85,,person,0.7184569835662842,60,201,541,479,0,0,False,,0,
2025-09-21T13:05:59.464171,86,,person,0.6197082996368408,85,203,539,479,0,0,False,,0,
2025-09-21T13:05:59.614557,87,,person,0.7040361166000366,81,201,541,479,0,0,False,,0,
2025-09-21T13:05:59.757474,88,,person,0.7450557947158813,50,197,535,479,0,0,False,,0,
2025-09-21T13:06:00.627608,89,,person,0.6136484742164612,109,197,535,479,0,0,False,,0,
2025-09-21T13:06:01.495259,90,,person,0.5450841784477234,52,188,556,479,0,0,False,,0,
2025-09-21T13:06:03.185653,92,,cell phone,0.5243982672691345,161,247,273,364,0,0,False,,0,
2025-09-21T13:06:04.814987,94,,person,0.6923084855079651,117,190,559,479,0,0,False,,0,
2025-09-21T13:06:08.936954,99,,person,0.660499632358551,71,196,542,479,0,0,False,,0,
2025-09-21T13:06:09.067064,100,,person,0.5547151565551758,110,1,639,471,0,0,False,,0,
2025-09-21T13:06:09.712782,101,,person,0.5649909377098083,93,0,638,382,0,0,False,,0,
2025-09-21T13:06:11.315245,103,,person,0.6914588212966919,198,0,639,478,0,0,False,,0,
2025-09-21T13:06:12.206060,104,,person,0.6991426944732666,2,0,638,476,0,0,False,,0,
2025-09-21T13:06:13.060153,105,,person,0.5656284689903259,188,191,637,480,0,0,False,,0,
2025-09-21T13:06:13.903801,106,,person,0.6829715371131897,140,188,637,479,0,0,False,,0,
2025-09-21T13:06:14.019443,107,,person,0.738534688949585,183,199,627,479,0,0,False,,0,
2025-09-21T13:06:14.132340,108,,person,0.738534688949585,183,199,627,479,0,0,False,,0,
2025-09-21T13:06:15.006477,109,,person,0.6589352488517761,199,202,538,479,0,0,False,,0,
2025-09-21T13:06:15.006477,109,,laptop,0.6509371995925903,0,398,274,479,0,0,False,,0,
2025-09-21T13:06:15.116666,110,,person,0.7169412970542908,195,200,616,480,0,0,False,,0,
2025-09-21T13:06:15.248117,111,,person,0.7329971194267273,199,199,622,479,0,0,False,,0,
2025-09-21T13:06:15.415643,112,,person,0.7094122171401978,198,197,630,479,0,0,False,,0,
2025-09-21T13:06:15.548575,113,,person,0.7562481164932251,199,195,630,479,0,0,False,,0,
2025-09-21T13:06:15.684470,114,,person,0.7744935154914856,201,194,631,479,0,0,False,,0,
2025-09-21T13:06:15.806647,115,,person,0.7681730389595032,193,192,626,479,0,0,False,,0,
2025-09-21T13:06:15.948095,116,,person,0.7723933458328247,198,192,631,479,0,0,False,,0,
2025-09-21T13:06:16.071230,117,,person,0.7750316858291626,169,193,602,479,0,0,False,,0,
2025-09-21T13:06:16.206470,118,,person,0.7801317572593689,153,192,619,479,0,0,False,,0,
2025-09-21T13:06:16.342169,119,,person,0.7754058241844177,166,191,619,479,0,0,False,,0,
2025-09-21T13:06:16.464167,120,,person,0.7876899242401123,176,194,613,479,0,0,False,,0,
2025-09-21T13:06:16.588147,121,,person,0.795942485332489,175,194,613,479,0,0,False,,0,
2025-09-21T13:06:16.716356,122,,person,0.7738444209098816,182,196,583,479,0,0,False,,0,
2025-09-21T13:06:16.848281,123,,person,0.7603960633277893,194,198,599,479,0,0,False,,0,
2025-09-21T13:06:16.964371,124,,person,0.7274719476699829,198,198,617,479,0,0,False,,0,
2025-09-21T13:06:17.098304,125,,person,0.6184074282646179,204,206,596,479,0,0,False,,0,
2025-09-21T13:06:18.848708,134,,person,0.6774696111679077,490,146,639,421,0,0,False,,0,
2025-09-21T13:06:18.848708,134,,person,0.5612929463386536,2,160,583,478,0,0,False,,0,
2025-09-21T13:06:19.006518,135,,person,0.8231287002563477,471,174,639,425,0,0,False,,0,
2025-09-21T13:06:19.127736,136,,person,0.7026216983795166,460,178,639,418,0,0,False,,0,
2025-09-21T13:06:19.127736,136,,person,0.5237388014793396,0,81,613,479,0,0,False,,0,
2025-09-21T13:06:19.259819,137,,person,0.6126943826675415,459,178,639,415,0,0,False,,0,
2025-09-21T13:06:19.259819,137,,person,0.5134289264678955,0,85,607,479,0,0,False,,0,
2025-09-21T13:06:19.397071,138,,person,0.6999759078025818,461,179,639,412,0,0,False,,0,
2025-09-21T13:06:19.397071,138,,person,0.5426720976829529,0,22,605,480,0,0,False,,0,
2025-09-21T13:06:19.545719,139,,person,0.6454282999038696,461,181,639,409,0,0,False,,0,
2025-09-21T13:06:19.545719,139,,person,0.6133129596710205,0,0,605,480,0,0,False,,0,
2025-09-21T13:06:19.713099,140,,person,0.6750638484954834,462,183,639,410,0,0,False,,0,
2025-09-21T13:06:19.713099,140,,person,0.531845211982727,0,4,595,479,0,0,False,,0,
2025-09-21T13:06:19.857527,141,,person,0.6433607339859009,463,184,639,409,0,0,False,,0,
2025-09-21T13:06:19.993456,142,,person,0.7197830080986023,462,184,639,410,0,0,False,,0,
2025-09-21T13:06:20.113438,143,,person,0.7328837513923645,462,185,639,410,0,0,False,,0,
2025-09-21T13:06:20.252968,144,,person,0.7106935977935791,462,185,639,408,0,0,False,,0,
2025-09-21T13:06:20.368023,145,,person,0.7185861468315125,461,184,639,409,0,0,False,,0,
2025-09-21T13:06:20.494402,146,,person,0.7357728481292725,461,184,639,409,0,0,False,,0,
2025-09-21T13:06:20.615296,147,,person,0.6695746779441833,457,173,639,404,0,0,False,,0,
2025-09-21T13:06:20.754872,148,,remote,0.6461934447288513,174,201,510,324,0,0,False,,0,
2025-09-21T13:06:20.754872,148,,person,0.6410698294639587,448,170,639,403,0,0,False,,0,
2025-09-21T13:06:20.754872,148,,person,0.5599030256271362,0,29,613,479,0,0,False,,0,
2025-09-21T13:06:20.921737,149,,person,0.6453996896743774,1,105,640,480,0,0,False,,0,
2025-09-21T13:06:21.053442,150,,person,0.7251091599464417,1,59,640,480,0,0,False,,0,
2025-09-21T13:06:21.053442,150,,cell phone,0.6918895840644836,187,200,475,321,0,0,False,,0,
2025-09-21T13:06:21.182201,151,,person,0.7614133358001709,0,160,625,479,0,0,False,,0,
2025-09-21T13:06:21.182201,151,,cell phone,0.6692370176315308,176,186,461,290,0,0,False,,0,
2025-09-21T13:06:21.331148,152,,person,0.701320230960846,1,77,638,479,0,0,False,,0,
2025-09-21T13:06:21.451604,153,,person,0.7633728981018066,1,86,634,479,0,0,False,,0,
2025-09-21T13:06:21.451604,153,,person,0.6789592504501343,410,176,639,422,0,0,False,,0,
2025-09-21T13:06:21.597913,154,,person,0.7802881002426147,2,63,640,480,0,0,False,,0,
2025-09-21T13:06:21.597913,154,,cell phone,0.5032842755317688,180,195,467,306,0,0,False,,0,
2025-09-21T13:06:21.731940,155,,person,0.8200765252113342,1,83,640,479,0,0,False,,0,
2025-09-21T13:06:21.731940,155,,cell phone,0.6911956071853638,181,196,466,307,0,0,False,,0,
2025-09-21T13:06:21.865241,156,,person,0.8080964684486389,0,92,640,479,0,0,False,,0,
2025-09-21T13:06:21.865241,156,,cell phone,0.7101141214370728,178,197,467,307,0,0,False,,0,
2025-09-21T13:06:22.047862,157,,cell phone,0.8716535568237305,179,198,467,311,0,0,False,,0,
2025-09-21T13:06:22.047862,157,,person,0.7716670632362366,1,51,623,480,0,0,False,,0,
2025-09-21T13:06:22.173153,158,,cell phone,0.8482764363288879,185,194,477,313,0,0,False,,0,
2025-09-21T13:06:22.173153,158,,person,0.7623379230499268,0,78,633,480,0,0,False,,0,
2025-09-21T13:06:22.313073,159,,cell phone,0.8780308365821838,180,202,475,314,0,0,False,,0,
2025-09-21T13:06:22.313073,159,,person,0.5795891880989075,0,71,631,479,0,0,False,,0,
2025-09-21T13:06:22.474568,160,,person,0.7534947395324707,0,48,626,480,0,0,False,,0,
2025-09-21T13:06:22.474568,160,,cell phone,0.7294037342071533,154,212,460,317,0,0,False,,0,
2025-09-21T13:06:22.625725,161,,cell phone,0.8477919697761536,166,209,459,316,0,0,False,,0,
2025-09-21T13:06:22.625725,161,,person,0.7492365837097168,1,104,599,478,0,0,False,,0,
2025-09-21T13:06:22.779687,162,,cell phone,0.7342092394828796,167,209,458,318,0,0,False,,0,
2025-09-21T13:06:22.779687,162,,person,0.6553369164466858,1,89,617,480,0,0,False,,0,
2025-09-21T13:06:22.931876,163,,person,0.7234967947006226,1,89,619,479,0,0,False,,0,
2025-09-21T13:06:22.931876,163,,cell phone,0.6331781148910522,168,210,457,320,0,0,False,,0,
2025-09-21T13:06:23.080403,164,,cell phone,0.7020825743675232,161,214,458,321,0,0,False,,0,
2025-09-21T13:06:23.080403,164,,person,0.7003214359283447,1,103,598,478,0,0,False,,0,
2025-09-21T13:06:23.214056,165,,cell phone,0.6553364396095276,162,215,460,321,0,0,False,,0,
2025-09-21T13:06:23.214056,165,,person,0.614855170249939,1,104,618,480,0,0,False,,0,
2025-09-21T13:06:23.366669,166,,person,0.739434540271759,1,137,619,480,0,0,False,,0,
2025-09-21T13:06:23.366669,166,,cell phone,0.6636248230934143,165,216,459,323,0,0,False,,0,
2025-09-21T13:06:23.514473,167,,person,0.7088941931724548,1,127,610,478,0,0,False,,0,
2025-09-21T13:06:23.514473,167,,cell phone,0.7065748572349548,163,219,459,323,0,0,False,,0,
2025-09-21T13:06:23.661348,168,,person,0.7006129026412964,1,16,619,479,0,0,False,,0,
2025-09-21T13:06:23.661348,168,,cell phone,0.5366796851158142,164,221,458,325,0,0,False,,0,
2025-09-21T13:06:23.781917,169,,person,0.704082727432251,1,0,613,479,0,0,False,,0,
2025-09-21T13:06:23.915048,170,,person,0.6674671769142151,1,55,616,480,0,0,False,,0,
2025-09-21T13:06:23.915048,170,,cell phone,0.5690457224845886,163,217,457,325,0,0,False,,0,
2025-09-21T13:06:24.062923,171,,person,0.7369236946105957,1,6,624,479,0,0,False,,0,
2025-09-21T13:06:24.062923,171,,cell phone,0.5058475732803345,161,216,455,326,0,0,False,,0,
2025-09-21T13:06:24.215369,172,,person,0.7210184335708618,1,0,622,479,0,0,False,,0,
2025-09-21T13:06:24.215369,172,,remote,0.6160107254981995,164,216,453,325,0,0,False,,0,
2025-09-21T13:06:24.215369,172,,cell phone,0.5767053961753845,166,217,454,328,0,0,False,,0,
2025-09-21T13:06:24.381244,173,,person,0.7173140645027161,1,0,623,479,0,0,False,,0,
2025-09-21T13:06:24.381244,173,,remote,0.5625662207603455,163,216,452,326,0,0,False,,0,
2025-09-21T13:06:24.515189,174,,person,0.772215723991394,1,0,626,479,0,0,False,,0,
2025-09-21T13:06:24.515189,174,,cell phone,0.5097013711929321,164,218,458,328,0,0,False,,0,
2025-09-21T13:06:24.654037,175,,person,0.7099491953849792,0,0,624,479,0,0,False,,0,
2025-09-21T13:06:24.654037,175,,cell phone,0.6195325255393982,165,216,457,326,0,0,False,,0,
2025-09-21T13:06:24.830062,176,,person,0.7392513751983643,0,26,632,480,0,0,False,,0,
2025-09-21T13:06:24.830062,176,,cell phone,0.6517035365104675,163,215,457,327,0,0,False,,0,
2025-09-21T13:06:24.958420,177,,cell phone,0.7754877805709839,164,214,457,327,0,0,False,,0,
2025-09-21T13:06:24.958420,177,,person,0.6955064535140991,0,19,632,480,0,0,False,,0,
2025-09-21T13:06:25.098154,178,,person,0.6952640414237976,1,148,607,479,0,0,False,,0,
2025-09-21T13:06:25.098154,178,,cell phone,0.6784182190895081,169,215,457,328,0,0,False,,0,
2025-09-21T13:06:25.246619,179,,person,0.6895290613174438,1,137,603,478,0,0,False,,0,
2025-09-21T13:06:25.246619,179,,cell phone,0.574170708656311,165,213,457,329,0,0,False,,0,
2025-09-21T13:06:25.418851,180,,cell phone,0.6873568296432495,172,212,454,330,0,0,False,,0,
2025-09-21T13:06:25.418851,180,,person,0.6619778275489807,0,48,611,479,0,0,False,,0,
2025-09-21T13:06:25.560197,181,,person,0.7496536374092102,0,24,619,480,0,0,False,,0,
2025-09-21T13:06:25.560197,181,,cell phone,0.7320127487182617,172,212,455,331,0,0,False,,0,
2025-09-21T13:06:25.730379,182,,person,0.6768895983695984,0,38,610,479,0,0,False,,0,
2025-09-21T13:06:25.730379,182,,cell phone,0.6574430465698242,168,211,455,332,0,0,False,,0,
2025-09-21T13:06:25.871408,183,,person,0.682166337966919,0,38,604,480,0,0,False,,0,
2025-09-21T13:06:25.871408,183,,cell phone,0.6813147068023682,162,208,458,333,0,0,False,,0,
2025-09-21T13:06:26.018586,184,,cell phone,0.6924190521240234,165,209,455,333,0,0,False,,0,
2025-09-21T13:06:26.018586,184,,person,0.6622636914253235,1,136,582,477,0,0,False,,0,
2025-09-21T13:06:26.167963,185,,person,0.6663239598274231,1,142,578,479,0,0,False,,0,
2025-09-21T13:06:26.167963,185,,remote,0.5294268727302551,171,209,457,332,0,0,False,,0,
2025-09-21T13:06:26.167963,185,,cell phone,0.5093119144439697,167,208,458,333,0,0,False,,0,
2025-09-21T13:06:26.320290,186,,person,0.6277729868888855,1,4,618,480,0,0,False,,0,
2025-09-21T13:06:26.320290,186,,cell phone,0.6169366240501404,157,209,457,332,0,0,False,,0,
2025-09-21T13:06:26.476943,187,,cell phone,0.741014838218689,174,208,455,327,0,0,False,,0,
2025-09-21T13:06:26.476943,187,,person,0.5938915610313416,1,0,618,479,0,0,False,,0,
2025-09-21T13:06:26.476943,187,,person,0.5063604116439819,394,189,639,443,0,0,False,,0,
2025-09-21T13:06:26.637268,188,,cell phone,0.7391930222511292,175,208,456,327,0,0,False,,0,
2025-09-21T13:06:26.637268,188,,person,0.6043490767478943,1,135,599,479,0,0,False,,0,
2025-09-21T13:06:26.771774,189,,cell phone,0.7981381416320801,175,206,456,327,0,0,False,,0,
2025-09-21T13:06:26.771774,189,,person,0.6651882529258728,0,24,627,479,0,0,False,,0,
2025-09-21T13:06:26.938088,190,,cell phone,0.7270938158035278,167,205,459,328,0,0,False,,0,
2025-09-21T13:06:26.938088,190,,person,0.668271005153656,1,57,623,479,0,0,False,,0,
2025-09-21T13:06:27.074805,191,,cell phone,0.7829511165618896,177,204,456,327,0,0,False,,0,
2025-09-21T13:06:27.074805,191,,person,0.6390978693962097,0,0,630,479,0,0,False,,0,
2025-09-21T13:06:27.074805,191,,remote,0.5047616362571716,175,205,458,328,0,0,False,,0,
2025-09-21T13:06:27.247440,192,,cell phone,0.6683609485626221,171,204,456,326,0,0,False,,0,
2025-09-21T13:06:27.247440,192,,remote,0.5808548927307129,170,204,457,327,0,0,False,,0,
2025-09-21T13:06:27.247440,192,,person,0.5249630212783813,0,1,623,479,0,0,False,,0,
2025-09-21T13:06:27.247440,192,,person,0.5243967175483704,397,186,639,441,0,0,False,,0,
2025-09-21T13:06:27.440274,193,,person,0.6467422842979431,1,133,602,479,0,0,False,,0,
2025-09-21T13:06:27.440274,193,,cell phone,0.6412287950515747,170,206,452,322,0,0,False,,0,
2025-09-21T13:06:27.440274,193,,person,0.5792884826660156,394,181,639,437,0,0,False,,0,
2025-09-21T13:06:27.605872,194,,person,0.6326315999031067,1,20,619,479,0,0,False,,0,
2025-09-21T13:06:27.605872,194,,cell phone,0.5984252095222473,163,206,455,321,0,0,False,,0,
2025-09-21T13:06:27.605872,194,,remote,0.5082811117172241,163,207,454,322,0,0,False,,0,
2025-09-21T13:06:27.780767,195,,person,0.6193766593933105,1,22,600,478,0,0,False,,0,
2025-09-21T13:06:27.780767,195,,person,0.6014764308929443,393,181,639,436,0,0,False,,0,
2025-09-21T13:06:27.920369,196,,cell phone,0.6151694059371948,160,211,452,326,0,0,False,,0,
2025-09-21T13:06:27.920369,196,,person,0.5930460691452026,0,73,608,480,0,0,False,,0,
2025-09-21T13:06:28.071946,197,,person,0.6172308921813965,0,88,621,479,0,0,False,,0,
2025-09-21T13:06:28.071946,197,,cell phone,0.5074008703231812,162,212,452,326,0,0,False,,0,
2025-09-21T13:06:28.246379,198,,remote,0.606762170791626,166,216,455,327,0,0,False,,0,
2025-09-21T13:06:28.246379,198,,person,0.5678499937057495,0,71,614,479,0,0,False,,0,
2025-09-21T13:06:28.423510,199,,person,0.7065402269363403,0,46,617,479,0,0,False,,0,
2025-09-21T13:06:28.567719,200,,person,0.7473204731941223,1,114,615,479,0,0,False,,0,
2025-09-21T13:06:28.695437,201,,person,0.7356918454170227,1,59,620,479,0,0,False,,0,
2025-09-21T13:06:28.695437,201,,cell phone,0.5762099027633667,179,208,460,330,0,0,False,,0,
2025-09-21T13:06:28.861887,202,,person,0.7222516536712646,1,57,624,480,0,0,False,,0,
2025-09-21T13:06:28.861887,202,,cell phone,0.6532893776893616,162,208,459,330,0,0,False,,0,
2025-09-21T13:06:28.861887,202,,person,0.5474910736083984,397,190,639,437,0,0,False,,0,
2025-09-21T13:06:29.040409,203,,cell phone,0.7321480512619019,161,208,458,328,0,0,False,,0,
2025-09-21T13:06:29.040409,203,,person,0.6568843722343445,1,100,613,479,0,0,False,,0,
2025-09-21T13:06:29.176192,204,,person,0.5865015387535095,1,64,624,479,0,0,False,,0,
2025-09-21T13:06:29.176192,204,,cell phone,0.5305045247077942,171,207,458,327,0,0,False,,0,
2025-09-21T13:06:29.334283,205,,remote,0.6712123155593872,160,205,458,329,0,0,False,,0,
2025-09-21T13:06:29.334283,205,,cell phone,0.5134263038635254,163,204,459,329,0,0,False,,0,
2025-09-21T13:06:29.334283,205,,person,0.5085934996604919,0,0,623,479,0,0,False,,0,
2025-09-21T13:06:29.501818,206,,person,0.6691272854804993,397,187,639,438,0,0,False,,0,
2025-09-21T13:06:29.501818,206,,person,0.5568237900733948,0,31,618,479,0,0,False,,0,
2025-09-21T13:06:29.501818,206,,cell phone,0.5555066466331482,159,201,460,328,0,0,False,,0,
2025-09-21T13:06:29.688327,207,,cell phone,0.6467270851135254,181,203,458,326,0,0,False,,0,
2025-09-21T13:06:29.688327,207,,person,0.5657515525817871,1,1,621,479,0,0,False,,0,
2025-09-21T13:06:29.688327,207,,person,0.5436830520629883,394,185,639,435,0,0,False,,0,
2025-09-21T13:06:29.851056,208,,person,0.5959199070930481,394,178,639,428,0,0,False,,0,
2025-09-21T13:06:29.851056,208,,person,0.5849754810333252,0,2,580,479,0,0,False,,0,
2025-09-21T13:06:29.851056,208,,cell phone,0.5251439213752747,160,197,454,321,0,0,False,,0,
2025-09-21T13:06:30.014458,209,,person,0.7111420035362244,0,181,609,479,0,0,False,,0,
2025-09-21T13:06:30.014458,209,,cell phone,0.5255885720252991,160,196,441,303,0,0,False,,0,
2025-09-21T13:06:30.173828,210,,person,0.677653431892395,1,14,620,479,0,0,False,,0,
2025-09-21T13:06:30.173828,210,,cell phone,0.6484975814819336,158,190,452,313,0,0,False,,0,
2025-09-21T13:06:30.335363,211,,person,0.6371131539344788,16,62,639,476,0,0,False,,0,
2025-09-21T13:06:30.487951,212,,cell phone,0.6182089447975159,129,170,361,345,0,0,False,,0,
2025-09-21T13:06:30.487951,212,,person,0.5179303884506226,11,60,639,478,0,0,False,,0,
2025-09-21T13:06:30.653465,213,,cell phone,0.7748697996139526,118,184,346,325,0,0,False,,0,
2025-09-21T13:06:30.653465,213,,person,0.5528031587600708,3,169,548,479,0,0,False,,0,
2025-09-21T13:06:30.828595,214,,person,0.6660251617431641,1,98,638,478,0,0,False,,0,
2025-09-21T13:06:30.966440,215,,person,0.7198101878166199,2,98,638,478,0,0,False,,0,
2025-09-21T13:06:31.105117,216,,person,0.771213710308075,0,39,638,480,0,0,False,,0,
2025-09-21T13:06:31.230424,217,,person,0.7858766913414001,2,39,638,478,0,0,False,,0,
2025-09-21T13:06:31.369229,218,,person,0.5297383069992065,1,9,637,479,0,0,False,,0,
2025-09-21T13:06:31.501419,219,,person,0.6505820155143738,3,5,639,479,0,0,False,,0,
2025-09-21T13:06:31.645906,220,,person,0.6182643175125122,0,4,639,479,0,0,False,,0,
2025-09-21T13:06:32.548080,221,,person,0.7948358058929443,2,1,637,479,0,0,False,,0,
2025-09-21T13:06:33.454327,222,,person,0.7317253351211548,66,2,639,478,0,0,False,,0,
2025-09-21T13:06:33.595377,223,,person,0.7530931830406189,45,198,525,479,0,0,False,,0,
2025-09-21T13:06:34.507677,224,,person,0.6940412521362305,10,199,533,479,0,0,False,,0,
2025-09-21T13:06:35.347713,225,,person,0.6091719269752502,68,151,603,479,0,0,False,,0,
2025-09-21T13:06:36.214795,226,,person,0.518023669719696,3,0,639,477,0,0,False,,0,
2025-09-21T13:06:36.548143,229,,person,0.63101726770401,144,173,640,479,0,0,False,,0,
2025-09-21T13:06:36.699109,230,,person,0.7351548671722412,98,171,637,479,0,0,False,,0,
2025-09-21T13:06:36.830701,231,,person,0.8003191947937012,0,174,398,479,0,0,False,,0,
2025-09-21T13:06:36.967653,232,,person,0.831673800945282,11,179,535,479,0,0,False,,0,
2025-09-21T13:06:37.095053,233,,person,0.7766662836074829,1,182,536,479,0,0,False,,0,
2025-09-21T13:06:37.229684,234,,person,0.8343639969825745,1,180,560,479,0,0,False,,0,
2025-09-21T13:06:38.114503,235,,person,0.6732708215713501,1,187,545,479,0,0,False,,0,
2025-09-21T13:06:38.250960,236,,person,0.6865121722221375,9,197,573,479,0,0,False,,0,
2025-09-21T13:06:38.398003,237,,person,0.7553685307502747,31,196,538,479,0,0,False,,0,
2025-09-21T13:06:38.547732,238,,person,0.7631805539131165,99,191,537,479,0,0,False,,0,
2025-09-21T13:06:38.702299,239,,person,0.6249234676361084,92,186,583,479,0,0,False,,0,
2025-09-21T13:06:38.847727,240,,person,0.7499668598175049,64,182,536,479,0,0,False,,0,
2025-09-21T13:06:38.994745,241,,person,0.7106589674949646,57,184,539,479,0,0,False,,0,
2025-09-21T13:06:39.137978,242,,person,0.7382649779319763,71,180,537,479,0,0,False,,0,
2025-09-21T13:06:39.278287,243,,person,0.7563315033912659,75,180,537,479,0,0,False,,0,
2025-09-21T13:06:39.435157,244,,person,0.7329347133636475,76,184,534,479,0,0,False,,0,
2025-09-21T13:06:39.580379,245,,person,0.7327204346656799,37,184,536,479,0,0,False,,0,
2025-09-21T13:06:39.717528,246,,person,0.7186932563781738,75,184,535,479,0,0,False,,0,
2025-09-21T13:06:39.887139,247,,person,0.723229169845581,75,184,534,479,0,0,False,,0,
2025-09-21T13:06:40.047182,248,,person,0.737449049949646,72,181,537,479,0,0,False,,0,
2025-09-21T13:06:40.195451,249,,person,0.7498869895935059,68,181,536,479,0,0,False,,0,
2025-09-21T13:06:40.341126,250,,person,0.7852690815925598,67,179,536,479,0,0,False,,0,
2025-09-21T13:06:40.489084,251,,person,0.7825159430503845,62,178,538,479,0,0,False,,0,
2025-09-21T13:06:40.776136,252,,person,0.8090686202049255,58,177,539,479,0,0,False,,0,
2025-09-21T13:06:40.968017,253,,person,0.7694118618965149,61,179,539,479,0,0,False,,0,
2025-09-21T13:06:41.108930,254,,person,0.769269585609436,61,179,542,479,0,0,False,,0,
2025-09-21T13:06:41.265932,255,,person,0.713103711605072,73,185,535,479,0,0,False,,0,
2025-09-21T13:06:41.414436,256,,person,0.731329083442688,76,190,541,479,0,0,False,,0,
2025-09-21T13:06:41.563550,257,,person,0.6504399180412292,87,187,536,479,0,0,False,,0,
2025-09-21T13:06:41.715021,258,,person,0.7557740211486816,93,184,540,479,0,0,False,,0,
2025-09-21T13:06:41.854159,259,,person,0.7559653520584106,69,183,538,479,0,0,False,,0,
2025-09-21T13:06:42.002615,260,,person,0.7464289665222168,64,182,536,479,0,0,False,,0,
2025-09-21T13:06:42.270721,261,,person,0.6833550333976746,67,183,543,479,0,0,False,,0,
2025-09-21T13:06:42.478538,262,,person,0.7079188227653503,65,184,540,479,0,0,False,,0,
2025-09-21T13:06:42.626932,263,,person,0.7168117165565491,39,182,538,479,0,0,False,,0,
2025-09-21T13:06:42.764410,264,,person,0.7587029933929443,41,182,542,479,0,0,False,,0,
2025-09-21T13:06:42.925941,265,,person,0.7064999341964722,65,181,542,479,0,0,False,,0,
2025-09-21T13:06:43.072558,266,,person,0.7368524074554443,59,181,540,479,0,0,False,,0,
2025-09-21T13:06:43.206920,267,,person,0.7709130048751831,65,180,544,479,0,0,False,,0,
2025-09-21T13:06:43.360785,268,,person,0.7772402763366699,63,181,542,479,0,0,False,,0,
2025-09-21T13:06:43.516449,269,,person,0.7973617911338806,54,180,543,479,0,0,False,,0,
2025-09-21T13:06:43.704408,270,,person,0.78558349609375,61,180,543,479,0,0,False,,0,
2025-09-21T13:06:43.878747,271,,person,0.7306986451148987,43,179,542,479,0,0,False,,0,
2025-09-21T13:06:44.048237,272,,person,0.7611103057861328,52,180,540,479,0,0,False,,0,
2025-09-21T13:06:44.215151,273,,person,0.7774893045425415,42,180,542,479,0,0,False,,0,
2025-09-21T13:06:44.382363,274,,person,0.7717077732086182,27,180,541,479,0,0,False,,0,
2025-09-21T13:06:44.542283,275,,person,0.7587769031524658,45,180,542,479,0,0,False,,0,
2025-09-21T13:06:44.693849,276,,person,0.7744342088699341,51,180,541,479,0,0,False,,0,
2025-09-21T13:06:44.845142,277,,person,0.7963337302207947,47,180,541,479,0,0,False,,0,
2025-09-21T13:06:45.019838,278,,person,0.7578781843185425,57,180,542,479,0,0,False,,0,
2025-09-21T13:06:45.157978,279,,person,0.7466214299201965,58,181,541,479,0,0,False,,0,
2025-09-24T00:40:11.925405,23,,person,0.6622099280357361,4,120,635,479,0,0,False,,0,
2025-09-24T00:40:11.925405,23,,cell phone,0.6536651849746704,562,188,639,396,0,0,False,,0,
2025-09-24T00:40:13.384870,24,,cell phone,0.8682457804679871,560,210,639,398,0,0,False,,0,
2025-09-24T00:40:13.384870,24,,person,0.7394014596939087,3,169,636,479,0,0,False,,0,
2025-09-24T00:40:14.824732,25,,cell phone,0.7442421913146973,558,216,639,422,0,0,False,,0,
2025-09-24T00:40:14.824732,25,,person,0.7133375406265259,3,134,637,479,0,0,False,,0,
2025-09-24T00:40:16.233566,26,,person,0.7521117925643921,7,127,636,477,0,0,False,,0,
2025-09-24T00:40:16.233566,26,,cell phone,0.6762009859085083,556,220,639,428,0,0,False,,0,
2025-09-24T00:40:17.658579,27,,person,0.7549023628234863,3,127,625,479,0,0,False,,0,
2025-09-24T00:40:17.658579,27,,cell phone,0.544613242149353,557,220,639,407,0,0,False,,0,
2025-09-24T00:40:19.057782,28,,cell phone,0.8764054775238037,557,230,639,416,0,0,False,,0,
2025-09-24T00:40:19.057782,28,,person,0.7669597268104553,0,135,619,479,0,0,False,,0,
2025-09-24T00:40:20.512581,29,,person,0.7390822172164917,6,128,627,479,0,0,False,,0,
2025-09-24T00:40:20.512581,29,,cell phone,0.5792850255966187,559,214,639,409,0,0,False,,0,
2025-09-24T00:40:21.912838,30,,person,0.7645974159240723,2,135,628,479,0,0,False,,0,
2025-09-24T00:40:21.912838,30,,cell phone,0.6142866015434265,558,210,639,412,0,0,False,,0,
2025-09-24T00:40:23.302063,31,,cell phone,0.8292323350906372,558,218,639,410,0,0,False,,0,
2025-09-24T00:40:23.302063,31,,person,0.7225743532180786,3,131,628,479,0,0,False,,0,
2025-09-24T00:40:24.729432,32,,person,0.722521185874939,5,130,626,479,0,0,False,,0,
2025-09-24T00:40:24.729432,32,,cell phone,0.6128118634223938,559,217,639,409,0,0,False,,0,
2025-09-24T00:40:26.209308,33,,person,0.811375617980957,1,136,638,479,0,0,False,,0,
2025-09-24T00:40:27.561978,34,,person,0.8294568061828613,6,127,639,479,0,0,False,,0,
2025-09-24T00:40:28.964769,35,,person,0.8055835962295532,1,134,639,479,0,0,False,,0,
2025-09-24T00:40:30.325076,36,,person,0.8236449360847473,2,125,639,479,0,0,False,,0,
2025-09-24T00:40:31.697493,37,,person,0.8318450450897217,2,127,637,479,0,0,False,,0,
2025-09-24T00:40:31.697493,37,,person,0.5083245635032654,553,82,639,470,0,0,False,,0,
2025-09-24T00:40:33.089627,38,,person,0.8183251619338989,3,139,635,479,0,0,False,,0,
2025-09-24T00:40:34.445606,39,,person,0.8409513831138611,3,125,638,479,0,0,False,,0,
2025-09-24T00:40:34.445606,39,,cell phone,0.5052061676979065,558,218,639,475,0,0,False,,0,
2025-09-24T00:40:35.433229,40,,person,0.8049489259719849,2,143,627,479,0,0,False,,0,
2025-09-24T00:40:35.433229,40,,cell phone,0.7864437699317932,563,225,639,415,0,0,False,,0,
2025-09-24T00:40:36.342132,41,,person,0.8492558598518372,0,139,625,479,0,0,False,,0,
2025-09-24T00:40:37.700146,42,,person,0.8286411762237549,7,134,602,479,0,0,False,,0,
2025-09-24T00:40:39.207903,43,,person,0.788904070854187,44,150,604,479,0,0,False,,0,
2025-09-24T00:40:39.207903,43,,cell phone,0.5671244859695435,563,230,639,419,0,0,False,,0,
2025-09-24T00:40:41.656590,44,,person,0.8425464630126953,17,131,628,479,0,0,False,,0,
2025-09-24T00:40:41.656590,44,,cell phone,0.6417753100395203,564,217,639,407,0,0,False,,0,
2025-09-24T00:40:43.368688,45,,person,0.7986364364624023,6,135,633,479,0,0,False,,0,
2025-09-24T00:40:44.781983,46,,person,0.8065676689147949,9,134,635,479,0,0,False,,0,
2025-09-24T00:40:46.160662,47,,person,0.8165929913520813,9,135,630,479,0,0,False,,0,
2025-09-24T00:40:46.160662,47,,cell phone,0.6246134638786316,563,224,639,412,0,0,False,,0,
2025-09-24T00:40:47.710511,48,,person,0.8099101781845093,16,132,635,479,0,0,False,,0,
2025-09-24T00:40:49.076604,49,,person,0.6931776404380798,22,149,635,479,0,0,False,,0,
2025-09-24T00:40:50.453621,50,,person,0.8047529458999634,2,1,639,463,0,0,False,,0,
2025-09-24T00:40:50.453621,50,,cell phone,0.5763124227523804,558,228,639,426,0,0,False,,0,
2025-09-24T00:40:51.846003,51,,person,0.8270699977874756,0,20,634,479,0,0,False,,0,
2025-09-24T00:40:53.214406,52,,person,0.7761759161949158,14,93,624,480,0,0,False,,0,
2025-09-24T00:40:53.214406,52,,cell phone,0.7039792537689209,559,234,639,415,0,0,False,,0,
2025-09-24T00:40:54.643943,53,,person,0.6203874349594116,32,147,626,479,0,0,False,,0,
2025-09-24T00:40:56.056345,54,,laptop,0.6054629683494568,369,118,628,242,0,0,False,,0,
2025-09-24T00:40:56.056345,54,,person,0.5683932900428772,21,61,625,480,0,0,False,,0,
2025-09-24T00:40:57.463256,55,,person,0.7462711334228516,42,125,627,480,0,0,False,,0,
2025-09-24T00:40:58.857854,56,,cell phone,0.6685226559638977,558,232,639,422,0,0,False,,0,
2025-09-24T00:40:58.857854,56,,person,0.6165850758552551,1,40,633,479,0,0,False,,0,
2025-09-24T00:41:00.290697,57,,cell phone,0.7747935652732849,558,230,639,417,0,0,False,,0,
2025-09-24T00:41:00.290697,57,,person,0.7291114926338196,1,13,632,479,0,0,False,,0,
2025-09-24T00:41:01.701067,58,,person,0.8390890955924988,55,147,627,480,0,0,False,,0,
2025-09-24T00:41:03.138829,59,,person,0.809406042098999,40,149,624,479,0,0,False,,0,
2025-09-24T00:41:04.543234,60,,person,0.7843300700187683,37,133,639,479,0,0,False,,0,
2025-09-24T00:41:05.933568,61,,person,0.7587141990661621,45,158,622,479,0,0,False,,0,
2025-09-24T00:41:07.304677,62,,person,0.7529740929603577,43,136,639,479,0,0,False,,0,
2025-09-24T00:41:08.718356,63,,person,0.7781211137771606,39,133,639,479,0,0,False,,0,
2025-09-24T00:41:10.155119,64,,person,0.7803090810775757,32,155,624,479,0,0,False,,0,
2025-09-24T00:41:10.155119,64,,cell phone,0.5718010067939758,556,233,639,417,0,0,False,,0,
2025-09-24T00:41:11.585189,65,,person,0.7173923850059509,24,137,622,479,0,0,False,,0,
2025-09-24T00:41:13.006306,66,,person,0.7211413979530334,72,158,625,479,0,0,False,,0,
2025-09-24T00:41:13.006306,66,,cell phone,0.6716786026954651,557,228,639,429,0,0,False,,0,
2025-09-24T00:41:14.081912,67,,person,0.8065305948257446,54,145,624,479,0,0,False,,0,
2025-09-24T00:41:14.081912,67,,cell phone,0.6306197047233582,560,226,639,416,0,0,False,,0,
2025-09-24T00:41:14.993084,68,,person,0.7250690460205078,11,148,623,480,0,0,False,,0,
2025-09-24T00:41:16.232023,69,,person,0.7990881204605103,41,150,620,479,0,0,False,,0,
2025-09-24T00:41:17.718362,70,,person,0.814063310623169,15,141,628,479,0,0,False,,0,
2025-09-24T00:41:17.718362,70,,cell phone,0.6115262508392334,561,220,639,413,0,0,False,,0,
2025-09-24T00:41:19.172623,71,,person,0.8211786150932312,47,145,623,479,0,0,False,,0,
2025-09-24T00:41:20.830704,72,,person,0.7976925373077393,18,147,622,479,0,0,False,,0,
2025-09-24T00:41:20.830704,72,,cell phone,0.7433748245239258,560,223,639,416,0,0,False,,0,
2025-09-24T00:41:22.287503,73,,person,0.7809305191040039,20,146,624,480,0,0,False,,0,
2025-09-24T00:41:22.287503,73,,cell phone,0.5082113146781921,559,226,639,413,0,0,False,,0,
2025-09-24T00:41:23.758677,74,,person,0.7548882961273193,24,141,626,480,0,0,False,,0,
2025-09-24T00:41:25.166424,75,,person,0.8003309965133667,0,42,630,479,0,0,False,,0,
2025-09-24T00:41:26.508471,76,,person,0.5848402976989746,3,157,556,479,0,0,False,,0,
2025-09-24T00:41:27.860044,77,,person,0.6785791516304016,47,1,629,479,0,0,False,,0,
2025-09-24T00:41:27.860044,77,,bottle,0.5660011768341064,455,90,534,317,0,0,False,,0,
2025-09-24T00:41:29.373944,78,,person,0.8597579002380371,48,99,630,479,0,0,False,,0,
2025-09-24T00:41:30.697589,79,,person,0.797402560710907,54,96,626,479,0,0,False,,0,
2025-09-24T00:41:32.063861,80,,person,0.7943957448005676,56,94,626,479,0,0,False,,0,
2025-09-24T00:41:33.421125,81,,person,0.8517429232597351,59,97,628,479,0,0,False,,0,
2025-09-24T00:41:34.761532,82,,person,0.8008683323860168,63,95,631,479,0,0,False,,0,
2025-09-24T00:41:36.080123,83,,person,0.6815060973167419,63,92,617,479,0,0,False,,0,
2025-09-24T00:41:37.396284,84,,person,0.813932478427887,63,39,639,479,0,0,False,,0,
2025-09-24T00:41:38.835458,85,,person,0.7927029728889465,54,62,637,479,0,0,False,,0,
2025-09-24T00:41:40.212220,86,,person,0.8390096426010132,55,69,637,479,0,0,False,,0,
2025-09-24T00:41:41.654990,87,,person,0.8154708743095398,61,38,635,479,0,0,False,,0,
2025-09-24T00:41:43.061646,88,,person,0.7376469373703003,59,99,631,479,0,0,False,,0,
2025-09-24T00:41:44.554880,89,,person,0.815430223941803,51,90,636,479,0,0,False,,0,
2025-09-24T00:41:45.978004,90,,person,0.7421391606330872,51,95,636,479,0,0,False,,0,
2025-09-24T00:41:47.320959,91,,person,0.762347400188446,62,79,631,479,0,0,False,,0,
2025-09-24T00:41:48.714312,92,,person,0.7372902631759644,63,93,629,479,0,0,False,,0,
2025-09-24T00:41:50.084885,93,,person,0.7335631847381592,61,85,630,479,0,0,False,,0,
2025-09-24T00:41:51.411053,94,,person,0.6073113083839417,59,81,628,479,0,0,False,,0,
2025-09-24T00:41:52.787905,95,,person,0.6632084846496582,60,94,629,479,0,0,False,,0,
2025-09-24T00:41:54.167040,96,,person,0.6978173851966858,62,26,631,479,0,0,False,,0,
2025-09-24T00:41:55.567096,97,,person,0.7260053753852844,63,108,630,479,0,0,False,,0,
2025-09-24T00:41:56.963570,98,,person,0.6940888166427612,62,83,628,479,0,0,False,,0,
2025-09-24T00:41:58.320381,99,,person,0.7825616002082825,55,109,640,479,0,0,False,,0,
2025-09-24T00:41:59.721011,100,,person,0.799151599407196,29,108,638,479,0,0,False,,0,
2025-09-24T00:42:01.140330,101,,person,0.8098788261413574,27,100,638,478,0,0,False,,0,
2025-09-24T00:42:02.493799,102,,person,0.6781094670295715,61,96,637,479,0,0,False,,0,
2025-09-24T00:42:03.893041,103,,person,0.8303571343421936,24,102,638,478,0,0,False,,0,
2025-09-24T00:42:05.302835,104,,person,0.8493086695671082,69,105,628,479,0,0,False,,0,
2025-09-24T00:42:06.673827,105,,person,0.5344575643539429,0,104,635,479,0,0,False,,0,
2025-09-24T00:42:08.030252,106,,person,0.6395425200462341,1,64,631,479,0,0,False,,0,
2025-09-24T00:42:12.021560,109,,person,0.648765504360199,2,82,626,479,0,0,False,,0,
2025-09-24T00:42:13.373517,110,,person,0.6501111388206482,1,91,628,479,0,0,False,,0,
2025-09-24T00:42:14.752922,111,,person,0.769546389579773,0,109,634,479,0,0,False,,0,
2025-09-24T00:42:16.195801,112,,person,0.7765539884567261,0,108,635,479,0,0,False,,0,
2025-09-24T00:42:17.505127,113,,person,0.5897799134254456,0,104,631,479,0,0,False,,0,
2025-09-24T00:42:18.839634,114,,person,0.6693914532661438,2,93,627,479,0,0,False,,0,
2025-09-24T00:42:20.236844,115,,person,0.6441800594329834,4,108,636,479,0,0,False,,0,
2025-09-24T00:42:21.588363,116,,person,0.5255722403526306,2,99,628,479,0,0,False,,0,
2025-09-24T00:42:22.953146,117,,person,0.6364113688468933,0,113,631,479,0,0,False,,0,
2025-09-24T00:42:24.276686,118,,person,0.7115910649299622,1,91,628,479,0,0,False,,0,
2025-09-24T00:42:25.620983,119,,person,0.6479969024658203,1,99,628,479,0,0,False,,0,
2025-09-24T00:42:26.981592,120,,person,0.5734595656394958,2,86,632,479,0,0,False,,0,
2025-09-24T00:42:28.322365,121,,person,0.6994798183441162,1,84,630,479,0,0,False,,0,
2025-09-24T00:42:29.621822,122,,person,0.6381624341011047,0,51,620,479,0,0,False,,0,
2025-09-24T00:42:31.006861,123,,person,0.6238404512405396,1,68,627,479,0,0,False,,0,
2025-09-24T00:42:32.356789,124,,person,0.6352808475494385,1,86,629,479,0,0,False,,0,
2025-09-24T00:42:33.676318,125,,person,0.7271959781646729,1,46,622,479,0,0,False,,0,
2025-09-24T00:42:35.044263,126,,person,0.6364567279815674,0,59,627,479,0,0,False,,0,
2025-09-24T00:42:36.368176,127,,person,0.5598719716072083,1,85,629,479,0,0,False,,0,
2025-09-24T00:42:37.720466,128,,person,0.6716882586479187,1,74,628,479,0,0,False,,0,
2025-09-24T00:42:39.043538,129,,person,0.6658903956413269,1,82,626,479,0,0,False,,0,
2025-09-24T00:42:40.430065,130,,person,0.7011383175849915,5,106,638,479,0,0,False,,0,
2025-09-24T00:42:41.754668,131,,person,0.6009783744812012,0,9,638,479,0,0,False,,0,
2025-09-24T00:42:44.446779,133,,person,0.7775565981864929,0,44,624,479,0,0,False,,0,
2025-09-24T00:42:45.790142,134,,person,0.6569173336029053,14,19,631,479,0,0,False,,0,
2025-09-24T00:42:47.128704,135,,person,0.6512748003005981,0,92,633,479,0,0,False,,0,
2025-09-24T00:42:48.509388,136,,person,0.6767235994338989,0,96,630,479,0,0,False,,0,
2025-09-24T00:42:49.838029,137,,person,0.601952314376831,1,96,622,479,0,0,False,,0,
2025-09-24T00:42:52.598370,139,,person,0.6133374571800232,47,98,627,479,0,0,False,,0,
2025-09-24T00:42:54.082304,140,,person,0.7212735414505005,4,48,634,480,0,0,False,,0,
2025-09-24T00:42:55.525512,141,,person,0.8476380705833435,5,10,625,479,0,0,False,,0,
2025-09-24T00:42:57.035221,142,,person,0.8185325264930725,7,2,624,479,0,0,False,,0,
2025-09-24T00:42:58.636468,143,,person,0.8482593297958374,10,7,625,479,0,0,False,,0,
2025-09-24T00:43:00.067270,144,,person,0.7517998814582825,9,7,622,479,0,0,False,,0,
2025-09-24T00:49:47.989724,1,,person,0.700054407119751,97,107,636,479,0,0,False,,0,
2025-09-26T00:19:22.420286,7,,person,0.890481173992157,160,192,638,479,0,0,False,,0,
2025-09-26T00:19:22.595650,8,,person,0.8644629120826721,160,196,636,479,0,0,False,,0,
2025-09-26T00:19:22.752326,9,,person,0.86506187915802,161,198,633,479,0,0,False,,0,
2025-09-26T00:19:22.917104,10,,person,0.8680048584938049,161,199,636,479,0,0,False,,0,
2025-09-26T00:19:23.064853,11,,person,0.8713591694831848,161,198,636,479,0,0,False,,0,
2025-09-26T00:19:23.217545,12,,person,0.8823195099830627,161,197,637,479,0,0,False,,0,
2025-09-26T00:19:23.363130,13,,person,0.8797774910926819,161,197,637,479,0,0,False,,0,
2025-09-26T00:19:23.518545,14,,person,0.8884294629096985,160,196,638,479,0,0,False,,0,
2025-09-26T00:19:23.656366,15,,person,0.8838810920715332,160,194,638,479,0,0,False,,0,
2025-09-26T00:19:23.804933,16,,person,0.877447247505188,160,194,638,479,0,0,False,,0,
2025-09-26T00:19:24.458943,17,,person,0.8906978368759155,160,193,639,479,0,0,False,,0,
2025-09-26T00:19:24.649260,18,,person,0.8921284675598145,160,192,638,479,0,0,False,,0,
2025-09-26T00:19:24.796771,19,,person,0.8908448219299316,160,192,639,479,0,0,False,,0,
2025-09-26T00:19:24.921558,20,,person,0.8949066400527954,161,191,638,479,0,0,False,,0,
2025-09-26T00:19:25.067650,21,,person,0.8914229273796082,160,192,638,479,0,0,False,,0,
2025-09-26T00:19:25.217441,22,,person,0.8739838600158691,161,191,638,479,0,0,False,,0,
2025-09-26T00:19:25.379745,23,,person,0.8685775995254517,161,192,638,479,0,0,False,,0,
2025-09-26T00:19:25.542566,24,,person,0.8885936141014099,160,192,639,479,0,0,False,,0,
2025-09-26T00:19:25.672049,25,,person,0.884799599647522,161,192,639,479,0,0,False,,0,
2025-09-26T00:19:25.836394,26,,person,0.8860836625099182,160,193,639,479,0,0,False,,0,
2025-09-26T00:19:26.514692,27,,person,0.891913890838623,161,194,638,479,0,0,False,,0,
2025-09-26T00:19:27.259546,28,,person,0.881881833076477,163,198,635,479,0,0,False,,0,
2025-09-26T00:19:27.980527,29,,person,0.8910058736801147,160,194,638,479,0,0,False,,0,
2025-09-26T00:19:29.177563,30,,person,0.8464412093162537,161,193,639,479,0,0,False,,0,
2025-09-26T00:19:29.565985,31,,person,0.8790662288665771,159,193,638,479,0,0,False,,0,
2025-09-26T00:19:30.379462,32,,person,0.8865339756011963,160,194,638,479,0,0,False,,0,
2025-09-26T00:19:31.795272,33,,person,0.885846734046936,161,198,637,479,0,0,False,,0,
2025-09-26T00:19:32.351717,34,,person,0.8436955809593201,160,196,624,479,0,0,False,,0,
2025-09-26T00:19:32.759876,35,,person,0.8775502443313599,161,197,636,479,0,0,False,,0,
2025-09-26T00:19:34.202545,36,,person,0.8636869788169861,162,199,633,479,0,0,False,,0,
2025-09-26T00:19:34.594248,37,,person,0.8782311081886292,161,198,613,479,0,0,False,,0,
2025-09-26T00:30:14.979539,1,,person,0.7985446453094482,180,201,639,479,0,0,False,,0,
2025-09-26T00:30:16.172920,2,,person,0.5739565491676331,179,206,622,479,0,0,False,,0,
2025-09-26T00:30:17.244724,3,,person,0.7779854536056519,174,203,636,479,0,0,False,,0,
2025-09-26T00:30:18.127997,4,,person,0.7303757667541504,172,227,633,479,0,0,False,,0,
2025-09-26T00:30:19.811231,6,,person,0.8747255206108093,2,6,639,479,0,0,False,,0,
2025-09-26T00:30:20.677831,7,,person,0.8607197999954224,1,83,637,479,0,0,False,,0,
2025-09-26T00:30:21.517215,8,,person,0.5147544145584106,129,91,637,479,0,0,False,,0,
2025-09-26T00:30:22.361504,9,,person,0.5930377244949341,251,84,639,479,0,0,False,,0,
2025-09-26T00:30:23.211142,10,,person,0.6058136820793152,112,85,636,477,0,0,False,,0,
2025-09-26T00:30:24.077685,11,,person,0.6789619326591492,7,57,635,479,0,0,False,,0,
2025-09-26T00:30:24.935734,12,,person,0.5953387022018433,139,79,638,480,0,0,False,,0,
2025-09-26T00:30:25.795540,13,,person,0.5992597937583923,35,80,636,479,0,0,False,,0,
2025-09-26T00:30:26.688417,14,,person,0.5531901121139526,12,75,638,479,0,0,False,,0,
2025-09-26T00:30:27.589904,15,,person,0.6957331895828247,6,90,638,479,0,0,False,,0,
2025-09-26T00:30:28.534190,16,,person,0.7944381833076477,20,88,638,479,0,0,False,,0,
2025-09-26T00:30:29.419731,17,,person,0.5718551874160767,38,102,638,479,0,0,False,,0,
2025-09-26T00:30:32.268876,19,,person,0.5114931464195251,54,102,638,479,0,0,False,,0,
2025-09-26T00:30:33.776185,20,,person,0.8185327053070068,3,97,639,479,0,0,False,,0,
2025-09-26T00:30:34.777687,21,,person,0.8336418867111206,45,88,639,479,0,0,False,,0,
2025-09-26T00:30:36.718446,22,,person,0.8061031699180603,2,87,639,479,0,0,False,,0,
2025-09-26T00:30:38.406550,23,,person,0.8081168532371521,46,95,639,479,0,0,False,,0,
2025-09-26T00:30:42.102405,24,,person,0.8603527545928955,31,86,640,479,0,0,False,,0,
2025-09-26T00:30:46.430065,25,,person,0.8035640716552734,89,87,637,479,0,0,False,,0,
2025-09-26T00:30:51.054760,26,,person,0.7792465686798096,93,99,638,479,0,0,False,,0,
2025-09-26T00:30:54.946036,27,,person,0.8345723748207092,43,93,639,479,0,0,False,,0,
2025-09-26T00:30:56.981541,28,,person,0.5936627984046936,22,104,638,479,0,0,False,,0,
2025-09-26T00:30:58.062251,29,,person,0.6140736937522888,44,108,639,479,0,0,False,,0,
2025-09-26T00:30:59.162075,30,,person,0.5529991388320923,8,73,639,479,0,0,False,,0,
2025-09-26T00:31:00.095563,31,,person,0.6275855898857117,39,149,636,479,0,0,False,,0,
2025-09-26T00:31:00.095563,31,,remote,0.5423340797424316,206,43,402,309,0,0,False,,0,
2025-09-26T00:31:01.909513,33,,cell phone,0.6697097420692444,166,34,369,332,0,0,False,,0,
2025-09-26T00:31:01.909513,33,,remote,0.5928344130516052,167,33,369,328,0,0,False,,0,
2025-09-26T00:31:01.909513,33,,person,0.5795547962188721,148,145,638,479,0,0,False,,0,
2025-09-26T00:31:02.842906,34,,person,0.8051936626434326,64,88,637,479,0,0,False,,0,
2025-09-26T00:31:03.765651,35,,person,0.7294361591339111,67,95,638,479,0,0,False,,0,
2025-09-26T00:31:04.657669,36,,person,0.7750357985496521,78,103,637,480,0,0,False,,0,
2025-09-26T00:31:05.515937,37,,person,0.7895781993865967,3,103,637,479,0,0,False,,0,
2025-09-26T00:31:06.383228,38,,person,0.645309329032898,29,76,639,479,0,0,False,,0,
2025-09-26T00:31:07.240435,39,,person,0.7740717530250549,20,79,636,479,0,0,False,,0,
2025-09-26T00:31:08.082421,40,,person,0.6788960099220276,0,88,636,479,0,0,False,,0,
2025-09-26T00:31:08.942606,41,,person,0.7856478691101074,11,105,637,479,0,0,False,,0,
2025-09-26T00:31:09.805518,42,,person,0.7742065191268921,8,77,639,479,0,0,False,,0,
2025-09-26T00:31:10.674065,43,,person,0.8069112300872803,56,94,637,479,0,0,False,,0,
2025-09-26T00:31:11.567403,44,,person,0.8073887228965759,109,110,638,479,0,0,False,,0,
2025-09-26T00:31:12.476138,45,,person,0.8445124626159668,58,106,639,479,0,0,False,,0,
2025-09-26T00:31:13.347917,46,,person,0.8561777472496033,56,105,639,479,0,0,False,,0,
2025-09-26T00:31:14.298543,47,,person,0.8752825260162354,44,103,638,479,0,0,False,,0,
2025-09-26T00:31:15.392657,48,,person,0.8543858528137207,17,112,639,479,0,0,False,,0,
2025-09-26T00:31:16.750204,49,,person,0.818837583065033,34,107,638,479,0,0,False,,0,
2025-09-26T11:15:20.395448,1,,person,0.8537281155586243,8,49,640,479,0,0,False,,0,
2025-09-26T11:15:22.023713,2,,person,0.8435168266296387,8,1,640,480,0,0,False,,0,
2025-09-26T11:15:23.419067,3,,person,0.7214993834495544,10,1,640,479,0,0,False,,0,
2025-09-26T11:15:24.804052,4,,person,0.6171295046806335,35,0,627,479,0,0,False,,0,
2025-09-26T11:15:26.323162,5,,person,0.7821090817451477,22,3,634,479,0,0,False,,0,
2025-09-26T11:15:28.126071,6,,person,0.5150386095046997,6,2,638,479,0,0,False,,0,
2025-09-26T11:15:29.721103,7,,person,0.5334612131118774,9,1,638,479,0,0,False,,0,
2025-09-26T11:15:34.492181,10,,person,0.7323090434074402,2,5,639,479,0,0,False,,0,
2025-09-26T11:15:36.003199,11,,person,0.7523616552352905,0,6,639,479,0,0,False,,0,
2025-09-26T11:15:36.003199,11,,cell phone,0.5585829019546509,512,371,579,426,0,0,False,,0,
2025-09-26T11:15:37.634615,12,,person,0.7978032827377319,1,3,637,480,0,0,False,,0,
2025-09-26T11:15:37.634615,12,,cell phone,0.5066836476325989,512,371,580,426,0,0,False,,0,
2025-09-26T11:15:39.247007,13,,cell phone,0.6915776133537292,255,227,495,372,0,0,False,,0,
2025-09-26T11:15:40.778128,14,,person,0.5749567747116089,0,106,638,478,0,0,False,,0,
2025-09-26T11:15:42.344495,15,,person,0.6439902782440186,0,109,638,475,0,0,False,,0,
2025-09-26T11:15:43.915589,16,,person,0.8501042723655701,0,3,639,477,0,0,False,,0,
2025-09-26T11:15:43.915589,16,,cell phone,0.5858026146888733,513,372,580,426,0,0,False,,0,
2025-09-26T11:15:45.560040,17,,cell phone,0.5990378856658936,511,371,581,425,0,0,False,,0,
2025-09-26T11:15:45.560040,17,,person,0.5210618376731873,358,161,638,479,0,0,False,,0,
2025-09-26T11:16:05.511236,1,,person,0.7031435370445251,18,60,637,479,0,0,False,,0,
2025-09-26T11:16:07.179838,2,,person,0.740670382976532,8,26,636,479,0,0,False,,0,
2025-09-26T11:16:08.566935,3,,person,0.7276267409324646,20,92,637,479,0,0,False,,0,
2025-09-26T11:16:09.919752,4,,person,0.7487835884094238,20,80,637,479,0,0,False,,0,
2025-09-26T11:16:11.466388,5,,person,0.8051127195358276,2,105,640,479,0,0,False,,0,
2025-09-26T11:16:13.019709,6,,person,0.7941062450408936,7,40,638,479,0,0,False,,0,
2025-09-26T11:16:14.356402,7,,person,0.7088104486465454,14,76,638,479,0,0,False,,0,
2025-09-26T11:16:15.686510,8,,person,0.6173136830329895,9,33,640,479,0,0,False,,0,
2025-09-26T11:16:17.002111,9,,person,0.6225239038467407,11,7,639,479,0,0,False,,0,
2025-09-26T11:16:18.329650,10,,person,0.691951334476471,4,11,640,479,0,0,False,,0,
2025-09-26T11:16:19.686730,11,,person,0.8016989827156067,2,6,639,480,0,0,False,,0,
2025-09-26T11:16:21.025729,12,,tie,0.6219887733459473,23,0,179,261,0,0,False,,0,
2025-09-26T11:16:21.025729,12,,person,0.6036579012870789,2,165,629,478,0,0,False,,0,
2025-09-26T11:16:25.535661,15,,person,0.7197132110595703,70,66,640,479,0,0,False,,0,
2025-09-26T11:16:25.535661,15,,tie,0.5452025532722473,3,0,179,395,0,0,False,,0,
2025-09-26T11:16:28.170047,17,,tie,0.5881336331367493,16,1,173,419,0,0,False,,0,
2025-09-26T11:16:28.170047,17,,person,0.5678625702857971,67,76,636,479,0,0,False,,0,
2025-09-26T11:16:30.911683,19,,person,0.609566867351532,130,96,640,479,0,0,False,,0,
2025-09-26T11:16:32.281549,20,,person,0.7032315135002136,45,110,639,479,0,0,False,,0,
2025-09-26T11:16:32.281549,20,,tie,0.5127692818641663,0,1,177,431,0,0,False,,0,
2025-09-26T11:16:33.719685,21,,person,0.689631462097168,17,3,638,479,0,0,False,,0,
2025-09-26T11:16:35.158492,22,,person,0.6618684530258179,52,128,638,479,0,0,False,,0,
2025-09-26T11:17:32.400088,1,,person,0.541697084903717,13,161,634,479,0,0,False,,0,
2025-09-26T11:17:35.931629,3,,tie,0.6671854853630066,24,1,185,321,0,0,False,,0,
2025-09-26T11:17:37.229524,4,,tie,0.6754983067512512,28,1,191,336,0,0,False,,0,
2025-09-26T11:17:37.229524,4,,person,0.639424741268158,5,166,517,479,0,0,False,,0,
2025-09-26T11:17:56.986283,18,,tie,0.544150173664093,33,0,185,373,0,0,False,,0,
2025-09-26T22:07:56.733967,7,,person,0.6201816201210022,98,94,635,478,0,0,False,,0,
2025-09-26T22:07:56.891373,8,,person,0.8282617926597595,95,84,637,480,0,0,False,,0,
2025-09-26T22:07:57.174545,9,,person,0.6406922340393066,102,187,632,479,0,0,False,,0,
2025-09-26T22:07:57.318698,10,,person,0.8128925561904907,58,73,637,479,0,0,False,,0,
2025-09-26T22:07:57.436682,11,,person,0.8167383074760437,31,70,636,479,0,0,False,,0,
2025-09-26T22:07:57.575578,12,,person,0.8423432111740112,17,73,637,479,0,0,False,,0,
2025-09-26T22:07:57.694409,13,,person,0.8153892755508423,38,55,596,479,0,0,False,,0,
2025-09-26T22:07:57.884137,14,,person,0.6663463711738586,86,93,557,479,0,0,False,,0,
2025-09-26T22:07:58.066167,15,,person,0.7229617238044739,39,56,637,479,0,0,False,,0,
2025-09-26T22:07:58.247104,16,,person,0.7333694696426392,50,66,636,478,0,0,False,,0,
2025-09-26T22:07:58.410051,17,,person,0.7173396944999695,39,90,637,479,0,0,False,,0,
2025-09-26T22:07:58.598527,18,,person,0.8261178731918335,37,91,638,479,0,0,False,,0,
2025-09-26T22:07:58.746502,19,,person,0.8656274676322937,65,93,638,478,0,0,False,,0,
2025-09-26T22:07:58.918777,20,,person,0.8384765982627869,79,97,638,478,0,0,False,,0,
2025-09-26T22:07:59.068128,21,,person,0.7956962585449219,100,92,636,479,0,0,False,,0,
2025-09-26T22:07:59.241049,22,,person,0.8042858242988586,45,86,638,478,0,0,False,,0,
2025-09-26T22:07:59.385291,23,,person,0.8217164278030396,45,91,637,478,0,0,False,,0,
2025-09-26T22:07:59.533915,24,,person,0.7803975343704224,38,94,634,479,0,0,False,,0,
2025-09-26T22:07:59.656893,25,,person,0.850924015045166,48,96,638,478,0,0,False,,0,
2025-09-26T22:07:59.782249,26,,person,0.8036592602729797,79,96,639,479,0,0,False,,0,
2025-09-26T22:07:59.934899,27,,bird,0.5141894221305847,59,89,638,479,0,0,False,,0,
2025-09-26T22:08:00.130071,28,,person,0.775181233882904,39,65,624,478,0,0,False,,0,
2025-09-26T22:08:00.282005,29,,person,0.7519404292106628,52,65,605,478,0,0,False,,0,
2025-09-26T22:08:00.448221,30,,person,0.7579029202461243,91,71,638,479,0,0,False,,0,
2025-09-26T22:08:00.594210,31,,person,0.793940007686615,97,89,638,479,0,0,False,,0,
2025-09-26T22:08:00.747817,32,,person,0.8404347896575928,105,94,637,479,0,0,False,,0,
2025-09-26T22:08:00.898628,33,,person,0.7626215815544128,78,104,638,479,0,0,False,,0,
2025-09-26T22:08:01.014944,34,,person,0.6352786421775818,59,100,638,479,0,0,False,,0,
2025-09-26T22:08:03.364306,38,,person,0.737820029258728,168,87,638,478,0,0,False,,0,
2025-09-26T22:08:05.397683,39,,person,0.6815382838249207,148,55,615,478,0,0,False,,0,
2025-09-26T22:08:05.533380,40,,person,0.8496869206428528,129,92,638,479,0,0,False,,0,
2025-09-26T22:08:05.644739,41,,person,0.7981947064399719,96,95,637,479,0,0,False,,0,
2025-09-26T22:08:05.762839,42,,person,0.7683358192443848,100,104,637,479,0,0,False,,0,
2025-09-26T22:08:05.881747,43,,person,0.6865990161895752,130,113,495,479,0,0,False,,0,
2025-09-26T22:08:06.029572,44,,person,0.8145152926445007,114,112,636,479,0,0,False,,0,
2025-09-26T22:08:06.176375,45,,person,0.8390020728111267,113,115,637,479,0,0,False,,0,
2025-09-26T22:08:06.299356,46,,person,0.8806028962135315,101,103,638,479,0,0,False,,0,
2025-09-26T22:08:06.615411,48,,person,0.7334980964660645,128,89,494,479,0,0,False,,0,
2025-09-26T22:08:06.768194,49,,person,0.7569376230239868,115,84,496,479,0,0,False,,0,
2025-09-26T22:08:06.934339,50,,person,0.8494329452514648,121,81,629,479,0,0,False,,0,
2025-09-26T22:08:07.117369,51,,person,0.8485749363899231,109,80,624,479,0,0,False,,0,
2025-09-26T22:08:07.287413,52,,person,0.8782325983047485,115,82,635,479,0,0,False,,0,
2025-09-26T22:08:07.453286,53,,person,0.8546620607376099,114,82,633,479,0,0,False,,0,
2025-09-26T22:08:07.635661,54,,person,0.853101372718811,114,82,630,479,0,0,False,,0,
2025-09-26T22:08:07.819422,55,,person,0.859791100025177,114,83,634,479,0,0,False,,0,
2025-09-26T22:08:08.001753,56,,person,0.8517298698425293,112,89,639,478,0,0,False,,0,
2025-09-26T22:08:08.184367,57,,person,0.7324762940406799,101,107,635,478,0,0,False,,0,
2025-09-26T22:08:08.674003,60,,person,0.7142778635025024,116,103,638,479,0,0,False,,0,
2025-09-26T22:08:08.888808,61,,person,0.7481003403663635,118,102,635,479,0,0,False,,0,
2025-09-26T22:08:09.090793,62,,person,0.7773939967155457,124,104,629,479,0,0,False,,0,
2025-09-26T22:08:09.254499,63,,person,0.5949098467826843,116,112,626,479,0,0,False,,0,
2025-09-26T22:08:09.429269,64,,person,0.7508270740509033,127,113,583,479,0,0,False,,0,
2025-09-26T22:08:09.560923,65,,person,0.6781964898109436,109,116,624,479,0,0,False,,0,
2025-09-26T22:08:09.697203,66,,person,0.7874330282211304,123,114,631,479,0,0,False,,0,
2025-09-26T22:08:09.865881,67,,person,0.8127029538154602,128,113,592,479,0,0,False,,0,
2025-09-26T22:08:10.016464,68,,person,0.827514111995697,130,114,578,479,0,0,False,,0,
2025-09-26T22:08:10.174539,69,,person,0.8177212476730347,126,112,575,479,0,0,False,,0,
2025-09-26T22:08:10.300091,70,,person,0.701842188835144,109,112,587,479,0,0,False,,0,
2025-09-26T22:08:10.556188,72,,person,0.6239646077156067,100,117,634,478,0,0,False,,0,
2025-09-26T22:08:10.724742,73,,person,0.7855839133262634,122,116,634,478,0,0,False,,0,
2025-09-26T22:08:10.850608,74,,person,0.8450341820716858,126,115,639,479,0,0,False,,0,
2025-09-26T22:08:10.982211,75,,person,0.7811527252197266,124,116,638,479,0,0,False,,0,
2025-09-26T22:08:11.136492,76,,person,0.6559213995933533,105,116,635,478,0,0,False,,0,
2025-09-26T22:08:11.284972,77,,person,0.5238385200500488,124,114,631,479,0,0,False,,0,
2025-09-26T22:08:11.432014,78,,person,0.8032072186470032,124,115,634,479,0,0,False,,0,
2025-09-26T22:08:11.557335,79,,person,0.7898465394973755,100,115,623,479,0,0,False,,0,
2025-09-26T22:08:11.693587,80,,person,0.8318462371826172,126,114,628,479,0,0,False,,0,
2025-09-26T22:08:11.833649,81,,person,0.8343225121498108,124,114,626,479,0,0,False,,0,
2025-09-26T22:08:11.983569,82,,person,0.8514236211776733,128,118,635,479,0,0,False,,0,
2025-09-26T22:08:12.173695,83,,person,0.8361595869064331,125,116,630,479,0,0,False,,0,
2025-09-26T22:08:12.333834,84,,person,0.838312029838562,127,121,634,479,0,0,False,,0,
2025-09-26T22:08:12.551256,85,,person,0.8468859791755676,129,120,631,479,0,0,False,,0,
2025-09-26T22:08:12.733351,86,,person,0.827765166759491,128,122,632,479,0,0,False,,0,
2025-09-26T22:08:12.913779,87,,person,0.6285477876663208,121,113,636,478,0,0,False,,0,
2025-09-26T22:08:13.262527,90,,person,0.826493501663208,126,103,638,478,0,0,False,,0,
2025-09-26T22:08:13.405364,91,,person,0.874925971031189,125,105,640,478,0,0,False,,0,
2025-09-26T22:08:13.529179,92,,person,0.874925971031189,125,105,640,478,0,0,False,,0,
2025-09-26T22:08:13.652422,93,,person,0.836226761341095,133,93,637,479,0,0,False,,0,
2025-09-26T22:08:14.045882,94,,person,0.8256682753562927,117,106,637,478,0,0,False,,0,
2025-09-26T22:08:14.164795,95,,person,0.6851145625114441,90,102,636,479,0,0,False,,0,
2025-09-26T22:08:14.469013,97,,person,0.7773544788360596,57,102,617,479,0,0,False,,0,
2025-09-26T22:08:14.645806,98,,person,0.8231186270713806,57,104,610,479,0,0,False,,0,
2025-09-26T22:08:14.812415,99,,person,0.8013960719108582,45,109,603,479,0,0,False,,0,
2025-09-26T22:08:14.991204,100,,person,0.7938801050186157,67,113,607,479,0,0,False,,0,
2025-09-26T22:08:15.184869,101,,person,0.8224292397499084,70,116,611,479,0,0,False,,0,
2025-09-26T22:08:15.348552,102,,person,0.8449834585189819,81,112,595,479,0,0,False,,0,
2025-09-26T22:08:15.473190,103,,person,0.7446314692497253,84,116,561,479,0,0,False,,0,
2025-09-26T22:08:15.629212,104,,person,0.6621341109275818,94,106,628,479,0,0,False,,0,
2025-09-26T22:08:18.062680,105,,person,0.6539603471755981,100,126,620,479,0,0,False,,0,
2025-09-26T22:08:18.504253,106,,person,0.8334311842918396,68,85,605,479,0,0,False,,0,
2025-09-26T22:08:18.889200,107,,person,0.8599883913993835,75,85,587,479,0,0,False,,0,
2025-09-26T22:08:19.274427,108,,person,0.8448742628097534,74,87,588,479,0,0,False,,0,
2025-09-26T22:08:19.429377,109,,person,0.8425548076629639,63,84,582,480,0,0,False,,0,
2025-09-26T22:08:19.618813,110,,person,0.8570188879966736,61,83,596,479,0,0,False,,0,
2025-09-26T22:08:19.763805,111,,person,0.870528519153595,81,85,617,479,0,0,False,,0,
2025-09-26T22:08:19.907115,112,,person,0.8419507741928101,63,82,614,479,0,0,False,,0,
2025-09-26T22:08:20.082531,113,,person,0.837074875831604,76,82,630,479,0,0,False,,0,
2025-09-26T22:08:20.274940,114,,person,0.827484130859375,71,85,618,479,0,0,False,,0,
2025-09-26T22:08:20.444513,115,,person,0.8448149561882019,63,83,603,479,0,0,False,,0,
2025-09-26T22:08:20.646080,116,,person,0.8602110743522644,68,82,604,479,0,0,False,,0,
2025-09-26T22:08:20.819081,117,,person,0.8652708530426025,70,85,610,479,0,0,False,,0,
2025-09-26T22:08:20.966611,118,,person,0.8531619310379028,85,82,616,479,0,0,False,,0,
2025-09-26T22:08:21.139537,119,,person,0.8420166969299316,78,83,620,479,0,0,False,,0,
2025-09-26T22:08:21.289068,120,,person,0.8621216416358948,66,82,604,478,0,0,False,,0,
2025-09-26T22:08:21.448968,121,,person,0.8645774722099304,74,80,607,479,0,0,False,,0,
2025-09-26T22:08:21.859054,122,,person,0.8351726531982422,85,86,614,479,0,0,False,,0,
2025-09-26T22:08:22.029546,123,,person,0.8475996255874634,78,82,611,479,0,0,False,,0,
2025-09-26T22:08:22.207048,124,,person,0.8605338335037231,69,81,607,479,0,0,False,,0,
2025-09-26T22:08:22.398664,125,,person,0.8554475903511047,80,85,600,479,0,0,False,,0,
2025-09-26T22:08:22.557237,126,,person,0.82105553150177,87,84,605,479,0,0,False,,0,
2025-09-26T22:08:22.749125,127,,person,0.8308396935462952,53,81,612,478,0,0,False,,0,
2025-09-26T22:08:22.942154,128,,person,0.8563913702964783,52,81,622,479,0,0,False,,0,
2025-09-26T22:08:23.153547,129,,person,0.8546580672264099,80,80,631,479,0,0,False,,0,
2025-09-26T22:08:23.322547,130,,person,0.8603335022926331,87,80,609,479,0,0,False,,0,
2025-09-26T22:08:23.470059,131,,person,0.884430468082428,86,80,617,479,0,0,False,,0,
2025-09-26T22:08:23.630777,132,,person,0.8649408221244812,86,80,608,479,0,0,False,,0,
2025-09-26T22:08:23.790110,133,,person,0.860194206237793,77,80,622,479,0,0,False,,0,
2025-09-26T22:08:23.949456,134,,person,0.8585469126701355,82,82,607,479,0,0,False,,0,
2025-09-26T22:08:24.125249,135,,person,0.8603597283363342,91,86,617,479,0,0,False,,0,
2025-09-26T22:08:24.284779,136,,person,0.8483228087425232,79,80,618,479,0,0,False,,0,
2025-09-26T22:08:24.477662,137,,person,0.832790195941925,76,84,618,479,0,0,False,,0,
2025-09-26T22:08:24.670998,138,,person,0.8646978139877319,87,83,618,479,0,0,False,,0,
2025-09-26T22:08:24.845547,139,,person,0.8488171100616455,78,86,629,479,0,0,False,,0,
2025-09-26T22:08:25.043488,140,,person,0.8407995104789734,81,84,629,479,0,0,False,,0,
2025-09-26T22:08:25.199909,141,,person,0.8622063994407654,83,82,622,479,0,0,False,,0,
2025-09-26T22:08:25.375147,142,,person,0.8604570627212524,81,83,622,479,0,0,False,,0,
2025-09-26T22:08:25.551662,143,,person,0.7899428009986877,75,82,627,479,0,0,False,,0,
2025-09-26T22:08:25.720598,144,,person,0.5697669982910156,20,59,630,479,0,0,False,,0,
2025-09-26T22:08:26.207741,147,,person,0.6622993350028992,89,90,639,479,0,0,False,,0,
2025-09-26T22:08:26.400333,148,,person,0.7961987853050232,86,90,639,479,0,0,False,,0,
2025-09-26T22:08:26.575534,149,,person,0.7349810600280762,129,86,631,480,0,0,False,,0,
2025-09-26T22:08:26.745803,150,,person,0.7853767275810242,99,85,636,479,0,0,False,,0,
2025-09-26T22:08:26.945331,151,,person,0.8074313998222351,128,84,632,480,0,0,False,,0,
2025-09-26T22:08:27.146327,152,,person,0.8195781707763672,131,81,635,479,0,0,False,,0,
2025-09-26T22:08:27.325705,153,,person,0.6910123229026794,122,84,637,480,0,0,False,,0,
2025-09-26T22:08:27.486719,154,,person,0.7529679536819458,117,80,640,478,0,0,False,,0,
2025-09-26T22:08:28.848325,165,,person,0.519345760345459,115,110,638,479,0,0,False,,0,
2025-09-26T22:08:29.111861,167,,person,0.861603856086731,145,106,639,480,0,0,False,,0,
2025-09-26T22:08:29.251420,168,,person,0.8687835335731506,146,109,639,479,0,0,False,,0,
2025-09-26T22:08:29.383463,169,,person,0.7834099531173706,136,107,638,479,0,0,False,,0,
2025-09-26T22:08:29.543644,170,,person,0.8187541365623474,141,113,638,479,0,0,False,,0,
2025-09-26T22:08:29.679038,171,,person,0.7893374562263489,137,111,638,479,0,0,False,,0,
2025-09-26T22:08:29.848804,172,,person,0.813507616519928,134,114,638,479,0,0,False,,0,
2025-09-26T22:08:29.981725,173,,person,0.8190284371376038,122,114,639,479,0,0,False,,0,
2025-09-26T22:08:30.131893,174,,person,0.8255959749221802,135,112,638,479,0,0,False,,0,
2025-09-26T22:08:30.282208,175,,person,0.8171647787094116,125,110,638,479,0,0,False,,0,
2025-09-26T22:08:30.415347,176,,person,0.8223405480384827,134,113,638,479,0,0,False,,0,
2025-09-26T22:08:30.547749,177,,person,0.8130573034286499,131,112,638,479,0,0,False,,0,
2025-09-26T22:08:30.698585,178,,person,0.815396785736084,126,110,638,479,0,0,False,,0,
2025-09-26T22:08:30.878488,179,,person,0.8152608871459961,135,112,638,479,0,0,False,,0,
2025-09-26T22:08:31.032078,180,,person,0.8145598769187927,136,112,638,479,0,0,False,,0,
2025-09-26T22:08:31.182466,181,,person,0.8360974192619324,143,114,638,479,0,0,False,,0,
2025-09-26T22:08:31.301055,182,,person,0.8448811769485474,136,114,638,479,0,0,False,,0,
2025-09-26T22:08:31.414196,183,,person,0.8461341857910156,141,114,638,479,0,0,False,,0,
2025-09-26T22:08:31.562269,184,,person,0.849842369556427,136,115,639,478,0,0,False,,0,
2025-09-26T22:08:31.693227,185,,person,0.8229942917823792,135,113,638,479,0,0,False,,0,
2025-09-26T22:08:31.831294,186,,person,0.7921492457389832,138,109,638,479,0,0,False,,0,
2025-09-26T22:08:32.017993,187,,person,0.8389200568199158,146,113,635,479,0,0,False,,0,
2025-09-26T22:08:32.165283,188,,person,0.8351582288742065,132,114,615,479,0,0,False,,0,
2025-09-26T22:08:32.319317,189,,person,0.846160888671875,143,114,638,479,0,0,False,,0,
2025-09-26T22:08:32.452208,190,,person,0.8741552829742432,139,113,639,478,0,0,False,,0,
2025-09-26T22:08:32.591525,191,,person,0.8388835191726685,129,115,638,479,0,0,False,,0,
2025-09-26T22:08:32.698253,192,,person,0.8026297092437744,131,115,637,479,0,0,False,,0,
2025-09-26T22:08:32.831956,193,,person,0.8523343205451965,142,117,636,479,0,0,False,,0,
2025-09-26T22:08:32.965021,194,,person,0.8635397553443909,140,115,637,480,0,0,False,,0,
2025-09-26T22:08:33.088965,195,,person,0.8525609374046326,139,119,636,479,0,0,False,,0,
2025-09-26T22:08:33.214667,196,,person,0.861731231212616,142,115,638,480,0,0,False,,0,
2025-09-26T22:08:33.352907,197,,person,0.8871271014213562,142,117,638,480,0,0,False,,0,
2025-09-26T22:08:33.476867,198,,person,0.885448694229126,142,115,637,480,0,0,False,,0,
2025-09-26T22:08:33.649205,199,,person,0.800376832485199,134,121,635,479,0,0,False,,0,
2025-09-26T22:08:33.753377,200,,person,0.8330250382423401,138,118,633,479,0,0,False,,0,
2025-09-26T22:08:33.878396,201,,person,0.8707998394966125,142,123,631,479,0,0,False,,0,
2025-09-26T22:08:35.881608,202,,person,0.5434014201164246,33,120,636,479,0,0,False,,0,
2025-09-26T22:08:37.873880,203,,person,0.5766271352767944,92,133,626,479,0,0,False,,0,
2025-09-26T22:08:39.881042,204,,person,0.7351773977279663,162,131,638,479,0,0,False,,0,
2025-09-26T22:08:41.914584,205,,person,0.7088111639022827,163,150,635,479,0,0,False,,0,
2025-09-26T22:08:43.958284,206,,person,0.7642896175384521,168,154,635,479,0,0,False,,0,
2025-09-26T22:08:45.966738,207,,person,0.7298526763916016,164,152,635,479,0,0,False,,0,
2025-09-26T22:08:47.994565,208,,person,0.7837631702423096,168,149,636,479,0,0,False,,0,
2025-09-26T22:08:50.071897,209,,person,0.7181588411331177,157,150,631,479,0,0,False,,0,
2025-09-26T22:08:52.080552,210,,person,0.7492497563362122,156,149,629,478,0,0,False,,0,
2025-09-26T22:08:54.498063,211,,person,0.7288771867752075,171,149,633,478,0,0,False,,0,
2025-09-26T22:08:56.652121,212,,person,0.7176079154014587,158,152,629,478,0,0,False,,0,
2025-09-26T22:18:22.596035,1,,person,0.7457854151725769,126,137,575,479,0,0,False,,0,
2025-09-26T22:18:22.822210,2,,person,0.8550677299499512,117,137,581,479,0,0,False,,0,
2025-09-26T22:18:23.088653,3,,person,0.8506815433502197,116,139,578,479,0,0,False,,0,
2025-09-26T22:18:23.238801,4,,person,0.8439787030220032,117,136,570,479,0,0,False,,0,
2025-09-26T22:18:23.360755,5,,person,0.8439787030220032,117,136,570,479,0,0,False,,0,
2025-09-26T22:18:23.510517,6,,person,0.8413901925086975,118,135,576,479,0,0,False,,0,
2025-09-26T22:18:23.676330,7,,person,0.8465105295181274,118,137,576,479,0,0,False,,0,
2025-09-26T22:18:23.807858,8,,person,0.8413500785827637,118,137,579,479,0,0,False,,0,
2025-09-26T22:18:23.967066,9,,person,0.8498828411102295,115,134,580,479,0,0,False,,0,
2025-09-26T22:18:24.618558,10,,person,0.8493571281433105,103,137,598,479,0,0,False,,0,
2025-09-26T22:18:24.780125,11,,person,0.8501731753349304,115,133,581,479,0,0,False,,0,
2025-09-26T22:18:24.948962,12,,person,0.8623026013374329,115,138,584,479,0,0,False,,0,
2025-09-26T22:18:25.145020,13,,person,0.8540692329406738,106,136,603,479,0,0,False,,0,
2025-09-26T22:18:25.310201,14,,person,0.8625140190124512,112,136,591,479,0,0,False,,0,
2025-09-26T22:18:25.427787,15,,person,0.851865828037262,113,138,592,479,0,0,False,,0,
2025-09-26T22:18:25.573569,16,,person,0.8391139507293701,121,136,575,479,0,0,False,,0,
2025-09-26T22:18:25.699755,17,,person,0.8454282283782959,111,137,585,479,0,0,False,,0,
2025-09-26T22:18:25.833919,18,,person,0.8356278538703918,101,139,600,479,0,0,False,,0,
2025-09-26T22:18:25.956683,19,,person,0.8413417339324951,119,139,575,479,0,0,False,,0,
2025-09-26T22:18:26.616158,20,,person,0.8520554900169373,113,137,595,479,0,0,False,,0,
2025-09-26T22:18:26.794661,21,,person,0.8629288077354431,115,138,600,479,0,0,False,,0,
2025-09-26T22:18:26.945531,22,,person,0.8802319765090942,114,137,598,479,0,0,False,,0,
2025-09-26T22:18:27.099248,23,,person,0.8589901328086853,115,135,590,479,0,0,False,,0,
2025-09-26T22:18:27.240047,24,,person,0.8696991205215454,115,138,581,479,0,0,False,,0,
2025-09-26T22:18:27.364770,25,,person,0.8461970686912537,114,138,580,479,0,0,False,,0,
2025-09-26T22:18:27.472233,26,,person,0.8573800325393677,119,138,572,479,0,0,False,,0,
2025-09-26T22:18:27.577892,27,,person,0.8582471609115601,114,135,587,479,0,0,False,,0,
2025-09-26T22:18:27.708757,28,,person,0.8622972369194031,114,138,594,479,0,0,False,,0,
2025-09-26T22:18:27.841481,29,,person,0.8636999726295471,117,139,587,479,0,0,False,,0,
2025-09-26T22:18:27.970629,30,,person,0.8643645644187927,119,139,576,479,0,0,False,,0,
2025-09-26T22:18:28.109135,31,,person,0.849827229976654,117,138,578,479,0,0,False,,0,
2025-09-26T22:18:28.788041,32,,person,0.8449340462684631,117,138,579,479,0,0,False,,0,
2025-09-26T22:18:28.956991,33,,person,0.8519180417060852,114,129,591,479,0,0,False,,0,
2025-09-26T22:18:29.057307,34,,person,0.7787978053092957,113,136,586,477,0,0,False,,0,
2025-09-26T22:18:29.173801,35,,person,0.8166508078575134,115,131,603,478,0,0,False,,0,
2025-09-26T22:18:29.304416,36,,person,0.8281699419021606,119,133,583,478,0,0,False,,0,
2025-09-26T22:18:29.461772,37,,person,0.8516639471054077,117,133,571,479,0,0,False,,0,
2025-09-26T22:18:29.621309,38,,person,0.8511984348297119,118,133,575,479,0,0,False,,0,
2025-09-26T22:18:29.750571,39,,person,0.8600406050682068,118,135,574,479,0,0,False,,0,
2025-09-26T22:18:29.884446,40,,person,0.8263993859291077,115,133,579,479,0,0,False,,0,
2025-09-26T22:18:30.027067,41,,person,0.833958625793457,114,132,576,479,0,0,False,,0,
2025-09-26T22:18:30.156783,42,,person,0.8383842706680298,114,133,576,479,0,0,False,,0,
2025-09-26T22:18:30.799665,43,,person,0.8667611479759216,116,132,575,479,0,0,False,,0,
2025-09-26T22:18:30.942446,44,,person,0.8584612607955933,114,132,594,479,0,0,False,,0,
2025-09-26T22:18:31.089385,45,,person,0.8770146369934082,119,132,587,479,0,0,False,,0,
2025-09-26T22:18:31.217637,46,,person,0.8650072813034058,118,133,580,479,0,0,False,,0,
2025-09-26T22:18:31.337180,47,,person,0.8672622442245483,114,130,595,479,0,0,False,,0,
2025-09-26T22:18:31.454315,48,,person,0.8625363707542419,118,132,577,479,0,0,False,,0,
2025-09-26T22:18:31.577041,49,,person,0.8577330708503723,119,131,582,479,0,0,False,,0,
2025-09-26T22:18:31.702948,50,,person,0.8728652000427246,117,129,581,479,0,0,False,,0,
2025-09-26T22:18:31.856890,51,,person,0.8701553344726562,117,133,586,479,0,0,False,,0,
2025-09-26T22:18:32.010200,52,,person,0.8663219809532166,118,133,586,479,0,0,False,,0,
2025-09-26T22:18:32.150097,53,,person,0.8627601265907288,112,132,590,479,0,0,False,,0,
2025-09-26T22:18:32.801324,54,,person,0.8638870120048523,114,129,583,479,0,0,False,,0,
2025-09-26T22:18:32.966933,55,,person,0.8469991087913513,112,137,608,478,0,0,False,,0,
2025-09-26T22:18:33.091434,56,,person,0.8325474262237549,122,137,579,479,0,0,False,,0,
2025-09-26T22:18:33.250288,57,,person,0.7316641807556152,111,146,608,479,0,0,False,,0,
2025-09-26T22:18:33.387402,58,,person,0.702467679977417,81,148,602,479,0,0,False,,0,
2025-09-26T22:18:33.521010,59,,person,0.8118422627449036,116,146,578,479,0,0,False,,0,
2025-09-26T22:18:33.651045,60,,person,0.8198535442352295,106,141,582,479,0,0,False,,0,
2025-09-26T22:18:33.787045,61,,person,0.7191515564918518,104,137,577,479,0,0,False,,0,
2025-09-26T22:18:33.925660,62,,person,0.7110468745231628,115,136,619,479,0,0,False,,0,
2025-09-26T22:18:34.056666,63,,person,0.6545751094818115,101,134,623,479,0,0,False,,0,
2025-09-26T22:18:34.187028,64,,person,0.7767274975776672,108,146,577,479,0,0,False,,0,
2025-09-26T22:18:34.851648,65,,person,0.7260542511940002,112,144,587,479,0,0,False,,0,
2025-09-26T22:18:35.006198,66,,person,0.840505063533783,53,137,615,480,0,0,False,,0,
2025-09-26T22:18:35.207107,67,,person,0.6322470903396606,24,137,635,479,0,0,False,,0,
2025-09-26T22:18:35.342020,68,,person,0.6976117491722107,111,141,630,478,0,0,False,,0,
2025-09-26T22:18:35.492039,69,,person,0.7727704048156738,124,143,588,479,0,0,False,,0,
2025-09-26T22:18:35.717805,70,,person,0.7700622081756592,108,137,609,479,0,0,False,,0,
2025-09-26T22:18:36.022258,71,,person,0.8192496299743652,110,139,587,479,0,0,False,,0,
2025-09-26T22:18:36.310146,72,,person,0.8447214961051941,112,134,599,479,0,0,False,,0,
2025-09-26T22:18:37.122109,73,,person,0.8496807217597961,110,137,587,479,0,0,False,,0,
2025-09-26T22:18:37.276645,74,,person,0.5041393041610718,111,255,524,479,0,0,False,,0,
2025-09-26T22:18:37.396992,75,,person,0.5248690247535706,109,250,525,479,0,0,False,,0,
2025-09-26T22:18:37.890583,80,,person,0.5673580765724182,109,135,586,478,0,0,False,,0,
2025-09-26T22:18:38.033243,81,,person,0.5092654228210449,112,141,596,479,0,0,False,,0,
2025-09-26T22:18:38.189803,82,,person,0.6763268709182739,106,139,569,479,0,0,False,,0,
2025-09-26T22:18:38.346230,83,,person,0.7024627327919006,50,138,586,479,0,0,False,,0,
2025-09-26T22:18:38.531361,84,,person,0.8239138722419739,115,140,597,479,0,0,False,,0,
2025-09-26T22:18:39.237608,85,,person,0.8405831456184387,105,143,579,479,0,0,False,,0,
2025-09-26T22:18:39.386847,86,,person,0.8329488635063171,112,142,595,479,0,0,False,,0,
2025-09-26T22:18:39.526831,87,,person,0.8210499882698059,126,140,574,479,0,0,False,,0,
2025-09-26T22:18:39.670822,88,,person,0.8415384292602539,114,140,591,479,0,0,False,,0,
2025-09-26T22:18:39.825232,89,,person,0.8194470405578613,123,140,580,479,0,0,False,,0,
2025-09-26T22:18:40.015747,90,,person,0.8306854963302612,124,137,575,479,0,0,False,,0,
2025-09-26T22:18:40.220336,91,,person,0.8582891821861267,109,138,584,479,0,0,False,,0,
2025-09-26T22:18:40.420167,92,,person,0.8570283651351929,111,136,581,479,0,0,False,,0,
2025-09-26T22:18:40.627288,93,,person,0.8655787110328674,112,136,579,479,0,0,False,,0,
2025-09-26T22:18:41.325723,94,,person,0.6521013975143433,48,136,573,479,0,0,False,,0,
2025-09-26T22:18:41.489718,95,,person,0.7875353097915649,123,139,637,479,0,0,False,,0,
2025-09-26T22:18:41.637406,96,,person,0.8181803226470947,123,139,638,479,0,0,False,,0,
2025-09-26T22:18:41.920277,97,,person,0.8622527718544006,113,138,634,479,0,0,False,,0,
2025-09-26T22:18:42.251218,98,,person,0.8612352013587952,121,138,637,479,0,0,False,,0,
2025-09-26T22:18:42.596555,99,,person,0.8508782386779785,120,137,637,479,0,0,False,,0,
2025-09-26T22:18:43.320939,100,,person,0.8440017104148865,120,137,636,479,0,0,False,,0,
2025-09-26T22:18:43.466035,101,,person,0.8429205417633057,120,136,638,479,0,0,False,,0,
2025-09-26T22:18:43.589830,102,,person,0.8216990232467651,121,135,637,479,0,0,False,,0,
2025-09-26T22:18:43.709105,103,,person,0.7699552774429321,121,135,636,479,0,0,False,,0,
2025-09-26T22:18:43.870021,104,,person,0.6358163952827454,103,130,638,479,0,0,False,,0,
2025-09-26T22:18:44.286021,107,,person,0.6263236403465271,116,136,623,479,0,0,False,,0,
2025-09-26T22:18:44.477243,108,,person,0.504048228263855,109,135,631,479,0,0,False,,0,
2025-09-26T22:18:44.696132,109,,person,0.5073744654655457,264,139,622,478,0,0,False,,0,
2025-09-26T22:18:45.670947,112,,person,0.5443866848945618,115,140,631,478,0,0,False,,0,
2025-09-26T22:18:45.840746,113,,person,0.8350378274917603,78,137,636,478,0,0,False,,0,
2025-09-26T22:18:46.001456,114,,person,0.8611466884613037,103,137,638,479,0,0,False,,0,
2025-09-26T22:18:46.197018,115,,person,0.8583550453186035,90,138,638,479,0,0,False,,0,
2025-09-26T22:18:46.396280,116,,person,0.8398535847663879,99,138,638,479,0,0,False,,0,
2025-09-26T22:18:46.584356,117,,person,0.858813464641571,110,139,638,479,0,0,False,,0,
2025-09-26T22:18:46.788454,118,,person,0.867727518081665,106,136,637,479,0,0,False,,0,
2025-09-26T22:18:46.964210,119,,person,0.8648155331611633,113,138,638,479,0,0,False,,0,
2025-09-26T22:18:47.139578,120,,person,0.873716413974762,103,136,639,479,0,0,False,,0,
2025-09-26T22:18:47.853607,121,,person,0.8596134185791016,116,138,638,479,0,0,False,,0,
2025-09-26T22:18:48.023595,122,,person,0.81441330909729,104,137,638,479,0,0,False,,0,
2025-09-26T22:18:48.581719,126,,person,0.6430534720420837,61,139,627,479,0,0,False,,0,
2025-09-26T22:18:48.790426,127,,person,0.7503857612609863,75,136,594,479,0,0,False,,0,
2025-09-26T22:18:48.991012,128,,person,0.7891168594360352,37,137,607,479,0,0,False,,0,
2025-09-26T22:18:49.180824,129,,person,0.8563687205314636,9,135,592,479,0,0,False,,0,
2025-09-26T22:18:49.885735,130,,person,0.8186776041984558,15,135,608,479,0,0,False,,0,
2025-09-26T22:18:50.061837,131,,person,0.854477047920227,105,134,590,479,0,0,False,,0,
2025-09-26T22:18:50.206928,132,,person,0.8543694615364075,97,132,595,479,0,0,False,,0,
2025-09-26T22:18:50.395256,133,,person,0.8545435667037964,71,134,592,479,0,0,False,,0,
2025-09-26T22:18:50.573584,134,,person,0.8638749718666077,72,134,593,479,0,0,False,,0,
2025-09-26T22:18:50.731819,135,,person,0.8624439239501953,78,133,590,479,0,0,False,,0,
2025-09-26T22:18:50.939838,136,,person,0.8666680455207825,74,133,600,479,0,0,False,,0,
2025-09-26T22:18:51.136381,137,,person,0.883794903755188,75,133,590,479,0,0,False,,0,
2025-09-26T22:18:51.319341,138,,person,0.8626878261566162,73,134,592,479,0,0,False,,0,
2025-09-26T22:18:52.036502,139,,person,0.868932843208313,83,133,587,479,0,0,False,,0,
2025-09-26T22:18:52.206929,140,,person,0.8856188058853149,87,135,592,479,0,0,False,,0,
2025-09-26T22:18:52.424023,141,,person,0.8691670298576355,92,134,594,479,0,0,False,,0,
2025-09-26T22:18:52.590152,142,,person,0.8839317560195923,89,135,591,479,0,0,False,,0,
2025-09-26T22:18:52.764208,143,,person,0.8933724164962769,90,135,587,479,0,0,False,,0,
2025-09-26T22:18:52.963330,144,,person,0.8961069583892822,80,135,588,479,0,0,False,,0,
2025-09-26T22:18:53.157362,145,,person,0.8803121447563171,91,135,597,479,0,0,False,,0,
2025-09-26T22:18:53.337053,146,,person,0.8852155804634094,92,135,592,479,0,0,False,,0,
2025-09-26T22:18:53.491773,147,,person,0.8841450214385986,100,135,587,479,0,0,False,,0,
2025-09-26T22:18:54.154605,148,,person,0.8813707232475281,100,136,585,479,0,0,False,,0,
2025-09-26T22:18:54.324000,149,,person,0.8846654295921326,97,135,589,479,0,0,False,,0,
2025-09-26T22:18:54.491806,150,,person,0.8971843123435974,88,136,586,479,0,0,False,,0,
2025-09-26T22:18:54.673831,151,,person,0.8956190347671509,86,136,583,479,0,0,False,,0,
2025-09-26T22:18:54.848127,152,,person,0.8848027586936951,87,136,590,479,0,0,False,,0,
2025-09-26T22:18:55.017966,153,,person,0.8906652927398682,93,136,586,479,0,0,False,,0,
2025-09-26T22:18:55.189340,154,,person,0.8964247107505798,91,136,585,479,0,0,False,,0,
2025-09-26T22:18:55.352223,155,,person,0.8923993110656738,85,136,588,479,0,0,False,,0,
2025-09-26T22:18:55.528156,156,,person,0.8914052248001099,89,136,587,479,0,0,False,,0,
2025-09-26T22:18:56.224133,157,,person,0.8975248336791992,97,135,589,479,0,0,False,,0,
2025-09-26T22:18:56.388016,158,,person,0.8293135762214661,61,132,582,479,0,0,False,,0,
2025-09-26T22:18:56.555992,159,,person,0.8285377025604248,42,134,581,479,0,0,False,,0,
2025-09-26T22:18:56.725006,160,,person,0.8515276908874512,93,133,582,479,0,0,False,,0,
2025-09-26T22:18:56.906113,161,,person,0.7409029006958008,96,125,603,479,0,0,False,,0,
2025-09-26T22:18:57.139584,162,,person,0.6577038168907166,98,121,634,479,0,0,False,,0,
2025-09-26T22:18:57.351561,163,,person,0.8772112727165222,85,117,629,479,0,0,False,,0,
2025-09-26T22:18:57.542761,164,,person,0.8669179081916809,87,117,628,479,0,0,False,,0,
2025-09-26T22:18:57.709190,165,,person,0.8554168939590454,91,113,632,479,0,0,False,,0,
2025-09-26T22:18:58.416907,166,,person,0.8158831596374512,83,113,633,479,0,0,False,,0,
2025-09-26T22:18:58.732775,168,,person,0.565060019493103,23,75,638,478,0,0,False,,0,
2025-09-26T22:18:59.203221,171,,person,0.5582777261734009,85,94,632,479,0,0,False,,0,
2025-09-26T22:18:59.691169,174,,person,0.5377310514450073,21,66,640,478,0,0,False,,0,
2025-09-26T22:18:59.885905,175,,person,0.7504474520683289,81,102,636,479,0,0,False,,0,
2025-09-26T22:19:00.603115,176,,person,0.7665615677833557,69,107,635,479,0,0,False,,0,
2025-09-26T22:19:00.770425,177,,person,0.8490670323371887,77,78,639,478,0,0,False,,0,
2025-09-26T22:19:00.910492,178,,person,0.8238397836685181,78,84,638,479,0,0,False,,0,
2025-09-26T22:19:01.128775,179,,person,0.8338438868522644,68,70,638,478,0,0,False,,0,
2025-09-26T22:19:01.436061,180,,person,0.8488584160804749,86,54,638,479,0,0,False,,0,
2025-09-26T22:19:01.724779,181,,person,0.8675540089607239,105,100,638,478,0,0,False,,0,
2025-09-26T22:19:02.059955,182,,person,0.8558304905891418,74,93,638,478,0,0,False,,0,
2025-09-26T22:19:02.721866,183,,person,0.8171695470809937,86,103,637,479,0,0,False,,0,
2025-09-26T22:19:02.892137,184,,person,0.7966235876083374,91,102,636,478,0,0,False,,0,
2025-09-26T22:19:03.036081,185,,person,0.7534407377243042,96,105,623,479,0,0,False,,0,
2025-09-26T22:19:03.205389,186,,person,0.8651382327079773,94,109,637,479,0,0,False,,0,
2025-09-26T22:19:03.358866,187,,person,0.8314294815063477,75,105,636,479,0,0,False,,0,
2025-09-26T22:19:03.521548,188,,person,0.8672093749046326,105,103,624,479,0,0,False,,0,
2025-09-26T22:19:03.669647,189,,person,0.8662838935852051,96,102,635,479,0,0,False,,0,
2025-09-26T22:19:03.841591,190,,person,0.8343756794929504,86,95,636,480,0,0,False,,0,
2025-09-26T22:19:31.854049,1,,person,0.8748235702514648,81,89,638,479,0,0,False,,0,
2025-09-26T22:19:32.120472,2,,person,0.8887251019477844,84,86,639,479,0,0,False,,0,
2025-09-26T22:19:32.370931,3,,person,0.8325695991516113,86,88,639,479,0,0,False,,0,
2025-09-26T22:19:32.512894,4,,person,0.8757292628288269,75,94,637,479,0,0,False,,0,
2025-09-26T22:19:32.634607,5,,person,0.9136343002319336,86,92,638,479,0,0,False,,0,
2025-09-26T22:19:32.786165,6,,person,0.869606077671051,81,94,634,479,0,0,False,,0,
2025-09-26T22:19:32.951317,7,,person,0.9074805974960327,79,93,637,479,0,0,False,,0,
2025-09-26T22:19:33.123485,8,,person,0.8975330591201782,86,92,638,479,0,0,False,,0,
2025-09-26T22:19:33.288724,9,,person,0.8628962635993958,89,91,637,479,0,0,False,,0,
2025-09-26T22:19:33.460195,10,,person,0.7414820790290833,83,90,635,479,0,0,False,,0,
2025-09-26T22:19:33.623858,11,,person,0.8604215979576111,94,92,638,479,0,0,False,,0,
2025-09-26T22:19:33.787580,12,,person,0.7965499758720398,89,94,638,479,0,0,False,,0,
2025-09-26T22:19:33.963754,13,,person,0.8611422777175903,82,90,638,480,0,0,False,,0,
2025-09-26T22:19:34.122046,14,,person,0.8850564360618591,89,91,638,480,0,0,False,,0,
2025-09-26T22:19:34.301125,15,,person,0.8905985355377197,85,91,638,479,0,0,False,,0,
2025-09-26T22:19:34.487739,16,,person,0.8836680054664612,86,91,638,479,0,0,False,,0,
2025-09-26T22:19:34.704282,17,,person,0.8745089173316956,72,89,638,479,0,0,False,,0,
2025-09-26T22:19:34.888562,18,,person,0.8717364072799683,65,90,637,479,0,0,False,,0,
2025-09-26T22:19:35.038106,19,,person,0.8894140124320984,65,91,638,479,0,0,False,,0,
2025-09-26T22:19:35.190363,20,,person,0.8939613699913025,79,89,638,479,0,0,False,,0,
2025-09-26T22:19:35.318816,21,,person,0.90118807554245,79,91,638,479,0,0,False,,0,
2025-09-26T22:19:35.457894,22,,person,0.870047390460968,77,92,637,479,0,0,False,,0,
2025-09-26T22:19:35.599735,23,,person,0.894179105758667,76,92,637,479,0,0,False,,0,
2025-09-26T22:19:35.717785,24,,person,0.8808110952377319,63,91,637,479,0,0,False,,0,
2025-09-26T22:19:35.870411,25,,person,0.8945745229721069,77,92,638,479,0,0,False,,0,
2025-09-26T22:19:36.003544,26,,person,0.8882191181182861,79,91,636,479,0,0,False,,0,
2025-09-26T22:19:36.170933,27,,person,0.8575736284255981,76,88,637,479,0,0,False,,0,
2025-09-26T22:19:36.317781,28,,person,0.8915839791297913,72,92,637,479,0,0,False,,0,
2025-09-26T22:19:36.487491,29,,person,0.8915839791297913,72,92,637,479,0,0,False,,0,
2025-09-26T22:19:36.612148,30,,person,0.8728421926498413,76,80,636,479,0,0,False,,0,
2025-09-26T22:19:36.770416,31,,person,0.8642953038215637,86,81,638,479,0,0,False,,0,
2025-09-26T22:19:37.401065,37,,person,0.7110048532485962,133,83,638,479,0,0,False,,0,
2025-09-26T22:19:37.537706,38,,person,0.8115275502204895,141,81,637,479,0,0,False,,0,
2025-09-26T22:19:37.770797,40,,person,0.5474032759666443,123,83,639,478,0,0,False,,0,
2025-09-26T22:19:37.903544,41,,person,0.6668976545333862,137,94,640,478,0,0,False,,0,
2025-09-26T22:19:38.155540,43,,person,0.626606285572052,130,119,640,480,0,0,False,,0,
2025-09-26T22:19:38.284422,44,,person,0.8227712512016296,133,111,637,479,0,0,False,,0,
2025-09-26T22:19:38.431558,45,,person,0.848135769367218,135,116,638,478,0,0,False,,0,
2025-09-26T22:19:38.567754,46,,person,0.5977638959884644,133,115,638,479,0,0,False,,0,
2025-09-26T22:19:38.838337,48,,person,0.5828008651733398,146,171,634,479,0,0,False,,0,
2025-09-26T22:19:40.182373,59,,person,0.5476216673851013,154,167,613,479,0,0,False,,0,
2025-09-26T22:19:40.371755,60,,person,0.7844142317771912,158,166,633,478,0,0,False,,0,
2025-09-26T22:19:40.594907,61,,person,0.5722578763961792,131,131,637,478,0,0,False,,0,
2025-09-26T22:19:41.030777,64,,person,0.8088476061820984,184,165,637,479,0,0,False,,0,
2025-09-26T22:19:41.212885,65,,person,0.8539105653762817,186,163,639,479,0,0,False,,0,
2025-09-26T22:19:41.355658,66,,person,0.6234765648841858,186,157,639,479,0,0,False,,0,
2025-09-26T22:19:41.867724,69,,person,0.5224103927612305,110,127,639,478,0,0,False,,0,
2025-09-26T22:19:42.078623,70,,person,0.8401562571525574,168,163,638,479,0,0,False,,0,
2025-09-26T22:19:42.267744,71,,person,0.8086031079292297,167,163,638,479,0,0,False,,0,
2025-09-26T22:19:42.451051,72,,person,0.8703065514564514,168,162,638,479,0,0,False,,0,
2025-09-26T22:19:42.610991,73,,person,0.8420201539993286,167,162,638,479,0,0,False,,0,
2025-09-26T22:19:42.779836,74,,person,0.895157516002655,166,160,638,479,0,0,False,,0,
2025-09-26T22:19:42.984438,75,,person,0.892109751701355,167,161,638,479,0,0,False,,0,
2025-09-26T22:19:43.202851,76,,person,0.8974984288215637,167,160,638,479,0,0,False,,0,
2025-09-26T22:19:43.389870,77,,person,0.5185253620147705,157,235,637,479,0,0,False,,0,
2025-09-26T22:19:43.557807,78,,person,0.5069703459739685,150,238,638,479,0,0,False,,0,
2025-09-26T22:19:43.852806,80,,person,0.5179685354232788,121,136,637,478,0,0,False,,0,
2025-09-26T22:19:44.024544,81,,person,0.5737333297729492,127,143,637,478,0,0,False,,0,
2025-09-26T22:19:44.200821,82,,person,0.8357173204421997,125,160,637,479,0,0,False,,0,
2025-09-26T22:19:44.402627,83,,person,0.8779455423355103,130,156,637,477,0,0,False,,0,
2025-09-26T22:19:44.604174,84,,person,0.8628101944923401,126,155,637,477,0,0,False,,0,
2025-09-26T22:19:44.797698,85,,person,0.8730183243751526,131,156,637,477,0,0,False,,0,
2025-09-26T22:19:44.985479,86,,person,0.8501468300819397,128,156,637,477,0,0,False,,0,
2025-09-26T22:19:45.178427,87,,person,0.8527613878250122,129,157,638,479,0,0,False,,0,
2025-09-26T22:19:45.334925,88,,person,0.8610355854034424,123,158,638,479,0,0,False,,0,
2025-09-26T22:19:45.484886,89,,person,0.8613336682319641,126,154,638,477,0,0,False,,0,
2025-09-26T22:19:45.635210,90,,person,0.8718116879463196,128,157,637,477,0,0,False,,0,
2025-09-26T22:19:45.834194,91,,person,0.8571417331695557,125,155,637,477,0,0,False,,0,
2025-09-26T22:19:46.065664,92,,person,0.8560353517532349,126,156,637,477,0,0,False,,0,
2025-09-26T22:19:46.290498,93,,person,0.8507000207901001,126,162,638,479,0,0,False,,0,
2025-09-26T22:19:46.512502,94,,person,0.8620918393135071,130,152,637,478,0,0,False,,0,
2025-09-26T22:19:46.706866,95,,person,0.7876938581466675,131,169,638,478,0,0,False,,0,
2025-09-26T22:19:46.928571,96,,person,0.8766334652900696,130,109,638,478,0,0,False,,0,
2025-09-26T22:19:47.143938,97,,person,0.8615331053733826,131,119,638,478,0,0,False,,0,
2025-09-26T22:19:47.351452,98,,person,0.7659460306167603,135,173,640,479,0,0,False,,0,
2025-09-26T22:19:47.572680,99,,person,0.80324786901474,135,179,640,479,0,0,False,,0,
2025-09-26T22:19:47.784027,100,,person,0.8108900189399719,134,179,640,479,0,0,False,,0,
2025-09-26T22:19:48.007164,101,,person,0.7957066893577576,122,113,639,478,0,0,False,,0,
2025-09-26T22:19:48.204169,102,,person,0.8184109926223755,135,180,640,479,0,0,False,,0,
2025-09-26T22:19:48.434328,103,,person,0.8258829712867737,123,109,639,478,0,0,False,,0,
2025-09-26T22:19:48.676620,104,,person,0.824047863483429,124,113,639,478,0,0,False,,0,
2025-09-26T22:19:48.860354,105,,person,0.8120099306106567,120,108,639,478,0,0,False,,0,
2025-09-26T22:19:49.066608,106,,person,0.7333030104637146,107,108,639,478,0,0,False,,0,
2025-09-26T22:19:49.283543,107,,person,0.8845458030700684,129,100,640,478,0,0,False,,0,
2025-09-26T22:19:49.459111,108,,person,0.8300012946128845,126,156,638,479,0,0,False,,0,
2025-09-26T22:19:49.622110,109,,person,0.7951329350471497,126,152,638,479,0,0,False,,0,
2025-09-26T22:19:49.817488,110,,person,0.7966986298561096,129,159,638,479,0,0,False,,0,
2025-09-26T22:19:49.984164,111,,person,0.7698615193367004,126,148,639,478,0,0,False,,0,
2025-09-26T22:19:50.167735,112,,person,0.7621758580207825,125,150,639,478,0,0,False,,0,
2025-09-26T22:19:50.357059,113,,person,0.7555692195892334,124,159,637,479,0,0,False,,0,
2025-09-26T22:19:50.573191,114,,person,0.8374844789505005,126,159,638,479,0,0,False,,0,
2025-09-26T22:19:50.777772,115,,person,0.8366812467575073,135,164,637,479,0,0,False,,0,
2025-09-26T22:19:51.026689,116,,person,0.8735093474388123,119,163,637,479,0,0,False,,0,
2025-09-26T22:19:51.350297,118,,person,0.7459105849266052,122,161,638,479,0,0,False,,0,
2025-09-26T22:19:51.854377,121,,person,0.8073713183403015,121,157,638,479,0,0,False,,0,
2025-09-26T22:19:52.071812,122,,person,0.8528239130973816,134,158,638,479,0,0,False,,0,
2025-09-26T22:19:52.284263,123,,person,0.8325676918029785,127,157,638,479,0,0,False,,0,
2025-09-26T22:19:52.472042,124,,person,0.8560919761657715,133,156,637,479,0,0,False,,0,
2025-09-26T22:19:52.640524,125,,person,0.654965877532959,136,186,635,479,0,0,False,,0,
2025-09-26T22:19:52.850722,126,,person,0.8461063504219055,138,163,635,479,0,0,False,,0,
2025-09-26T22:19:53.080462,127,,person,0.861016571521759,133,160,629,479,0,0,False,,0,
2025-09-26T22:19:53.292015,128,,person,0.858393132686615,128,160,632,479,0,0,False,,0,
2025-09-26T22:19:53.474616,129,,person,0.8578799962997437,129,155,600,479,0,0,False,,0,
2025-09-26T22:19:53.672871,130,,person,0.6558802723884583,112,203,612,479,0,0,False,,0,
2025-09-26T22:19:53.867185,131,,person,0.8293953537940979,118,129,634,478,0,0,False,,0,
2025-09-26T22:21:35.967216,1,,person,0.8793167471885681,85,84,638,479,0,0,False,,0,
2025-09-26T22:21:36.330873,2,,person,0.8896709084510803,85,85,639,479,0,0,False,,0,
2025-09-26T22:21:36.580606,3,,person,0.890426754951477,100,81,639,479,0,0,False,,0,
2025-09-26T22:21:36.713748,4,,person,0.9042273163795471,83,85,639,479,0,0,False,,0,
2025-09-26T22:21:36.873009,5,,person,0.9042273163795471,83,85,639,479,0,0,False,,0,
2025-09-26T22:21:37.008936,6,,person,0.9048514366149902,84,84,639,479,0,0,False,,0,
2025-09-26T22:21:37.263015,7,,person,0.8978116512298584,86,86,638,479,0,0,False,,0,
2025-09-26T22:21:38.096350,8,,person,0.9022615551948547,88,84,639,479,0,0,False,,0,
2025-09-26T22:21:38.451334,9,,person,0.8899491429328918,84,84,638,479,0,0,False,,0,
2025-09-26T22:21:38.746406,10,,person,0.8848412036895752,79,87,639,479,0,0,False,,0,
2025-09-26T22:21:39.117973,11,,person,0.8928048014640808,81,86,639,479,0,0,False,,0,
2025-09-26T22:21:39.285202,12,,person,0.8837400078773499,82,84,639,479,0,0,False,,0,
2025-09-26T22:21:39.417362,13,,person,0.8666554093360901,84,86,639,479,0,0,False,,0,
2025-09-26T22:21:39.552002,14,,person,0.860433042049408,81,87,639,479,0,0,False,,0,
2025-09-26T22:21:40.196977,15,,person,0.8728947043418884,83,87,639,479,0,0,False,,0,
2025-09-26T22:21:40.400138,16,,person,0.8805615305900574,85,83,639,479,0,0,False,,0,
2025-09-26T22:21:40.574970,17,,person,0.8682891130447388,93,85,638,477,0,0,False,,0,
2025-09-26T22:21:40.732807,18,,person,0.8885523080825806,85,82,639,479,0,0,False,,0,
2025-09-26T22:21:40.875497,19,,person,0.8906485438346863,84,84,639,479,0,0,False,,0,
2025-09-26T22:21:41.026030,20,,person,0.8893939256668091,98,85,638,477,0,0,False,,0,
2025-09-26T22:21:41.179332,21,,person,0.8917874097824097,97,85,638,477,0,0,False,,0,
2025-09-26T22:21:41.313172,22,,person,0.8778291940689087,95,83,638,478,0,0,False,,0,
2025-09-26T22:21:41.451488,23,,person,0.8746793866157532,99,82,638,478,0,0,False,,0,
2025-09-26T22:21:41.579795,24,,person,0.8897647857666016,99,83,638,478,0,0,False,,0,
2025-09-26T22:21:42.246520,25,,person,0.8856391310691833,100,85,638,478,0,0,False,,0,
2025-09-26T22:21:42.551889,26,,person,0.8662781715393066,80,80,639,479,0,0,False,,0,
2025-09-26T22:21:42.869868,27,,person,0.864916205406189,91,84,638,478,0,0,False,,0,
2025-09-26T22:21:43.246286,28,,person,0.8874905109405518,82,79,639,479,0,0,False,,0,
2025-09-26T22:21:43.392896,29,,person,0.8744232654571533,84,80,639,479,0,0,False,,0,
2025-09-26T22:21:43.546507,30,,person,0.8861435651779175,86,81,639,479,0,0,False,,0,
2025-09-26T22:21:43.675349,31,,person,0.8798855543136597,89,76,638,479,0,0,False,,0,
2025-09-26T22:21:44.335284,32,,person,0.8867136240005493,88,80,638,479,0,0,False,,0,
2025-09-26T22:21:44.529188,33,,person,0.8921124339103699,90,81,639,479,0,0,False,,0,
2025-09-26T22:21:44.699703,34,,person,0.9013219475746155,89,81,639,479,0,0,False,,0,
2025-09-26T22:21:44.837650,35,,person,0.8949736952781677,91,82,639,479,0,0,False,,0,
2025-09-26T22:21:44.979154,36,,person,0.889892578125,89,79,639,479,0,0,False,,0,
2025-09-26T22:21:45.115745,37,,person,0.888782262802124,87,80,638,479,0,0,False,,0,
2025-09-26T22:21:45.254178,38,,person,0.8833445310592651,83,77,638,479,0,0,False,,0,
2025-09-26T22:21:45.402446,39,,person,0.8923358917236328,83,85,639,479,0,0,False,,0,
2025-09-26T22:21:45.529145,40,,person,0.8911047577857971,83,83,639,479,0,0,False,,0,
2025-09-26T22:21:45.663047,41,,person,0.8824432492256165,83,80,639,479,0,0,False,,0,
2025-09-26T22:21:46.360146,42,,person,0.8729142546653748,79,81,639,479,0,0,False,,0,
2025-09-26T22:21:46.549112,43,,person,0.8890911340713501,80,83,639,479,0,0,False,,0,
2025-09-26T22:21:46.682804,44,,person,0.887424111366272,83,82,639,479,0,0,False,,0,
2025-09-26T22:21:46.799961,45,,person,0.872151792049408,83,78,640,479,0,0,False,,0,
2025-09-26T22:21:46.932112,46,,person,0.8963065147399902,88,84,639,479,0,0,False,,0,
2025-09-26T22:21:47.099019,47,,person,0.8493290543556213,88,83,638,480,0,0,False,,0,
2025-09-26T22:21:47.279768,48,,person,0.8806710839271545,84,78,639,479,0,0,False,,0,
2025-09-26T22:21:47.413046,49,,person,0.8837121725082397,83,79,639,479,0,0,False,,0,
2025-09-26T22:21:47.537076,50,,person,0.8825132846832275,79,84,639,479,0,0,False,,0,
2025-09-26T22:21:47.661039,51,,person,0.8775109648704529,84,79,639,479,0,0,False,,0,
2025-09-26T22:21:47.791813,52,,person,0.8693510293960571,81,84,639,479,0,0,False,,0,
2025-09-26T22:21:48.445793,53,,person,0.8726443648338318,81,81,639,479,0,0,False,,0,
2025-09-26T22:21:48.624117,54,,person,0.8792693018913269,83,79,639,479,0,0,False,,0,
2025-09-26T22:21:48.775619,55,,person,0.8819646835327148,82,83,639,479,0,0,False,,0,
2025-09-26T22:21:48.920239,56,,person,0.8873462080955505,85,82,639,479,0,0,False,,0,
2025-09-26T22:21:49.074453,57,,person,0.8733559250831604,85,79,639,479,0,0,False,,0,
2025-09-26T22:21:49.226086,58,,person,0.8738628625869751,84,78,639,479,0,0,False,,0,
2025-09-26T22:21:49.355331,59,,person,0.8849846124649048,81,79,639,479,0,0,False,,0,
2025-09-26T22:21:49.493388,60,,person,0.8860189914703369,82,80,639,479,0,0,False,,0,
2025-09-26T22:21:49.651238,61,,person,0.8826042413711548,94,85,638,478,0,0,False,,0,
2025-09-26T22:21:49.819869,62,,person,0.8792136907577515,79,82,639,479,0,0,False,,0,
2025-09-26T22:21:50.507423,63,,person,0.8683652281761169,101,84,638,478,0,0,False,,0,
2025-09-26T22:21:50.678928,64,,person,0.8113828301429749,92,77,639,479,0,0,False,,0,
2025-09-26T22:21:50.832319,65,,person,0.7963222861289978,77,68,639,477,0,0,False,,0,
2025-09-26T22:21:50.978989,66,,person,0.875299334526062,80,74,639,478,0,0,False,,0,
2025-09-26T22:21:51.131962,67,,person,0.8903502225875854,83,72,639,478,0,0,False,,0,
2025-09-26T22:21:51.279397,68,,person,0.8828969597816467,87,74,639,479,0,0,False,,0,
2025-09-26T22:21:51.403084,69,,person,0.893388032913208,87,76,639,477,0,0,False,,0,
2025-09-26T22:21:51.529493,70,,person,0.8884100914001465,90,73,639,479,0,0,False,,0,
2025-09-26T22:21:51.645932,71,,person,0.8856816291809082,89,45,639,479,0,0,False,,0,
2025-09-26T22:21:51.790727,72,,person,0.8756029605865479,91,71,639,479,0,0,False,,0,
2025-09-26T22:21:51.922287,73,,person,0.8688628673553467,91,64,639,479,0,0,False,,0,
2025-09-26T22:21:52.564610,74,,person,0.8773581385612488,92,52,639,479,0,0,False,,0,
2025-09-26T22:21:52.730247,75,,person,0.871499240398407,86,72,639,478,0,0,False,,0,
2025-09-26T22:21:52.847445,76,,person,0.8996297121047974,87,77,639,478,0,0,False,,0,
2025-09-26T22:21:52.981231,77,,person,0.8482805490493774,87,74,639,479,0,0,False,,0,
2025-09-26T22:21:53.116395,78,,person,0.9053694009780884,85,76,638,479,0,0,False,,0,
2025-09-26T22:21:53.233045,79,,person,0.9068616628646851,86,76,638,479,0,0,False,,0,
2025-09-26T22:21:53.396004,80,,person,0.9046506285667419,86,75,638,479,0,0,False,,0,
2025-09-26T22:21:53.548722,81,,person,0.9052331447601318,86,80,639,479,0,0,False,,0,
2025-09-26T22:21:53.692443,82,,person,0.8947190046310425,87,78,639,479,0,0,False,,0,
2025-09-26T22:21:53.832292,83,,person,0.8949411511421204,88,81,639,479,0,0,False,,0,
2025-09-26T22:21:53.970339,84,,person,0.9103807806968689,96,80,639,479,0,0,False,,0,
2025-09-26T22:21:54.609008,85,,person,0.8898019790649414,86,81,639,479,0,0,False,,0,
2025-09-26T22:21:54.799282,86,,person,0.9058424830436707,98,109,639,479,0,0,False,,0,
2025-09-26T22:21:54.932911,87,,person,0.9058424830436707,98,109,639,479,0,0,False,,0,
2025-09-26T22:21:55.095495,88,,person,0.6800143718719482,85,92,638,479,0,0,False,,0,
2025-09-26T22:21:55.222124,89,,person,0.5659952759742737,86,93,638,479,0,0,False,,0,
2025-09-26T22:21:55.362614,90,,person,0.8717138767242432,77,116,626,479,0,0,False,,0,
2025-09-26T22:21:55.487176,91,,person,0.8453819155693054,74,121,626,479,0,0,False,,0,
2025-09-26T22:21:55.612443,92,,person,0.8836129903793335,70,120,624,479,0,0,False,,0,
2025-09-26T22:21:55.732039,93,,person,0.6541274785995483,58,94,631,478,0,0,False,,0,
2025-09-26T22:21:55.883928,94,,person,0.8936799168586731,76,116,637,480,0,0,False,,0,
2025-09-26T22:21:56.066666,95,,person,0.9068410396575928,88,94,637,479,0,0,False,,0,
2025-09-26T22:21:56.758986,96,,person,0.8198534846305847,70,88,637,479,0,0,False,,0,
2025-09-26T22:21:56.914646,97,,cat,0.5723357796669006,86,120,609,479,0,0,False,,0,
2025-09-26T22:21:57.067231,98,,person,0.8498857021331787,79,75,637,479,0,0,False,,0,
2025-09-26T22:21:57.247486,99,,person,0.8460941314697266,78,117,630,479,0,0,False,,0,
2025-09-26T22:21:57.436558,100,,person,0.8838596940040588,83,114,620,479,0,0,False,,0,
2025-09-26T22:21:57.704572,101,,person,0.9169105887413025,83,117,634,479,0,0,False,,0,
2025-09-26T22:21:58.036644,102,,person,0.8961492776870728,82,119,638,479,0,0,False,,0,
2025-09-26T22:21:58.872874,103,,person,0.9054073095321655,78,120,637,478,0,0,False,,0,
2025-09-26T22:21:59.057510,104,,person,0.8942074775695801,106,132,612,479,0,0,False,,0,
2025-09-26T22:21:59.192005,105,,person,0.8629017472267151,111,135,623,479,0,0,False,,0,
2025-09-26T22:21:59.328987,106,,person,0.8768267035484314,118,136,605,479,0,0,False,,0,
2025-09-26T22:21:59.496753,107,,person,0.8776807188987732,117,135,615,479,0,0,False,,0,
2025-09-26T22:21:59.713330,108,,person,0.8778315782546997,116,134,601,479,0,0,False,,0,
2025-09-26T22:22:00.052350,109,,person,0.8905569911003113,117,135,599,479,0,0,False,,0,
2025-09-26T22:22:00.920378,110,,person,0.882178008556366,116,134,609,479,0,0,False,,0,
2025-09-26T22:22:01.081398,111,,person,0.8699764609336853,118,136,602,479,0,0,False,,0,
2025-09-26T22:22:01.228166,112,,person,0.8800275921821594,117,137,594,479,0,0,False,,0,
2025-09-26T22:22:01.348533,113,,person,0.8888506293296814,114,135,595,479,0,0,False,,0,
2025-09-26T22:22:01.485030,114,,person,0.879381537437439,115,136,597,479,0,0,False,,0,
2025-09-26T22:22:01.619151,115,,person,0.8814214468002319,115,134,614,479,0,0,False,,0,
2025-09-26T22:22:01.778523,116,,person,0.871990978717804,117,135,607,479,0,0,False,,0,
2025-09-26T22:22:01.982404,117,,person,0.8767550587654114,117,135,602,479,0,0,False,,0,
2025-09-26T22:22:02.171902,118,,person,0.8925899863243103,116,136,611,479,0,0,False,,0,
2025-09-26T22:22:02.365265,119,,person,0.8886538743972778,115,136,598,479,0,0,False,,0,
2025-09-26T22:22:03.076181,120,,person,0.8812482357025146,118,135,616,479,0,0,False,,0,
2025-09-26T22:22:03.266209,121,,person,0.899125874042511,116,136,616,479,0,0,False,,0,
2025-09-26T22:22:03.418897,122,,person,0.8928781151771545,116,135,617,479,0,0,False,,0,
2025-09-26T22:22:03.601974,123,,person,0.8997631669044495,117,135,621,479,0,0,False,,0,
2025-09-26T22:22:03.748945,124,,person,0.8921536207199097,116,135,613,479,0,0,False,,0,
2025-09-26T22:22:03.917261,125,,person,0.896664559841156,116,136,620,479,0,0,False,,0,
2025-09-26T22:22:04.100409,126,,person,0.8917695879936218,111,134,635,479,0,0,False,,0,
2025-09-26T22:22:04.273981,127,,person,0.8903656005859375,112,136,620,479,0,0,False,,0,
2025-09-26T22:22:04.467499,128,,person,0.888374924659729,116,135,619,479,0,0,False,,0,
2025-09-26T22:22:05.175646,129,,person,0.8813285827636719,117,135,626,479,0,0,False,,0,
2025-09-26T22:22:17.996585,130,,person,0.8929493427276611,67,120,631,479,0,0,False,,0,
2025-09-26T22:22:18.227859,131,,person,0.6995245814323425,79,127,616,479,0,0,False,,0,
2025-09-26T22:22:18.387890,132,,person,0.5452407002449036,85,125,608,479,0,0,False,,0,
2025-09-26T22:22:18.545496,133,,dog,0.5790001153945923,85,123,620,479,0,0,False,,0,
2025-09-26T22:22:18.670730,134,,person,0.6883953809738159,75,147,618,479,0,0,False,,0,
2025-09-26T22:22:18.812224,135,,cat,0.7448353171348572,77,117,586,479,0,0,False,,0,
2025-09-26T22:22:18.998173,136,,person,0.9010648131370544,72,119,601,479,0,0,False,,0,
2025-09-26T22:22:19.167291,137,,person,0.8976775407791138,72,119,637,479,0,0,False,,0,
2025-09-26T22:22:19.365980,138,,person,0.9252256155014038,83,121,638,479,0,0,False,,0,
2025-09-26T22:22:20.029941,139,,person,0.8991252183914185,77,121,639,479,0,0,False,,0,
2025-09-26T22:22:20.239427,140,,person,0.9103483557701111,80,122,638,479,0,0,False,,0,
2025-09-26T22:22:20.431225,141,,person,0.8755685091018677,78,127,589,479,0,0,False,,0,
2025-09-26T22:22:20.606198,142,,person,0.5354106426239014,83,138,605,479,0,0,False,,0,
2025-09-26T22:22:20.770986,143,,person,0.6990396976470947,83,108,634,479,0,0,False,,0,
2025-09-26T22:22:20.948417,144,,person,0.9055178761482239,80,130,610,479,0,0,False,,0,
2025-09-26T22:22:21.078125,145,,person,0.8886408805847168,81,134,609,479,0,0,False,,0,
2025-09-26T22:22:21.232214,146,,person,0.8035915493965149,64,150,631,478,0,0,False,,0,
2025-09-26T22:22:21.375644,147,,person,0.8423347473144531,71,148,578,479,0,0,False,,0,
2025-09-26T22:22:21.514930,148,,person,0.7081236243247986,64,143,598,479,0,0,False,,0,
2025-09-26T22:22:22.179786,149,,person,0.8397775292396545,36,146,609,479,0,0,False,,0,
2025-09-26T22:22:22.330242,150,,person,0.755573034286499,4,141,637,479,0,0,False,,0,
2025-09-26T22:22:22.465175,151,,person,0.6762653589248657,14,142,637,479,0,0,False,,0,
2025-09-26T22:22:22.599772,152,,person,0.8327049612998962,0,137,638,479,0,0,False,,0,
2025-09-26T22:22:22.747075,153,,person,0.745076060295105,0,134,638,478,0,0,False,,0,
2025-09-26T22:22:22.930647,154,,person,0.6215482354164124,1,128,638,479,0,0,False,,0,
2025-09-26T22:22:23.064266,155,,person,0.7027478218078613,0,131,637,479,0,0,False,,0,
2025-09-26T22:22:23.212818,156,,person,0.7193346619606018,0,131,638,479,0,0,False,,0,
2025-09-26T22:22:23.333728,157,,person,0.7089644074440002,1,122,639,479,0,0,False,,0,
2025-09-26T22:22:23.449687,158,,person,0.5966435074806213,0,138,631,479,0,0,False,,0,
2025-09-26T22:22:23.586171,159,,person,0.7286503314971924,0,133,638,479,0,0,False,,0,
2025-09-26T22:22:24.277545,160,,person,0.7119589447975159,0,133,633,478,0,0,False,,0,
2025-09-26T22:22:24.530618,162,,person,0.7167943716049194,23,135,634,479,0,0,False,,0,
2025-09-26T22:22:24.673051,163,,person,0.848395049571991,66,137,637,479,0,0,False,,0,
2025-09-26T22:22:24.947338,164,,person,0.725444495677948,67,135,620,479,0,0,False,,0,
2025-09-26T22:22:25.107955,165,,person,0.7718520760536194,42,129,625,480,0,0,False,,0,
2025-09-26T22:22:25.241380,166,,person,0.8711273670196533,78,139,637,479,0,0,False,,0,
2025-09-26T22:22:25.390315,167,,person,0.8119707107543945,70,140,628,479,0,0,False,,0,
2025-09-26T22:22:25.519076,168,,person,0.8298259973526001,74,144,635,479,0,0,False,,0,
2025-09-26T22:22:25.663947,169,,person,0.8261459469795227,78,145,638,479,0,0,False,,0,
2025-09-26T22:22:26.307019,170,,person,0.7289421558380127,66,148,637,479,0,0,False,,0,
2025-09-26T22:22:26.477430,171,,person,0.7343782782554626,68,147,634,479,0,0,False,,0,
2025-09-26T22:22:26.640089,172,,person,0.8626805543899536,58,138,639,479,0,0,False,,0,
2025-09-26T22:22:26.780253,173,,person,0.5887600183486938,68,163,638,479,0,0,False,,0,
2025-09-26T22:22:26.956923,174,,person,0.7508770227432251,69,138,637,479,0,0,False,,0,
2025-09-26T22:22:27.096887,175,,person,0.8117692470550537,64,134,638,479,0,0,False,,0,
2025-09-26T22:22:27.248147,176,,person,0.5916242599487305,57,135,625,479,0,0,False,,0,
2025-09-26T22:22:27.394441,177,,person,0.7400708794593811,61,144,634,479,0,0,False,,0,
2025-09-26T22:22:27.534412,178,,person,0.7425377368927002,47,143,622,478,0,0,False,,0,
2025-09-26T22:22:27.678014,179,,person,0.7666783332824707,53,133,627,479,0,0,False,,0,
2025-09-26T22:22:28.860805,183,,person,0.5957992672920227,17,152,579,479,0,0,False,,0,
2025-09-26T22:22:29.044041,184,,person,0.7135133147239685,74,154,628,479,0,0,False,,0,
2025-09-26T22:22:29.180689,185,,person,0.8547958135604858,76,159,634,479,0,0,False,,0,
2025-09-26T22:22:29.367006,186,,person,0.8019064664840698,91,155,637,479,0,0,False,,0,
2025-09-26T22:22:29.561438,187,,person,0.8677761554718018,81,153,639,479,0,0,False,,0,
2025-09-26T22:22:29.763865,188,,person,0.7254611849784851,91,138,637,479,0,0,False,,0,
2025-09-26T22:22:29.955427,189,,person,0.7335984706878662,80,140,620,479,0,0,False,,0,
2025-09-26T22:22:30.146908,190,,person,0.5074452757835388,68,155,623,479,0,0,False,,0,
2025-09-26T22:22:32.057992,199,,person,0.7249165177345276,19,125,628,479,0,0,False,,0,
2025-09-26T22:22:32.246735,200,,person,0.8257283568382263,35,148,635,479,0,0,False,,0,
2025-09-26T22:22:32.439542,201,,person,0.8005130290985107,63,149,633,479,0,0,False,,0,
2025-09-26T22:22:32.630101,202,,person,0.7088440656661987,42,149,614,479,0,0,False,,0,
2025-09-26T22:22:32.813884,203,,person,0.831325352191925,55,150,609,479,0,0,False,,0,
2025-09-26T22:22:32.993887,204,,person,0.847471296787262,52,152,630,479,0,0,False,,0,
2025-09-26T22:22:33.188442,205,,person,0.8009510636329651,59,152,633,479,0,0,False,,0,
2025-09-26T22:22:33.354604,206,,person,0.8569836020469666,52,151,637,479,0,0,False,,0,
2025-09-26T22:22:34.058260,207,,person,0.8616251349449158,52,153,637,479,0,0,False,,0,
2025-09-26T22:22:34.360534,209,,person,0.5449565052986145,231,338,639,479,0,0,False,,0,
2025-09-26T22:22:34.710660,211,,person,0.582054853439331,204,154,637,479,0,0,False,,0,
2025-09-26T22:22:35.417132,215,,person,0.5585522651672363,4,2,638,479,0,0,False,,0,
2025-09-26T22:22:36.357399,218,,person,0.5260782837867737,3,4,639,477,0,0,False,,0,
2025-09-26T22:22:36.806395,221,,person,0.502170741558075,0,114,638,477,0,0,False,,0,
2025-09-26T22:22:37.150893,223,,person,0.7890255451202393,1,131,637,479,0,0,False,,0,
2025-09-26T22:22:37.324263,224,,person,0.7151680588722229,6,132,625,479,0,0,False,,0,
2025-09-26T22:22:37.481559,225,,person,0.767111599445343,32,137,632,479,0,0,False,,0,
2025-09-26T22:22:37.668106,226,,person,0.8670345544815063,49,142,635,479,0,0,False,,0,
2025-09-26T22:22:38.389403,227,,person,0.6453055143356323,51,143,638,479,0,0,False,,0,
2025-09-26T22:22:38.563045,228,,person,0.7983213067054749,53,152,564,479,0,0,False,,0,
2025-09-26T22:22:38.726990,229,,person,0.8396929502487183,61,154,548,479,0,0,False,,0,
2025-09-26T22:22:38.906040,230,,person,0.6174530982971191,62,158,531,479,0,0,False,,0,
2025-09-26T22:22:39.110328,231,,person,0.8323254585266113,68,152,529,479,0,0,False,,0,
2025-09-26T22:22:39.329348,232,,person,0.8079541325569153,49,153,580,479,0,0,False,,0,
2025-09-26T22:22:39.514812,233,,person,0.8025568723678589,7,150,635,479,0,0,False,,0,
2025-09-26T22:22:39.685075,234,,person,0.8368067741394043,17,146,638,479,0,0,False,,0,
2025-09-26T22:22:39.865033,235,,person,0.7786102294921875,62,150,383,479,0,0,False,,0,
2025-09-26T22:22:40.557678,236,,person,0.7298794388771057,65,150,634,479,0,0,False,,0,
2025-09-26T22:22:40.760296,237,,person,0.8421618342399597,71,152,639,479,0,0,False,,0,
2025-09-26T22:22:40.946195,238,,person,0.7629494071006775,71,153,633,479,0,0,False,,0,
2025-09-26T22:22:41.148526,239,,person,0.8244879245758057,55,152,626,479,0,0,False,,0,
2025-09-26T22:22:41.311081,240,,person,0.8469784259796143,70,156,620,479,0,0,False,,0,
2025-09-26T22:22:41.477380,241,,person,0.8719152808189392,68,153,629,479,0,0,False,,0,
2025-09-26T22:22:41.657639,242,,person,0.8710678219795227,45,154,638,479,0,0,False,,0,
2025-09-26T22:22:41.880191,243,,person,0.870394229888916,81,154,637,479,0,0,False,,0,
2025-09-26T22:22:42.627683,244,,person,0.8813683390617371,80,153,637,479,0,0,False,,0,
2025-09-26T22:22:42.805256,245,,person,0.852982759475708,68,153,635,479,0,0,False,,0,
2025-09-26T22:22:42.963180,246,,person,0.84370356798172,75,152,639,479,0,0,False,,0,
2025-09-26T22:22:43.182885,247,,person,0.8470852971076965,78,153,636,479,0,0,False,,0,
2025-09-26T22:22:43.444793,248,,person,0.8359347581863403,71,153,636,479,0,0,False,,0,
2025-09-26T22:22:43.718357,249,,person,0.8841074705123901,74,149,637,479,0,0,False,,0,
2025-09-26T22:22:44.060439,250,,person,0.8533264994621277,79,152,625,479,0,0,False,,0,
2025-09-26T22:22:44.893783,251,,person,0.700882613658905,72,158,521,479,0,0,False,,0,
2025-09-26T22:22:45.062970,252,,person,0.8535169959068298,57,152,521,479,0,0,False,,0,
2025-09-26T22:22:45.212818,253,,person,0.8393017649650574,58,153,524,479,0,0,False,,0,
2025-09-26T22:22:45.391204,254,,person,0.8540626168251038,69,152,545,479,0,0,False,,0,
2025-09-26T22:22:45.665630,255,,person,0.7797654271125793,72,154,545,479,0,0,False,,0,
2025-09-26T22:22:46.031807,256,,person,0.8490433692932129,72,152,540,479,0,0,False,,0,
2025-09-26T22:22:46.890099,257,,person,0.8802616000175476,68,150,575,479,0,0,False,,0,
2025-09-26T22:22:47.062687,258,,person,0.7231979966163635,228,150,586,479,0,0,False,,0,
2025-09-26T22:22:47.190450,259,,person,0.77979576587677,231,151,594,479,0,0,False,,0,
2025-09-26T22:22:47.360108,260,,person,0.6625732779502869,232,151,607,479,0,0,False,,0,
2025-09-26T22:22:47.360108,260,,bird,0.5703471899032593,6,312,186,429,0,0,False,,0,
2025-09-26T22:22:47.571781,261,,person,0.7612403631210327,8,151,632,479,0,0,False,,0,
2025-09-26T22:22:47.715097,262,,person,0.7222471237182617,9,148,633,479,0,0,False,,0,
2025-09-26T22:22:47.893316,263,,person,0.8696215152740479,63,148,637,479,0,0,False,,0,
2025-09-26T22:22:48.076678,264,,person,0.7864484190940857,30,150,636,479,0,0,False,,0,
2025-09-26T22:22:48.243343,265,,person,0.6962019801139832,234,151,617,480,0,0,False,,0,
2025-09-26T22:22:48.949071,266,,person,0.7143413424491882,4,150,633,479,0,0,False,,0,
2025-09-26T22:22:49.126543,267,,person,0.8630885481834412,73,157,548,479,0,0,False,,0,
2025-09-26T22:22:49.314923,268,,person,0.8961269855499268,65,157,542,479,0,0,False,,0,
2025-09-26T22:22:49.518235,269,,person,0.8235334157943726,48,154,538,479,0,0,False,,0,
2025-09-26T22:22:49.780611,270,,person,0.8544147610664368,64,153,541,479,0,0,False,,0,
2025-09-26T22:22:50.126614,271,,person,0.8733803629875183,55,155,543,479,0,0,False,,0,
2025-09-26T22:22:51.195487,274,,person,0.8848845362663269,81,133,635,479,0,0,False,,0,
2025-09-26T22:22:51.356828,275,,person,0.8079151511192322,89,116,632,479,0,0,False,,0,
2025-09-26T22:22:51.518447,276,,person,0.8357500433921814,91,116,622,479,0,0,False,,0,
2025-09-26T22:22:51.676438,277,,person,0.8478231430053711,99,115,633,479,0,0,False,,0,
2025-09-26T22:22:51.879813,278,,person,0.8176177740097046,94,116,634,479,0,0,False,,0,
2025-09-26T22:22:52.046118,279,,person,0.8459371328353882,98,116,635,479,0,0,False,,0,
2025-09-26T22:22:52.229264,280,,person,0.8481639623641968,99,115,635,479,0,0,False,,0,
2025-09-26T22:22:52.431496,281,,person,0.8285068869590759,95,117,634,479,0,0,False,,0,
2025-09-26T22:22:53.243120,282,,person,0.8440245389938354,101,116,635,479,0,0,False,,0,
2025-09-26T22:22:53.424098,283,,person,0.8405280709266663,102,114,634,479,0,0,False,,0,
2025-09-26T22:22:53.624910,284,,person,0.8328795433044434,98,114,628,479,0,0,False,,0,
2025-09-26T22:22:53.898024,285,,person,0.8291667699813843,95,114,632,479,0,0,False,,0,
2025-09-26T22:22:54.231780,286,,person,0.8282744288444519,100,115,631,479,0,0,False,,0,
2025-09-26T22:22:54.549315,287,,person,0.8301909565925598,96,117,632,479,0,0,False,,0,
2025-09-26T22:22:54.696138,288,,person,0.845967710018158,103,118,623,479,0,0,False,,0,
2025-09-26T22:22:55.365227,289,,person,0.8677625060081482,103,117,607,479,0,0,False,,0,
2025-09-26T22:22:55.564206,290,,person,0.8306154608726501,98,121,622,479,0,0,False,,0,
2025-09-26T22:22:55.899009,291,,person,0.8449746966362,97,121,610,479,0,0,False,,0,
2025-09-26T22:22:56.281713,292,,person,0.8846632838249207,98,120,628,479,0,0,False,,0,
2025-09-26T22:22:56.609737,293,,person,0.8406189680099487,102,120,629,479,0,0,False,,0,
2025-09-26T22:22:56.774165,294,,person,0.861843466758728,102,121,617,479,0,0,False,,0,
2025-09-26T22:22:57.432258,295,,person,0.8565699458122253,101,120,628,479,0,0,False,,0,
2025-09-26T22:22:57.593280,296,,person,0.8655251860618591,95,121,622,479,0,0,False,,0,
2025-09-26T22:22:57.721471,297,,person,0.8438851833343506,95,121,631,479,0,0,False,,0,
2025-09-26T22:22:57.879006,298,,person,0.8436443209648132,95,121,605,479,0,0,False,,0,
2025-09-26T22:22:58.059599,299,,person,0.8381010890007019,94,122,602,479,0,0,False,,0,
2025-09-26T22:22:58.246593,300,,person,0.8252363204956055,92,120,606,479,0,0,False,,0,
2025-09-26T22:22:58.446393,301,,person,0.8460697531700134,92,121,616,479,0,0,False,,0,
2025-09-26T22:22:58.662901,302,,person,0.8596999049186707,104,121,638,479,0,0,False,,0,
2025-09-26T22:22:58.896975,303,,person,0.847395658493042,102,121,637,479,0,0,False,,0,
2025-09-26T22:22:59.593727,304,,person,0.8354934453964233,108,118,636,479,0,0,False,,0,
2025-09-26T22:22:59.757831,305,,person,0.8355183005332947,88,119,635,479,0,0,False,,0,
2025-09-26T22:22:59.942822,306,,person,0.8561525344848633,102,119,634,479,0,0,False,,0,
2025-09-26T22:23:00.163242,307,,person,0.8427335619926453,105,120,633,479,0,0,False,,0,
2025-09-26T22:23:00.362605,308,,person,0.8660311698913574,100,119,630,479,0,0,False,,0,
2025-09-26T22:23:00.563241,309,,person,0.8508267402648926,98,120,631,479,0,0,False,,0,
2025-09-26T22:23:00.772426,310,,person,0.8575872182846069,95,120,625,479,0,0,False,,0,
2025-09-26T22:23:00.971748,311,,person,0.8538447618484497,101,119,629,479,0,0,False,,0,
2025-09-26T22:23:01.676875,312,,person,0.8626348376274109,97,118,635,479,0,0,False,,0,
2025-09-26T22:23:01.847572,313,,person,0.8245740532875061,83,120,628,479,0,0,False,,0,
2025-09-26T22:23:02.021733,314,,person,0.8250417709350586,87,120,612,479,0,0,False,,0,
2025-09-26T22:23:02.187821,315,,person,0.8576064705848694,92,119,623,479,0,0,False,,0,
2025-09-26T22:23:02.365015,316,,person,0.7639711499214172,89,121,612,478,0,0,False,,0,
2025-09-26T22:23:02.589359,317,,person,0.8322019577026367,97,121,636,479,0,0,False,,0,
2025-09-26T22:23:02.807661,318,,person,0.8790549039840698,96,117,637,479,0,0,False,,0,
2025-09-26T22:23:03.012515,319,,person,0.8978080749511719,101,119,638,479,0,0,False,,0,
2025-09-26T22:23:03.711918,320,,person,0.8913105130195618,95,119,637,479,0,0,False,,0,
2025-09-26T22:23:03.895903,321,,person,0.878505289554596,96,117,637,479,0,0,False,,0,
2025-09-26T22:23:04.045746,322,,person,0.8848182559013367,96,118,637,479,0,0,False,,0,
2025-09-26T22:23:04.229294,323,,person,0.8877692222595215,99,119,637,479,0,0,False,,0,
2025-09-26T22:23:04.425976,324,,person,0.8574877381324768,91,121,638,479,0,0,False,,0,
2025-09-26T22:23:04.648455,325,,person,0.8711058497428894,90,119,636,479,0,0,False,,0,
2025-09-26T22:23:04.850241,326,,person,0.8405778408050537,102,120,634,479,0,0,False,,0,
2025-09-26T22:23:05.049938,327,,person,0.8543234467506409,103,117,634,479,0,0,False,,0,
2025-09-26T22:23:05.760109,328,,person,0.878360390663147,98,116,636,479,0,0,False,,0,
2025-09-26T22:23:05.928320,329,,person,0.8540884256362915,99,116,633,479,0,0,False,,0,
2025-09-26T22:23:06.109758,330,,person,0.8563525676727295,103,117,630,479,0,0,False,,0,
2025-09-26T22:23:06.295339,331,,person,0.8408986330032349,98,117,635,479,0,0,False,,0,
2025-09-26T22:23:06.463518,332,,person,0.8443059921264648,94,117,637,479,0,0,False,,0,
2025-09-26T22:23:06.678935,333,,person,0.8760853409767151,103,118,637,479,0,0,False,,0,
2025-09-26T22:23:07.045515,335,,person,0.7129363417625427,88,117,634,479,0,0,False,,0,
2025-09-26T22:23:07.773771,336,,person,0.8540340065956116,93,118,634,479,0,0,False,,0,
2025-09-26T22:23:07.956543,337,,person,0.877371072769165,97,118,629,479,0,0,False,,0,
2025-09-26T22:23:08.152046,338,,person,0.858940064907074,92,118,629,479,0,0,False,,0,
2025-09-26T22:23:08.364036,339,,person,0.8790808320045471,94,118,632,479,0,0,False,,0,
2025-09-26T22:23:08.564324,340,,person,0.8711199164390564,93,118,630,479,0,0,False,,0,
2025-09-26T22:23:08.780833,341,,person,0.8941136002540588,92,117,625,479,0,0,False,,0,
2025-09-26T22:23:08.989121,342,,person,0.8891621232032776,91,118,632,479,0,0,False,,0,
2025-09-26T22:23:09.175786,343,,person,0.8867974281311035,90,118,628,479,0,0,False,,0,
2025-09-26T22:23:09.878354,344,,person,0.8830156326293945,92,119,630,479,0,0,False,,0,
2025-09-26T22:23:10.056201,345,,person,0.8944122791290283,90,119,632,479,0,0,False,,0,
2025-09-26T22:23:10.225758,346,,person,0.8856381773948669,94,119,630,479,0,0,False,,0,
2025-09-26T22:23:10.378375,347,,person,0.8851572871208191,94,119,633,479,0,0,False,,0,
2025-09-26T22:23:10.578078,348,,person,0.8774042725563049,91,118,633,479,0,0,False,,0,
2025-09-26T22:23:10.789765,349,,person,0.8678320050239563,90,119,630,479,0,0,False,,0,
2025-09-26T22:23:11.001419,350,,person,0.8673838376998901,96,119,621,479,0,0,False,,0,
2025-09-26T22:23:11.209023,351,,person,0.8813299536705017,94,120,622,479,0,0,False,,0,
2025-09-26T22:23:11.893152,352,,person,0.8693996071815491,96,120,615,479,0,0,False,,0,
2025-09-26T22:23:12.082214,353,,person,0.8785209059715271,98,119,627,479,0,0,False,,0,
2025-09-26T22:23:12.230786,354,,person,0.8881600499153137,94,119,632,479,0,0,False,,0,
2025-09-26T22:23:12.429886,355,,person,0.8954783082008362,94,118,629,479,0,0,False,,0,
2025-09-26T22:23:12.625661,356,,person,0.8812916278839111,94,118,632,479,0,0,False,,0,
2025-09-26T22:23:48.058321,357,,person,0.8839906454086304,78,127,629,479,0,0,False,,0,
2025-09-26T22:23:48.319741,358,,person,0.8816403746604919,88,128,634,479,0,0,False,,0,
2025-09-26T22:23:48.477634,359,,person,0.8752330541610718,94,128,632,479,0,0,False,,0,
2025-09-26T22:23:48.652515,360,,person,0.8828830122947693,89,127,635,479,0,0,False,,0,
2025-09-26T22:23:48.868424,361,,person,0.8860597610473633,91,127,630,479,0,0,False,,0,
2025-09-26T22:23:49.074149,362,,person,0.8858001232147217,91,127,631,479,0,0,False,,0,
2025-09-26T22:23:49.261688,363,,person,0.8889203667640686,87,126,631,479,0,0,False,,0,
2025-09-26T22:23:49.444185,364,,person,0.8967317342758179,90,125,636,479,0,0,False,,0,
2025-09-26T22:23:50.144956,365,,person,0.9002613425254822,89,125,633,479,0,0,False,,0,
2025-09-26T22:23:50.390753,366,,person,0.8821813464164734,87,125,631,479,0,0,False,,0,
2025-09-26T22:23:50.734969,367,,person,0.8812030553817749,92,126,629,479,0,0,False,,0,
2025-09-26T22:23:50.936880,368,,person,0.8969153761863708,93,125,635,479,0,0,False,,0,
2025-09-26T22:23:51.150404,369,,person,0.8924995064735413,90,125,632,479,0,0,False,,0,
2025-09-26T22:23:51.392388,370,,person,0.8914040923118591,91,124,632,479,0,0,False,,0,
2025-09-26T22:23:52.158709,371,,person,0.8827558159828186,87,124,629,479,0,0,False,,0,
2025-09-26T22:23:52.361693,372,,person,0.8878191709518433,89,124,629,479,0,0,False,,0,
2025-09-26T22:23:52.542730,373,,person,0.8763468265533447,80,123,637,479,0,0,False,,0,
2025-09-26T22:23:52.702514,374,,person,0.8859280347824097,80,123,636,479,0,0,False,,0,
2025-09-26T22:23:52.909488,375,,person,0.8880194425582886,89,123,635,479,0,0,False,,0,
2025-09-26T22:23:53.276118,376,,person,0.8750628232955933,91,124,635,479,0,0,False,,0,
2025-09-26T22:23:53.598078,377,,person,0.8934555053710938,87,122,635,479,0,0,False,,0,
2025-09-26T22:23:54.361959,378,,person,0.8960375189781189,88,123,637,479,0,0,False,,0,
2025-09-26T22:23:54.526805,379,,person,0.8933736681938171,90,121,627,479,0,0,False,,0,
2025-09-26T22:23:54.694133,380,,person,0.8715342879295349,93,125,591,479,0,0,False,,0,
2025-09-26T22:23:54.896081,381,,person,0.8859407305717468,93,125,615,479,0,0,False,,0,
2025-09-26T22:23:55.065235,382,,person,0.8631738424301147,95,124,636,479,0,0,False,,0,
2025-09-26T22:23:55.261766,383,,person,0.8597654700279236,94,124,632,479,0,0,False,,0,
2025-09-26T22:23:55.424423,384,,person,0.8671092987060547,92,124,635,479,0,0,False,,0,
2025-09-26T22:23:55.562548,385,,person,0.8844541311264038,96,124,635,479,0,0,False,,0,
2025-09-26T22:23:55.776538,386,,person,0.8742972016334534,95,124,634,479,0,0,False,,0,
2025-09-26T22:23:56.475798,387,,person,0.8666679263114929,92,124,631,479,0,0,False,,0,
2025-09-26T22:23:56.662009,388,,person,0.8861514329910278,83,122,637,479,0,0,False,,0,
2025-09-26T22:23:56.844853,389,,person,0.8728827834129333,84,123,628,479,0,0,False,,0,
2025-09-26T22:23:57.240591,390,,person,0.886947751045227,96,124,636,479,0,0,False,,0,
2025-09-26T22:23:57.565648,391,,person,0.8923382759094238,88,122,637,479,0,0,False,,0,
2025-09-26T22:23:57.893949,392,,person,0.8878249526023865,84,121,631,479,0,0,False,,0,
2025-09-26T22:23:58.586984,393,,person,0.8784886598587036,87,122,625,479,0,0,False,,0,
2025-09-26T22:23:58.777886,394,,person,0.8975236415863037,89,122,635,479,0,0,False,,0,
2025-09-26T22:23:59.140457,395,,person,0.9001799821853638,90,122,636,479,0,0,False,,0,
2025-09-26T22:23:59.448068,396,,person,0.8915721774101257,87,120,637,479,0,0,False,,0,
2025-09-26T22:23:59.781604,397,,person,0.8906086087226868,79,119,636,479,0,0,False,,0,
2025-09-26T22:23:59.995824,398,,person,0.8720604181289673,87,117,631,479,0,0,False,,0,
2025-09-26T22:24:00.709824,399,,person,0.8623153567314148,83,118,633,479,0,0,False,,0,
2025-09-26T22:24:00.903326,400,,person,0.8829442858695984,81,119,628,479,0,0,False,,0,
2025-09-26T22:24:01.065949,401,,person,0.900571346282959,78,120,623,479,0,0,False,,0,
2025-09-26T22:24:01.228778,402,,person,0.8840574622154236,84,120,627,479,0,0,False,,0,
2025-09-26T22:24:01.374149,403,,person,0.8919203281402588,85,119,627,479,0,0,False,,0,
2025-09-26T22:24:01.511632,404,,person,0.8801828026771545,86,121,628,479,0,0,False,,0,
2025-09-26T22:24:01.668103,405,,person,0.8787509202957153,85,120,623,479,0,0,False,,0,
2025-09-26T22:24:01.860718,406,,person,0.8918362259864807,89,121,632,479,0,0,False,,0,
2025-09-26T22:24:02.060780,407,,person,0.8773894309997559,90,120,628,479,0,0,False,,0,
2025-09-26T22:24:02.767025,408,,person,0.854713499546051,87,121,628,479,0,0,False,,0,
2025-09-26T22:24:03.119538,409,,person,0.8980839848518372,94,120,636,479,0,0,False,,0,
2025-09-26T22:24:03.626833,410,,person,0.8809560537338257,86,120,635,479,0,0,False,,0,
2025-09-26T22:24:03.990428,411,,person,0.892885148525238,89,119,634,479,0,0,False,,0,
2025-09-26T22:24:04.878327,412,,person,0.8763394951820374,78,119,636,479,0,0,False,,0,
2025-09-26T22:24:05.142803,413,,person,0.8684446215629578,81,119,633,479,0,0,False,,0,
2025-09-26T22:24:05.296303,414,,person,0.8908360004425049,84,118,634,479,0,0,False,,0,
2025-09-26T22:24:05.473517,415,,person,0.8604095578193665,80,119,631,479,0,0,False,,0,
2025-09-26T22:24:05.631200,416,,person,0.8632460236549377,85,120,629,479,0,0,False,,0,
2025-09-26T22:24:05.810125,417,,person,0.8609980940818787,79,119,630,479,0,0,False,,0,
2025-09-26T22:24:06.114109,418,,person,0.8669560551643372,79,119,626,479,0,0,False,,0,
2025-09-26T22:24:07.059831,419,,person,0.8820258975028992,84,119,630,479,0,0,False,,0,
2025-09-26T22:24:07.272050,420,,person,0.884990930557251,86,121,625,479,0,0,False,,0,
2025-09-26T22:24:07.430350,421,,person,0.8804196119308472,80,121,631,479,0,0,False,,0,
2025-09-26T22:24:07.827078,422,,person,0.8837204575538635,80,120,627,479,0,0,False,,0,
2025-09-26T22:24:08.263901,423,,person,0.8864043354988098,83,120,627,479,0,0,False,,0,
2025-09-26T22:24:09.394601,424,,person,0.8807279467582703,83,118,635,479,0,0,False,,0,
2025-09-26T22:24:09.842812,425,,person,0.8818163871765137,88,119,631,479,0,0,False,,0,
2025-09-26T22:24:10.411809,426,,person,0.8926341533660889,83,119,630,479,0,0,False,,0,
2025-09-26T22:24:10.804571,427,,person,0.8820822834968567,91,120,627,479,0,0,False,,0,
2025-09-26T22:24:11.524316,428,,person,0.8899638652801514,86,121,620,479,0,0,False,,0,
2025-09-26T22:24:11.914796,429,,person,0.8890327215194702,86,119,632,479,0,0,False,,0,
2025-09-26T22:33:25.913032,1,,person,0.7244275808334351,167,240,512,479,0,0,False,,0,
2025-09-26T22:33:26.249581,2,,person,0.8403858542442322,174,249,637,479,0,0,False,,0,
2025-09-26T22:33:26.401000,3,,person,0.7996408939361572,173,246,635,479,0,0,False,,0,
2025-09-26T22:33:26.576391,4,,person,0.7946385145187378,171,244,638,479,0,0,False,,0,
2025-09-26T22:33:26.745550,5,,person,0.6249202489852905,169,249,635,479,0,0,False,,0,
2025-09-26T22:33:27.786195,13,,person,0.543353796005249,155,240,486,479,0,0,False,,0,
2025-09-26T22:33:28.393354,18,,person,0.570107638835907,149,239,632,479,0,0,False,,0,
2025-09-26T22:33:28.593877,19,,person,0.5612747073173523,146,242,629,479,0,0,False,,0,
2025-09-26T22:33:28.789057,20,,person,0.6503807902336121,145,243,633,479,0,0,False,,0,
2025-09-26T22:33:28.961517,21,,person,0.5632753968238831,148,244,628,479,0,0,False,,0,
2025-09-26T22:33:29.141476,22,,person,0.5717583894729614,154,242,627,479,0,0,False,,0,
2025-09-26T22:33:29.631975,26,,person,0.5120204091072083,149,243,631,479,0,0,False,,0,
2025-09-26T22:33:30.127443,30,,person,0.5071582198143005,147,249,633,479,0,0,False,,0,
2025-09-26T22:33:31.491820,38,,person,0.5407019257545471,145,251,354,479,0,0,False,,0,
2025-09-26T22:33:32.545420,46,,person,0.535520613193512,165,244,381,479,0,0,False,,0,
2025-09-26T22:33:32.734232,47,,person,0.5413895845413208,167,242,387,479,0,0,False,,0,
2025-09-26T22:33:33.555552,51,,person,0.5788239240646362,224,246,539,479,0,0,False,,0,
2025-09-26T22:33:34.093015,53,,person,0.6182408332824707,178,136,476,479,0,0,False,,0,
2025-09-26T22:33:34.399041,54,,person,0.7848964929580688,145,118,636,479,0,0,False,,0,
2025-09-26T22:33:34.594917,55,,person,0.5774825811386108,113,137,640,479,0,0,False,,0,
2025-09-26T22:33:34.724774,56,,person,0.774542510509491,111,79,640,479,0,0,False,,0,
2025-09-26T22:33:34.876379,57,,person,0.7789983749389648,92,88,638,479,0,0,False,,0,
2025-09-26T22:33:35.016507,58,,person,0.8715076446533203,84,91,638,478,0,0,False,,0,
2025-09-26T22:33:35.194713,59,,person,0.8317157626152039,86,95,636,479,0,0,False,,0,
2025-09-26T22:33:35.323231,60,,person,0.831717848777771,85,115,625,479,0,0,False,,0,
2025-09-26T22:33:35.607861,62,,person,0.7939438819885254,103,114,637,479,0,0,False,,0,
2025-09-26T22:33:35.781364,63,,person,0.8504729866981506,99,106,636,479,0,0,False,,0,
2025-09-26T22:33:35.916447,64,,person,0.8407866954803467,93,109,639,478,0,0,False,,0,
2025-09-26T22:33:36.113620,65,,person,0.7916653752326965,6,103,636,479,0,0,False,,0,
2025-09-26T22:33:36.730435,70,,person,0.5039530992507935,45,72,596,478,0,0,False,,0,
2025-09-26T22:33:36.877426,71,,cat,0.5000338554382324,24,96,615,477,0,0,False,,0,
2025-09-26T22:33:37.510545,78,,person,0.7024502754211426,246,100,639,478,0,0,False,,0,
2025-09-26T22:33:37.900304,82,,person,0.6328719258308411,6,113,617,479,0,0,False,,0,
2025-09-26T22:33:38.140833,84,,person,0.6229546070098877,3,113,554,478,0,0,False,,0,
2025-09-26T22:33:38.283052,85,,person,0.7729979753494263,7,126,637,479,0,0,False,,0,
2025-09-26T22:33:38.399759,86,,dog,0.5067397952079773,1,127,638,477,0,0,False,,0,
2025-09-26T22:33:39.256211,95,,person,0.7132070064544678,67,125,628,478,0,0,False,,0,
2025-09-26T22:33:39.393428,96,,person,0.7641000747680664,101,119,637,479,0,0,False,,0,
2025-09-26T22:33:39.530565,97,,person,0.7494063973426819,96,122,635,479,0,0,False,,0,
2025-09-26T22:33:39.656045,98,,person,0.7998849749565125,107,120,632,479,0,0,False,,0,
2025-09-26T22:33:39.795155,99,,person,0.7998849749565125,107,120,632,479,0,0,False,,0,
2025-09-26T22:33:39.906168,100,,person,0.6634602546691895,92,115,633,479,0,0,False,,0,
2025-09-26T22:33:40.057257,101,,person,0.7577903866767883,105,111,509,479,0,0,False,,0,
2025-09-26T22:33:40.183520,102,,person,0.6585785746574402,106,107,512,478,0,0,False,,0,
2025-09-26T22:33:40.341218,103,,person,0.671953022480011,74,57,635,479,0,0,False,,0,
2025-09-26T22:33:40.487532,104,,person,0.7421482801437378,79,107,631,478,0,0,False,,0,
2025-09-26T22:33:40.616275,105,,person,0.7421482801437378,79,107,631,478,0,0,False,,0,
2025-09-26T22:33:40.765371,106,,person,0.7040342688560486,101,111,624,479,0,0,False,,0,
2025-09-26T22:33:40.899578,107,,person,0.832089900970459,108,105,639,479,0,0,False,,0,
2025-09-26T22:33:41.048869,108,,person,0.832089900970459,108,105,639,479,0,0,False,,0,
2025-09-26T22:33:41.197024,109,,person,0.8289395570755005,109,119,639,479,0,0,False,,0,
2025-09-26T22:33:41.316271,110,,person,0.7708415389060974,105,122,637,479,0,0,False,,0,
2025-09-26T22:33:41.452021,111,,person,0.7708415389060974,105,122,637,479,0,0,False,,0,
2025-09-26T22:33:41.613913,112,,person,0.8145269751548767,109,121,639,479,0,0,False,,0,
2025-09-26T22:33:41.759855,113,,person,0.771874725818634,114,122,636,479,0,0,False,,0,
2025-09-26T22:33:41.899556,114,,person,0.8145809769630432,109,122,638,479,0,0,False,,0,
2025-09-26T22:33:42.042944,115,,person,0.8065084218978882,109,116,639,479,0,0,False,,0,
2025-09-26T22:33:42.166710,116,,person,0.8314734697341919,104,120,640,479,0,0,False,,0,
2025-09-26T22:33:42.299536,117,,person,0.8421487212181091,104,122,640,479,0,0,False,,0,
2025-09-26T22:33:42.432859,118,,person,0.7956253290176392,104,113,640,479,0,0,False,,0,
2025-09-26T22:33:42.590635,119,,person,0.8298941254615784,100,122,637,479,0,0,False,,0,
2025-09-26T22:33:42.859200,120,,person,0.7946388125419617,98,121,634,479,0,0,False,,0,
2025-09-26T22:33:42.997095,121,,person,0.8630627989768982,95,120,633,479,0,0,False,,0,
2025-09-26T22:33:43.154089,122,,person,0.7429471015930176,96,122,616,479,0,0,False,,0,
2025-09-26T22:33:43.298218,123,,person,0.844293475151062,91,120,628,479,0,0,False,,0,
2025-09-26T22:33:43.448886,124,,person,0.8654429912567139,89,121,617,479,0,0,False,,0,
2025-09-26T22:33:43.575025,125,,person,0.869158923625946,88,117,611,479,0,0,False,,0,
2025-09-26T22:33:43.700094,126,,person,0.8545781970024109,85,111,583,479,0,0,False,,0,
2025-09-26T22:33:43.865191,127,,person,0.7177076935768127,70,106,583,479,0,0,False,,0,
2025-09-26T22:33:43.999963,128,,person,0.8685709834098816,74,105,584,479,0,0,False,,0,
2025-09-26T22:33:44.153478,129,,person,0.8691282868385315,73,106,582,479,0,0,False,,0,
2025-09-26T22:33:44.336915,130,,person,0.8735513687133789,74,106,588,479,0,0,False,,0,
2025-09-26T22:33:44.477381,131,,person,0.8499941825866699,77,110,576,479,0,0,False,,0,
2025-09-26T22:33:44.599495,132,,person,0.8197906613349915,84,115,596,479,0,0,False,,0,
2025-09-26T22:33:44.733450,133,,person,0.8787276148796082,88,123,587,479,0,0,False,,0,
2025-09-26T22:33:44.876408,134,,person,0.8712664842605591,87,122,580,479,0,0,False,,0,
2025-09-26T22:33:45.014905,135,,person,0.8793155550956726,85,122,588,479,0,0,False,,0,
2025-09-26T22:33:45.167338,136,,person,0.8759880661964417,87,122,582,479,0,0,False,,0,
2025-09-26T22:33:45.299491,137,,person,0.8759837746620178,87,120,579,479,0,0,False,,0,
2025-09-26T22:33:45.445323,138,,person,0.8869268894195557,91,124,582,479,0,0,False,,0,
2025-09-26T22:33:45.572691,139,,person,0.8183806538581848,86,120,581,479,0,0,False,,0,
2025-09-26T22:33:45.711513,140,,person,0.864639163017273,88,123,596,479,0,0,False,,0,
2025-09-26T22:33:45.841894,141,,person,0.8406853675842285,84,121,586,479,0,0,False,,0,
2025-09-26T22:33:45.982952,142,,person,0.8616040349006653,85,122,582,479,0,0,False,,0,
2025-09-26T22:33:46.116044,143,,person,0.8736178874969482,92,120,587,479,0,0,False,,0,
2025-09-26T22:33:46.239252,144,,person,0.8649106025695801,91,115,583,479,0,0,False,,0,
2025-09-26T22:33:46.383619,145,,person,0.8606974482536316,94,118,575,479,0,0,False,,0,
2025-09-26T22:33:46.523854,146,,person,0.8640872240066528,99,119,576,479,0,0,False,,0,
2025-09-26T22:33:46.674585,147,,person,0.8759348392486572,99,119,584,479,0,0,False,,0,
2025-09-26T22:33:46.809856,148,,person,0.8532531261444092,96,112,580,479,0,0,False,,0,
2025-09-26T22:33:46.960525,149,,person,0.860843300819397,100,113,590,479,0,0,False,,0,
2025-09-26T22:33:47.082678,150,,person,0.8581681847572327,96,114,583,479,0,0,False,,0,
2025-09-26T22:33:47.229173,151,,person,0.8682438135147095,100,114,586,479,0,0,False,,0,
2025-09-26T22:33:47.349352,152,,person,0.861801266670227,97,114,608,479,0,0,False,,0,
2025-09-26T22:33:47.485684,153,,person,0.8444640040397644,92,111,616,479,0,0,False,,0,
2025-09-26T22:33:47.625321,154,,person,0.8569374084472656,102,111,607,479,0,0,False,,0,
2025-09-26T22:33:47.763434,155,,person,0.8601976633071899,99,111,615,479,0,0,False,,0,
2025-09-26T22:33:47.894598,156,,person,0.8600122928619385,103,111,618,479,0,0,False,,0,
2025-09-26T22:33:48.043486,157,,person,0.8544477820396423,104,108,603,479,0,0,False,,0,
2025-09-26T22:33:48.182666,158,,person,0.7260960340499878,105,107,626,479,0,0,False,,0,
2025-09-26T22:33:48.325817,159,,person,0.8120379447937012,101,106,625,479,0,0,False,,0,
2025-09-26T22:33:48.466387,160,,person,0.8328776359558105,101,106,633,479,0,0,False,,0,
2025-09-26T22:33:48.623233,161,,person,0.8235764503479004,100,107,622,479,0,0,False,,0,
2025-09-26T22:33:48.763180,162,,person,0.7636454105377197,95,106,602,479,0,0,False,,0,
2025-09-26T22:33:48.894031,163,,person,0.8290541768074036,93,107,616,479,0,0,False,,0,
2025-09-26T22:33:49.030670,164,,person,0.8297061324119568,97,107,627,478,0,0,False,,0,
2025-09-26T22:33:49.192878,165,,person,0.7635501623153687,87,106,629,478,0,0,False,,0,
2025-09-26T22:33:49.331378,166,,person,0.8578903675079346,95,99,592,479,0,0,False,,0,
2025-09-26T22:33:49.488978,167,,person,0.8604307770729065,95,97,593,479,0,0,False,,0,
2025-09-26T22:33:49.626730,168,,person,0.8620721101760864,94,95,592,479,0,0,False,,0,
2025-09-26T22:33:49.757141,169,,person,0.8705955147743225,97,96,615,479,0,0,False,,0,
2025-09-26T22:33:50.025903,170,,person,0.8710377216339111,91,96,598,479,0,0,False,,0,
2025-09-26T22:33:50.165336,171,,person,0.8626995086669922,93,94,603,479,0,0,False,,0,
2025-09-26T22:33:50.277040,172,,person,0.8596329092979431,92,94,610,479,0,0,False,,0,
2025-09-26T22:33:50.433558,173,,person,0.8513402342796326,90,94,609,479,0,0,False,,0,
2025-09-26T22:33:50.582725,174,,person,0.8702614903450012,94,97,613,479,0,0,False,,0,
2025-09-26T22:33:50.710777,175,,person,0.867862343788147,89,97,600,479,0,0,False,,0,
2025-09-26T22:33:50.866338,176,,person,0.8663387894630432,90,96,605,479,0,0,False,,0,
2025-09-26T22:33:50.994270,177,,person,0.8878082633018494,92,97,622,479,0,0,False,,0,
2025-09-26T22:33:51.131837,178,,person,0.8926880359649658,95,96,617,479,0,0,False,,0,
2025-09-26T22:33:51.284592,179,,person,0.870395302772522,84,98,620,479,0,0,False,,0,
2025-09-26T22:33:51.416231,180,,person,0.8818151354789734,81,100,623,479,0,0,False,,0,
2025-09-26T22:33:51.559884,181,,person,0.8865928053855896,85,101,613,479,0,0,False,,0,
2025-09-26T22:33:51.701883,182,,person,0.8909928798675537,88,100,618,479,0,0,False,,0,
2025-09-26T22:33:51.847111,183,,person,0.8772276043891907,84,97,612,479,0,0,False,,0,
2025-09-26T22:33:51.978084,184,,person,0.8827381134033203,95,97,623,479,0,0,False,,0,
2025-09-26T22:33:52.116944,185,,person,0.6395254731178284,87,96,600,479,0,0,False,,0,
2025-09-26T22:33:52.259867,186,,person,0.755790650844574,100,96,595,479,0,0,False,,0,
2025-09-26T22:33:52.383830,187,,person,0.8713507056236267,95,93,585,479,0,0,False,,0,
2025-09-26T22:33:52.528751,188,,person,0.8768316507339478,96,92,612,479,0,0,False,,0,
2025-09-26T22:33:52.667437,189,,person,0.8638651967048645,96,90,596,479,0,0,False,,0,
2025-09-26T22:33:52.812106,190,,person,0.8533359169960022,95,92,590,479,0,0,False,,0,
2025-09-26T22:33:52.952331,191,,person,0.8531843423843384,94,93,604,479,0,0,False,,0,
2025-09-26T22:33:53.108647,192,,person,0.8700580596923828,97,91,592,479,0,0,False,,0,
2025-09-26T22:33:53.249130,193,,person,0.8583069443702698,95,95,592,479,0,0,False,,0,
2025-09-26T22:33:53.390031,194,,person,0.8528422713279724,94,95,596,479,0,0,False,,0,
2025-09-26T22:33:53.515755,195,,person,0.8661479949951172,96,96,593,479,0,0,False,,0,
2025-09-26T22:33:53.632419,196,,person,0.8620504140853882,97,98,603,479,0,0,False,,0,
2025-09-26T22:33:53.778946,197,,person,0.8730171322822571,98,98,614,479,0,0,False,,0,
2025-09-26T22:33:53.899044,198,,person,0.8757128119468689,99,98,592,479,0,0,False,,0,
2025-09-26T22:33:54.032372,199,,person,0.8757110834121704,99,97,595,479,0,0,False,,0,
2025-09-26T22:33:54.169741,200,,person,0.8757985830307007,103,98,594,479,0,0,False,,0,
2025-09-26T22:33:54.340900,201,,person,0.8717578053474426,107,97,591,479,0,0,False,,0,
2025-09-26T22:33:54.477250,202,,person,0.87049400806427,103,99,599,479,0,0,False,,0,
2025-09-26T22:33:54.631675,203,,person,0.8754491209983826,105,97,594,479,0,0,False,,0,
2025-09-26T22:33:54.776293,204,,person,0.8427886366844177,100,98,603,479,0,0,False,,0,
2025-09-26T22:33:54.925637,205,,person,0.8577421307563782,100,100,614,479,0,0,False,,0,
2025-09-26T22:33:55.079648,206,,person,0.8667070865631104,96,103,623,479,0,0,False,,0,
2025-09-26T22:33:55.215667,207,,person,0.8699085116386414,94,108,612,479,0,0,False,,0,
2025-09-26T22:33:55.371473,208,,person,0.8493620753288269,96,107,605,479,0,0,False,,0,
2025-09-26T22:33:55.513275,209,,person,0.8763519525527954,97,107,593,479,0,0,False,,0,
2025-09-26T22:33:55.675608,210,,person,0.8719751238822937,101,105,611,479,0,0,False,,0,
2025-09-26T22:33:55.829424,211,,person,0.8814591765403748,102,108,607,479,0,0,False,,0,
2025-09-26T22:33:55.972408,212,,person,0.8687118291854858,101,111,613,479,0,0,False,,0,
2025-09-26T22:33:56.241395,213,,person,0.8631329536437988,102,110,603,479,0,0,False,,0,
2025-09-26T22:33:56.541792,214,,person,0.844391405582428,101,108,611,479,0,0,False,,0,
2025-09-26T22:33:56.906438,215,,person,0.8377119898796082,98,106,597,479,0,0,False,,0,
2025-09-26T22:33:57.234594,216,,person,0.8776793479919434,100,99,625,479,0,0,False,,0,
2025-09-26T22:33:57.574802,217,,person,0.8749184608459473,100,98,617,479,0,0,False,,0,
2025-09-26T22:33:57.875957,218,,person,0.8675200939178467,95,95,611,479,0,0,False,,0,
2025-09-26T22:33:58.207166,219,,person,0.8863007426261902,101,98,619,479,0,0,False,,0,
2025-09-26T22:33:58.576424,220,,person,0.8596481084823608,91,99,594,479,0,0,False,,0,
2025-09-26T22:33:58.863818,221,,person,0.8608187437057495,101,105,592,479,0,0,False,,0,
2025-09-26T22:33:59.143005,222,,person,0.8955604434013367,98,105,609,478,0,0,False,,0,
2025-09-26T22:33:59.490655,223,,person,0.8836988806724548,101,106,594,479,0,0,False,,0,
2025-09-26T22:33:59.840990,224,,person,0.8521188497543335,99,106,611,479,0,0,False,,0,
2025-09-26T22:34:00.125166,225,,person,0.8829048871994019,99,100,592,479,0,0,False,,0,
2025-09-26T22:34:00.283719,226,,person,0.8669554591178894,95,101,587,479,0,0,False,,0,
2025-09-26T22:34:00.430572,227,,person,0.8593544960021973,92,100,600,479,0,0,False,,0,
2025-09-26T22:34:00.581278,228,,person,0.8618770837783813,94,101,594,479,0,0,False,,0,
2025-09-26T22:34:00.726680,229,,person,0.8608602285385132,92,102,599,479,0,0,False,,0,
2025-09-26T22:34:00.856591,230,,person,0.8701399564743042,95,102,596,479,0,0,False,,0,
2025-09-26T22:34:01.059743,231,,person,0.8512141108512878,95,104,608,479,0,0,False,,0,
2025-09-26T22:34:01.365277,232,,person,0.8597595691680908,96,103,609,479,0,0,False,,0,
2025-09-26T22:34:01.650580,233,,person,0.8530169725418091,92,102,591,479,0,0,False,,0,
2025-09-26T22:34:01.880760,234,,person,0.8408374190330505,98,101,612,479,0,0,False,,0,
2025-09-26T22:34:02.241315,235,,person,0.864516019821167,95,106,602,479,0,0,False,,0,
2025-09-26T22:34:02.623891,236,,person,0.87115079164505,96,102,605,479,0,0,False,,0,
2025-09-26T22:34:02.987466,237,,person,0.8571153879165649,105,103,596,479,0,0,False,,0,
2025-09-26T22:34:03.412681,238,,person,0.8468251824378967,104,102,594,479,0,0,False,,0,
2025-09-26T22:34:03.774793,239,,person,0.8451548218727112,91,100,615,479,0,0,False,,0,
2025-09-26T22:34:04.205931,240,,person,0.8449380397796631,101,107,584,479,0,0,False,,0,
2025-09-26T22:34:04.552995,241,,person,0.8652063608169556,96,104,593,479,0,0,False,,0,
2025-09-26T22:34:05.149642,242,,person,0.8516789674758911,97,102,607,479,0,0,False,,0,
2025-09-26T22:34:05.441992,243,,person,0.866380512714386,99,98,596,479,0,0,False,,0,
2025-09-26T22:34:05.600003,244,,person,0.8594996929168701,92,99,587,479,0,0,False,,0,
2025-09-26T22:34:05.752236,245,,person,0.8503901958465576,91,101,587,479,0,0,False,,0,
2025-09-26T22:34:05.919724,246,,person,0.8704324960708618,90,99,615,479,0,0,False,,0,
2025-09-26T22:34:06.100718,247,,person,0.8540351986885071,93,101,601,479,0,0,False,,0,
2025-09-26T22:34:06.351157,248,,person,0.8089951872825623,96,112,605,479,0,0,False,,0,
2025-09-26T22:34:06.720792,249,,person,0.8481774926185608,95,109,634,479,0,0,False,,0,
2025-09-26T22:34:07.085147,250,,person,0.8229925036430359,82,108,637,479,0,0,False,,0,
2025-09-26T22:34:07.085147,250,,person,0.641839861869812,442,1,639,432,0,0,False,,0,
2025-09-26T22:34:07.477122,251,,person,0.8520064353942871,86,108,635,479,0,0,False,,0,
2025-09-26T22:34:07.846108,252,,person,0.8775165677070618,85,108,638,479,0,0,False,,0,
2025-09-26T22:34:08.233638,253,,person,0.736508846282959,8,110,591,479,0,0,False,,0,
2025-09-26T22:34:08.399501,254,,person,0.7788445949554443,1,108,619,479,0,0,False,,0,
2025-09-26T22:34:08.566519,255,,person,0.6743414402008057,3,111,606,479,0,0,False,,0,
2025-09-26T22:34:08.732765,256,,person,0.7788438200950623,2,115,618,479,0,0,False,,0,
2025-09-26T22:34:08.882771,257,,person,0.8009476065635681,0,114,629,479,0,0,False,,0,
2025-09-26T22:34:09.024716,258,,person,0.8204060196876526,0,114,621,479,0,0,False,,0,
2025-09-26T22:34:09.179695,259,,person,0.8431293964385986,0,115,621,479,0,0,False,,0,
2025-09-26T22:34:09.411249,260,,person,0.7804221510887146,11,115,613,479,0,0,False,,0,
2025-09-26T22:34:09.564548,261,,person,0.7407518625259399,8,109,616,479,0,0,False,,0,
2025-09-26T22:34:09.730138,262,,person,0.8805861473083496,10,111,607,479,0,0,False,,0,
2025-09-26T22:34:09.865163,263,,person,0.8841840028762817,18,112,615,479,0,0,False,,0,
2025-09-26T22:34:10.009396,264,,person,0.9041215777397156,17,111,613,479,0,0,False,,0,
2025-09-26T22:34:10.142338,265,,person,0.9061862826347351,17,112,607,479,0,0,False,,0,
2025-09-26T22:34:10.280423,266,,person,0.8799015879631042,20,112,594,479,0,0,False,,0,
2025-09-26T22:34:10.415708,267,,person,0.888573169708252,15,110,595,479,0,0,False,,0,
2025-09-26T22:34:10.578876,268,,person,0.8881291151046753,13,111,598,479,0,0,False,,0,
2025-09-26T22:34:10.720643,269,,person,0.9027886986732483,9,110,585,479,0,0,False,,0,
2025-09-26T22:34:10.848363,270,,person,0.8351622819900513,22,112,599,479,0,0,False,,0,
2025-09-26T22:34:11.011183,271,,person,0.865164577960968,7,115,617,479,0,0,False,,0,
2025-09-26T22:34:11.147277,272,,person,0.8570898771286011,7,112,603,479,0,0,False,,0,
2025-09-26T22:34:11.297883,273,,person,0.8270259499549866,28,110,606,479,0,0,False,,0,
2025-09-26T22:34:11.447343,274,,person,0.8289788961410522,7,112,610,479,0,0,False,,0,
2025-09-26T22:34:11.582057,275,,person,0.847792387008667,3,106,626,479,0,0,False,,0,
2025-09-26T22:34:11.729292,276,,person,0.8451134562492371,6,104,628,478,0,0,False,,0,
2025-09-26T22:34:11.865003,277,,person,0.8596353530883789,10,106,629,479,0,0,False,,0,
2025-09-26T22:34:11.981701,278,,person,0.8808438181877136,2,101,621,479,0,0,False,,0,
2025-09-26T22:34:12.105274,279,,person,0.826865553855896,16,111,613,479,0,0,False,,0,
2025-09-26T22:34:12.260069,280,,person,0.8834253549575806,2,83,628,479,0,0,False,,0,
2025-09-26T22:34:12.381669,281,,person,0.8842923045158386,4,104,623,479,0,0,False,,0,
2025-09-26T22:34:12.535283,282,,person,0.8618751168251038,3,101,624,479,0,0,False,,0,
2025-09-26T22:34:12.664978,283,,person,0.8790938258171082,4,96,635,479,0,0,False,,0,
2025-09-26T22:34:12.788227,284,,person,0.8602766394615173,6,110,624,479,0,0,False,,0,
2025-09-26T22:34:12.925759,285,,person,0.8748283386230469,8,108,631,478,0,0,False,,0,
2025-09-26T22:34:13.080229,286,,person,0.8737656474113464,4,115,625,479,0,0,False,,0,
2025-09-26T22:34:13.210479,287,,person,0.8593540787696838,15,117,605,479,0,0,False,,0,
2025-09-26T22:34:13.363992,288,,person,0.848254382610321,5,111,620,479,0,0,False,,0,
2025-09-26T22:34:13.532745,289,,person,0.8638516068458557,6,112,622,479,0,0,False,,0,
2025-09-26T22:34:13.679698,290,,person,0.8694891929626465,12,115,620,479,0,0,False,,0,
2025-09-26T22:34:13.814906,291,,person,0.8781673312187195,5,113,621,479,0,0,False,,0,
2025-09-26T22:34:13.948666,292,,person,0.8823031783103943,7,113,613,479,0,0,False,,0,
2025-09-26T22:34:14.081929,293,,person,0.9028693437576294,11,114,613,479,0,0,False,,0,
2025-09-26T22:34:14.215055,294,,person,0.8759616017341614,17,115,594,479,0,0,False,,0,
2025-09-26T22:34:14.357791,295,,person,0.8643373250961304,10,116,604,479,0,0,False,,0,
2025-09-26T22:34:14.512640,296,,person,0.8738117218017578,20,116,608,479,0,0,False,,0,
2025-09-26T22:34:14.649093,297,,person,0.8717623949050903,26,115,612,479,0,0,False,,0,
2025-09-26T22:34:14.804446,298,,person,0.8654588460922241,22,115,604,479,0,0,False,,0,
2025-09-26T22:34:14.959554,299,,person,0.888190746307373,21,117,607,479,0,0,False,,0,
2025-09-26T22:34:15.113051,300,,person,0.8691505193710327,16,117,610,479,0,0,False,,0,
2025-09-26T22:34:15.248181,301,,person,0.875160813331604,16,118,617,479,0,0,False,,0,
2025-09-26T22:34:15.381533,302,,person,0.875160813331604,16,118,617,479,0,0,False,,0,
2025-09-26T22:34:15.522468,303,,person,0.8511780500411987,3,121,613,479,0,0,False,,0,
2025-09-26T22:34:15.674278,304,,person,0.8209105134010315,65,119,613,479,0,0,False,,0,
2025-09-26T22:34:15.804364,305,,person,0.8209105134010315,65,119,613,479,0,0,False,,0,
2025-09-26T22:34:15.947603,306,,person,0.8034840226173401,5,112,605,479,0,0,False,,0,
2025-09-26T22:34:16.106460,307,,person,0.8220576047897339,4,114,583,479,0,0,False,,0,
2025-09-26T22:34:16.247201,308,,person,0.8237563371658325,1,63,601,479,0,0,False,,0,
2025-09-26T22:34:16.393496,309,,person,0.8467323780059814,0,40,613,478,0,0,False,,0,
2025-09-26T22:34:16.529711,310,,person,0.8125747442245483,3,73,610,479,0,0,False,,0,
2025-09-26T22:34:16.663208,311,,person,0.7806044220924377,14,111,604,479,0,0,False,,0,
2025-09-26T22:34:16.809268,312,,person,0.823298990726471,24,116,589,479,0,0,False,,0,
2025-09-26T22:34:16.962899,313,,person,0.8512015342712402,7,117,593,479,0,0,False,,0,
2025-09-26T22:34:17.222229,314,,person,0.8756773471832275,7,122,608,479,0,0,False,,0,
2025-09-26T22:34:17.380482,315,,person,0.8335875272750854,18,120,605,479,0,0,False,,0,
2025-09-26T22:34:17.510195,316,,person,0.8579158186912537,22,122,610,479,0,0,False,,0,
2025-09-26T22:34:17.510195,316,,knife,0.5915149450302124,95,21,138,110,0,0,False,,0,
2025-09-26T22:34:17.510195,316,,cell phone,0.5747369527816772,169,119,303,179,0,0,False,,0,
2025-09-26T22:34:17.510195,316,,knife,0.5473185777664185,119,19,172,114,0,0,False,,0,
2025-09-26T22:34:17.828342,317,,person,0.863267183303833,22,120,611,479,0,0,False,,0,
2025-09-26T22:34:17.828342,317,,cell phone,0.6778184175491333,171,119,303,178,0,0,False,,0,
2025-09-26T22:34:18.014738,318,,person,0.8560019731521606,33,118,608,479,0,0,False,,0,
2025-09-26T22:34:18.148776,319,,person,0.8700435161590576,39,117,608,479,0,0,False,,0,
2025-09-26T22:34:18.326075,320,,person,0.8794534802436829,23,116,584,479,0,0,False,,0,
2025-09-26T22:34:18.474736,321,,person,0.8407307267189026,20,117,589,479,0,0,False,,0,
2025-09-26T22:34:18.610617,322,,person,0.832992672920227,24,115,597,479,0,0,False,,0,
2025-09-26T22:34:18.772839,323,,person,0.8654758930206299,12,47,620,478,0,0,False,,0,
2025-09-26T22:34:18.915333,324,,person,0.8635784983634949,0,7,622,478,0,0,False,,0,
2025-09-26T22:34:19.048027,325,,person,0.8516936898231506,0,6,630,478,0,0,False,,0,
2025-09-26T22:34:19.181578,326,,person,0.8466800451278687,0,5,625,478,0,0,False,,0,
2025-09-26T22:34:19.322298,327,,person,0.8481302857398987,0,5,626,478,0,0,False,,0,
2025-09-26T22:34:19.465233,328,,person,0.8138091564178467,1,7,624,478,0,0,False,,0,
2025-09-26T22:34:19.598008,329,,person,0.8413258790969849,0,12,617,478,0,0,False,,0,
2025-09-26T22:34:19.741202,330,,person,0.8316240906715393,3,116,624,478,0,0,False,,0,
2025-09-26T22:34:19.893859,331,,person,0.8472723364830017,2,106,615,479,0,0,False,,0,
2025-09-26T22:34:20.029703,332,,person,0.8414344191551208,6,101,618,479,0,0,False,,0,
2025-09-26T22:34:20.029703,332,,knife,0.5566277503967285,173,33,233,122,0,0,False,,0,
2025-09-26T22:34:20.214674,333,,person,0.8504051566123962,2,92,618,479,0,0,False,,0,
2025-09-26T22:34:20.363336,334,,person,0.8322426676750183,0,101,625,479,0,0,False,,0,
2025-09-26T22:34:20.363336,334,,knife,0.6354736089706421,158,34,213,121,0,0,False,,0,
2025-09-26T22:34:20.363336,334,,knife,0.5765349864959717,180,35,245,124,0,0,False,,0,
2025-09-26T22:34:20.612640,335,,person,0.827976405620575,13,91,625,478,0,0,False,,0,
2025-09-26T22:34:20.759251,336,,person,0.8735802173614502,24,117,601,479,0,0,False,,0,
2025-09-26T22:34:20.913099,337,,person,0.8552281856536865,72,117,613,479,0,0,False,,0,
2025-09-26T22:34:21.102071,338,,person,0.8759991526603699,53,118,604,479,0,0,False,,0,
2025-09-26T22:34:21.102071,338,,cell phone,0.5197181701660156,240,129,304,173,0,0,False,,0,
2025-09-26T22:34:21.296887,339,,person,0.8679975867271423,74,117,602,479,0,0,False,,0,
2025-09-26T22:34:21.442624,340,,person,0.8845568299293518,58,120,600,479,0,0,False,,0,
2025-09-26T22:34:21.596008,341,,person,0.877345860004425,68,118,616,479,0,0,False,,0,
2025-09-26T22:34:21.724086,342,,person,0.8886857628822327,71,119,612,479,0,0,False,,0,
2025-09-26T22:34:21.854544,343,,person,0.8727362155914307,63,119,596,479,0,0,False,,0,
2025-09-26T22:34:21.992610,344,,person,0.8855546712875366,53,120,589,479,0,0,False,,0,
2025-09-26T22:34:22.129292,345,,person,0.8743085861206055,37,121,600,479,0,0,False,,0,
2025-09-26T22:34:22.129292,345,,cell phone,0.5082660913467407,222,119,304,176,0,0,False,,0,
2025-09-26T22:34:22.338144,346,,person,0.864605188369751,3,117,614,479,0,0,False,,0,
2025-09-26T22:34:22.515317,347,,person,0.8656882047653198,2,104,613,479,0,0,False,,0,
2025-09-26T22:34:22.515317,347,,cell phone,0.599105179309845,216,119,304,176,0,0,False,,0,
2025-09-26T22:34:22.698296,348,,person,0.8881455063819885,6,109,612,479,0,0,False,,0,
2025-09-26T22:34:22.698296,348,,cell phone,0.6557263731956482,216,120,303,178,0,0,False,,0,
2025-09-26T22:34:22.916368,349,,person,0.8883544206619263,5,121,608,479,0,0,False,,0,
2025-09-26T22:34:22.916368,349,,cell phone,0.5064769983291626,218,119,304,177,0,0,False,,0,
2025-09-26T22:34:23.116775,350,,person,0.8741475939750671,64,122,594,479,0,0,False,,0,
2025-09-26T22:34:23.261575,351,,person,0.8400802612304688,1,122,596,479,0,0,False,,0,
2025-09-26T22:34:23.430520,352,,person,0.8711087107658386,2,119,595,479,0,0,False,,0,
2025-09-26T22:34:23.678724,353,,person,0.8452590703964233,21,120,596,479,0,0,False,,0,
2025-09-26T22:34:23.829543,354,,person,0.8583487272262573,9,117,608,479,0,0,False,,0,
2025-09-26T22:34:23.964911,355,,person,0.8651766180992126,6,100,623,478,0,0,False,,0,
2025-09-26T22:34:24.105757,356,,person,0.8648825883865356,2,97,618,479,0,0,False,,0,
2025-09-26T22:34:24.231134,357,,person,0.8697029948234558,0,68,620,478,0,0,False,,0,
2025-09-26T22:34:24.364813,358,,person,0.8689934015274048,0,77,623,478,0,0,False,,0,
2025-09-26T22:34:24.497818,359,,person,0.8641632199287415,0,82,625,479,0,0,False,,0,
2025-09-26T22:34:24.659260,360,,person,0.8450363278388977,10,118,604,479,0,0,False,,0,
2025-09-26T22:34:24.820638,361,,person,0.8850085735321045,19,120,598,479,0,0,False,,0,
2025-09-26T22:34:24.974182,362,,person,0.8074974417686462,18,119,605,479,0,0,False,,0,
2025-09-26T22:34:25.112750,363,,person,0.8675337433815002,79,123,622,479,0,0,False,,0,
2025-09-26T22:34:25.248055,364,,person,0.8679125308990479,98,123,608,479,0,0,False,,0,
2025-09-26T22:34:25.396368,365,,person,0.8658723831176758,107,118,596,479,0,0,False,,0,
2025-09-26T22:34:25.546872,366,,person,0.8068837523460388,104,117,604,479,0,0,False,,0,
2025-09-26T22:34:25.695916,367,,person,0.8338778614997864,0,116,582,479,0,0,False,,0,
2025-09-26T22:34:26.418721,373,,person,0.8597195148468018,97,119,617,478,0,0,False,,0,
2025-09-26T22:34:26.555620,374,,person,0.8652729988098145,87,115,632,479,0,0,False,,0,
2025-09-26T22:34:26.696243,375,,person,0.8652023077011108,82,118,630,478,0,0,False,,0,
2025-09-26T22:34:26.846199,376,,person,0.8654833436012268,95,118,628,479,0,0,False,,0,
2025-09-26T22:34:26.981453,377,,person,0.8537081480026245,70,119,633,478,0,0,False,,0,
2025-09-26T22:34:27.120729,378,,person,0.8687339425086975,72,121,635,479,0,0,False,,0,
2025-09-26T22:34:27.279272,379,,person,0.8515980839729309,73,116,635,479,0,0,False,,0,
2025-09-26T22:34:27.425134,380,,person,0.7880663275718689,99,116,629,479,0,0,False,,0,
2025-09-26T22:34:27.589712,381,,person,0.8722319602966309,69,116,633,479,0,0,False,,0,
2025-09-26T22:34:27.729914,382,,person,0.8627330660820007,68,119,636,479,0,0,False,,0,
2025-09-26T22:34:27.864879,383,,person,0.8248528242111206,65,119,638,479,0,0,False,,0,
2025-09-26T22:34:28.006609,384,,person,0.8226439952850342,84,119,637,479,0,0,False,,0,
2025-09-26T22:34:28.006609,384,,cell phone,0.51961350440979,222,126,304,234,0,0,False,,0,
2025-09-26T22:34:28.209670,385,,person,0.8565226197242737,98,116,637,479,0,0,False,,0,
2025-09-26T22:34:28.362911,386,,person,0.852899968624115,64,117,637,479,0,0,False,,0,
2025-09-26T22:34:28.531091,387,,person,0.8610409498214722,74,115,638,479,0,0,False,,0,
2025-09-26T22:34:28.681048,388,,person,0.8719589710235596,72,115,636,479,0,0,False,,0,
2025-09-26T22:34:28.830160,389,,person,0.870873749256134,75,116,637,479,0,0,False,,0,
2025-09-26T22:34:28.976813,390,,person,0.8176161646842957,74,114,635,479,0,0,False,,0,
2025-09-26T22:34:29.097609,391,,person,0.8470818996429443,72,116,635,479,0,0,False,,0,
2025-09-26T22:34:29.248093,392,,person,0.840212345123291,72,115,637,479,0,0,False,,0,
2025-09-26T22:34:29.391613,393,,person,0.8335241079330444,71,116,637,479,0,0,False,,0,
2025-09-26T22:34:29.545827,394,,person,0.8434162735939026,68,115,636,479,0,0,False,,0,
2025-09-26T22:34:29.678421,395,,person,0.8247649669647217,67,117,635,479,0,0,False,,0,
2025-09-26T22:34:29.841590,396,,person,0.8214723467826843,63,117,633,479,0,0,False,,0,
2025-09-26T22:34:29.995839,397,,person,0.8271955251693726,68,116,636,479,0,0,False,,0,
2025-09-26T22:34:30.145699,398,,person,0.840179979801178,64,118,635,479,0,0,False,,0,
2025-09-26T22:34:30.281724,399,,person,0.829270601272583,80,116,636,479,0,0,False,,0,
2025-09-26T22:34:30.426794,400,,person,0.8226169347763062,73,116,633,479,0,0,False,,0,
2025-09-26T22:34:30.579369,401,,person,0.8189672827720642,75,117,626,479,0,0,False,,0,
2025-09-26T22:34:30.729444,402,,person,0.8243280053138733,122,117,631,479,0,0,False,,0,
2025-09-26T22:34:30.864201,403,,person,0.8190486431121826,95,115,637,479,0,0,False,,0,
2025-09-26T22:34:31.021332,404,,person,0.8062824010848999,100,116,634,479,0,0,False,,0,
2025-09-26T22:34:31.174426,405,,person,0.8326635956764221,110,114,627,479,0,0,False,,0,
2025-09-26T22:34:31.328813,406,,person,0.8273243308067322,111,115,633,479,0,0,False,,0,
2025-09-26T22:34:31.458757,407,,person,0.8330808877944946,113,119,636,479,0,0,False,,0,
2025-09-26T22:34:31.597939,408,,person,0.8453441858291626,111,118,633,479,0,0,False,,0,
2025-09-26T22:34:31.730810,409,,person,0.8379652500152588,113,117,636,479,0,0,False,,0,
2025-09-26T22:34:32.008931,410,,person,0.8571154475212097,110,120,638,478,0,0,False,,0,
2025-09-26T22:34:32.008931,410,,cell phone,0.6280055642127991,252,129,304,174,0,0,False,,0,
2025-09-26T22:34:32.245586,411,,person,0.8554772734642029,96,121,635,478,0,0,False,,0,
2025-09-26T22:34:32.405695,412,,person,0.8472104072570801,80,121,638,478,0,0,False,,0,
2025-09-26T22:34:32.562577,413,,person,0.8496471643447876,100,119,637,479,0,0,False,,0,
2025-09-26T22:34:32.697461,414,,person,0.845734179019928,69,119,636,478,0,0,False,,0,
2025-09-26T22:34:32.845324,415,,person,0.8764585852622986,51,119,637,478,0,0,False,,0,
2025-09-26T22:34:32.993107,416,,person,0.86166912317276,59,120,636,478,0,0,False,,0,
2025-09-26T22:34:33.148485,417,,person,0.8610399961471558,100,120,635,479,0,0,False,,0,
2025-09-26T22:34:33.288417,418,,person,0.8686959743499756,80,119,638,478,0,0,False,,0,
2025-09-26T22:34:33.430846,419,,person,0.8389174938201904,110,118,637,479,0,0,False,,0,
2025-09-26T22:34:33.601431,420,,person,0.8837488889694214,56,119,638,478,0,0,False,,0,
2025-09-26T22:34:33.739280,421,,person,0.866527795791626,62,119,638,478,0,0,False,,0,
2025-09-26T22:34:33.888381,422,,person,0.8676906228065491,102,119,637,479,0,0,False,,0,
2025-09-26T22:34:34.014582,423,,person,0.8832610845565796,103,121,637,479,0,0,False,,0,
2025-09-26T22:34:34.014582,423,,wine glass,0.6219856142997742,7,51,245,480,0,0,False,,0,
2025-09-26T22:34:34.231858,424,,person,0.87764573097229,99,120,637,479,0,0,False,,0,
2025-09-26T22:34:34.360051,425,,person,0.8845570087432861,92,119,638,479,0,0,False,,0,
2025-09-26T22:34:34.495637,426,,person,0.8525888323783875,80,120,633,479,0,0,False,,0,
2025-09-26T22:34:34.495637,426,,cell phone,0.6408475041389465,214,123,305,199,0,0,False,,0,
2025-09-26T22:34:34.696185,427,,person,0.862587571144104,87,118,607,479,0,0,False,,0,
2025-09-26T22:34:34.841976,428,,person,0.8601399064064026,105,117,598,479,0,0,False,,0,
2025-09-26T22:34:34.995918,429,,person,0.8487404584884644,106,114,600,479,0,0,False,,0,
2025-09-26T22:34:35.611725,435,,cat,0.5136774182319641,3,116,630,434,0,0,False,,0,
2025-09-26T22:34:36.914105,448,,person,0.5576445460319519,0,11,515,478,0,0,False,,0,
2025-09-26T22:34:37.061990,449,,person,0.5068697929382324,3,8,512,479,0,0,False,,0,
2025-09-26T22:34:37.240200,450,,person,0.6349124908447266,2,30,501,478,0,0,False,,0,
2025-09-26T22:34:37.373428,451,,person,0.7431379556655884,1,8,512,479,0,0,False,,0,
2025-09-26T22:34:37.545490,452,,cup,0.6177629232406616,493,345,538,396,0,0,False,,0,
2025-09-26T22:34:37.545490,452,,person,0.5681751370429993,2,16,507,479,0,0,False,,0,
2025-09-26T22:34:37.735277,453,,person,0.762010395526886,1,14,522,479,0,0,False,,0,
2025-09-26T22:34:37.735277,453,,cup,0.5554916262626648,500,347,542,401,0,0,False,,0,
2025-09-26T22:34:37.939886,454,,person,0.8540236353874207,1,43,507,478,0,0,False,,0,
2025-09-26T22:34:37.939886,454,,cup,0.6564472913742065,494,356,540,406,0,0,False,,0,
2025-09-26T22:34:38.135826,455,,cup,0.6913725137710571,488,353,537,404,0,0,False,,0,
2025-09-26T22:34:38.278992,456,,person,0.5365716218948364,1,40,611,478,0,0,False,,0,
2025-09-26T22:34:38.537874,458,,person,0.8249478936195374,1,42,524,479,0,0,False,,0,
2025-09-26T22:34:38.689855,459,,person,0.8875030875205994,1,53,519,479,0,0,False,,0,
2025-09-26T22:34:38.689855,459,,cup,0.7384196519851685,502,369,547,422,0,0,False,,0,
2025-09-26T22:34:38.900054,460,,person,0.8765678405761719,0,40,582,478,0,0,False,,0,
2025-09-26T22:34:38.900054,460,,cup,0.6759714484214783,501,366,547,418,0,0,False,,0,
2025-09-26T22:34:39.092545,461,,person,0.8727114200592041,1,46,531,479,0,0,False,,0,
2025-09-26T22:34:39.092545,461,,cup,0.6569200754165649,500,365,545,419,0,0,False,,0,
2025-09-26T22:34:39.294868,462,,person,0.8782384395599365,1,49,514,479,0,0,False,,0,
2025-09-26T22:34:39.294868,462,,cup,0.6570584177970886,500,364,544,416,0,0,False,,0,
2025-09-26T22:34:39.594087,463,,person,0.8848587870597839,1,46,565,479,0,0,False,,0,
2025-09-26T22:34:39.594087,463,,cup,0.7084847688674927,500,364,544,417,0,0,False,,0,
2025-09-26T22:34:39.813237,464,,person,0.8678762316703796,1,49,526,479,0,0,False,,0,
2025-09-26T22:34:39.813237,464,,cup,0.5794824957847595,499,365,545,417,0,0,False,,0,
2025-09-26T22:34:40.026026,465,,person,0.8520918488502502,1,49,567,479,0,0,False,,0,
2025-09-26T22:34:40.026026,465,,cup,0.6181724071502686,500,364,544,416,0,0,False,,0,
2025-09-26T22:34:40.226250,466,,person,0.8182101845741272,0,52,525,479,0,0,False,,0,
2025-09-26T22:34:40.226250,466,,cup,0.6847810745239258,499,364,545,416,0,0,False,,0,
2025-09-26T22:34:40.440850,467,,person,0.842750072479248,0,51,509,479,0,0,False,,0,
2025-09-26T22:34:40.440850,467,,cup,0.6516780853271484,500,364,545,417,0,0,False,,0,
2025-09-26T22:34:40.641392,468,,person,0.8204514384269714,0,53,508,479,0,0,False,,0,
2025-09-26T22:34:40.641392,468,,cup,0.7213944792747498,500,364,545,418,0,0,False,,0,
2025-09-26T22:34:40.824471,469,,person,0.7387421727180481,1,47,501,479,0,0,False,,0,
2025-09-26T22:34:40.824471,469,,cup,0.5425920486450195,502,366,546,419,0,0,False,,0,
2025-09-26T22:34:41.051444,470,,person,0.8185386657714844,1,55,501,479,0,0,False,,0,
2025-09-26T22:34:41.051444,470,,cup,0.6456431150436401,498,363,544,414,0,0,False,,0,
2025-09-26T22:34:41.237202,471,,person,0.8425215482711792,2,56,502,479,0,0,False,,0,
2025-09-26T22:34:41.237202,471,,cup,0.5906317234039307,497,363,543,414,0,0,False,,0,
2025-09-26T22:34:41.426028,472,,person,0.8394988775253296,1,60,501,479,0,0,False,,0,
2025-09-26T22:34:41.426028,472,,cup,0.7582607269287109,494,362,539,413,0,0,False,,0,
2025-09-26T22:34:41.637601,473,,person,0.7812371253967285,1,49,500,479,0,0,False,,0,
2025-09-26T22:34:41.637601,473,,cup,0.7218623161315918,493,359,538,411,0,0,False,,0,
2025-09-26T22:34:41.914265,475,,cup,0.555530309677124,500,364,544,417,0,0,False,,0,
2025-09-26T22:34:42.047114,476,,person,0.7569414377212524,1,39,630,479,0,0,False,,0,
2025-09-26T22:34:42.215244,477,,person,0.8040406107902527,1,53,610,480,0,0,False,,0,
2025-09-26T22:34:42.215244,477,,cup,0.5924412608146667,501,366,546,418,0,0,False,,0,
2025-09-26T22:34:42.421943,478,,person,0.8540200591087341,1,52,631,478,0,0,False,,0,
2025-09-26T22:34:42.562999,479,,person,0.8723052740097046,0,55,604,480,0,0,False,,0,
2025-09-26T22:34:42.562999,479,,cup,0.6433798670768738,500,366,545,417,0,0,False,,0,
2025-09-26T22:34:42.790152,480,,person,0.8750160336494446,0,51,620,478,0,0,False,,0,
2025-09-26T22:34:42.790152,480,,cup,0.7086500525474548,501,365,545,416,0,0,False,,0,
2025-09-26T22:34:43.026526,481,,person,0.853989839553833,0,50,630,478,0,0,False,,0,
2025-09-26T22:34:43.026526,481,,cup,0.6733711361885071,500,365,545,417,0,0,False,,0,
2025-09-26T22:34:43.244405,482,,person,0.8516597151756287,0,53,552,479,0,0,False,,0,
2025-09-26T22:34:43.244405,482,,cup,0.6729283928871155,499,363,544,415,0,0,False,,0,
2025-09-26T22:34:43.467036,483,,person,0.867838442325592,0,47,599,479,0,0,False,,0,
2025-09-26T22:34:43.467036,483,,cup,0.5142558217048645,499,364,544,416,0,0,False,,0,
2025-09-26T22:34:43.663414,484,,person,0.8615318536758423,0,50,571,479,0,0,False,,0,
2025-09-26T22:34:43.663414,484,,cup,0.6826967000961304,498,364,543,416,0,0,False,,0,
2025-09-26T22:34:43.880368,485,,person,0.8702507615089417,0,52,556,479,0,0,False,,0,
2025-09-26T22:34:43.880368,485,,cup,0.6640468835830688,498,363,543,415,0,0,False,,0,
2025-09-26T22:34:44.094432,486,,person,0.8784101009368896,0,49,565,480,0,0,False,,0,
2025-09-26T22:34:44.094432,486,,cup,0.642770528793335,498,363,543,415,0,0,False,,0,
2025-09-26T22:34:44.340663,487,,person,0.8612146377563477,0,49,579,480,0,0,False,,0,
2025-09-26T22:34:44.340663,487,,cup,0.6407611966133118,498,363,542,415,0,0,False,,0,
2025-09-26T22:34:44.547020,488,,person,0.8618154525756836,0,51,567,480,0,0,False,,0,
2025-09-26T22:34:44.547020,488,,cup,0.6439376473426819,498,363,543,415,0,0,False,,0,
2025-09-26T22:34:44.771507,489,,person,0.8848621249198914,0,50,540,480,0,0,False,,0,
2025-09-26T22:34:44.771507,489,,cup,0.6759631633758545,498,363,543,415,0,0,False,,0,
2025-09-26T22:34:44.980450,490,,person,0.889237642288208,0,51,542,479,0,0,False,,0,
2025-09-26T22:34:44.980450,490,,cup,0.6074836850166321,498,364,543,416,0,0,False,,0,
2025-09-26T22:34:45.180716,491,,person,0.8903798460960388,1,54,522,479,0,0,False,,0,
2025-09-26T22:34:45.180716,491,,cup,0.5507935881614685,498,364,542,415,0,0,False,,0,
2025-09-26T22:34:45.378996,492,,person,0.8827632665634155,1,52,513,479,0,0,False,,0,
2025-09-26T22:34:45.378996,492,,cup,0.6298627853393555,498,364,543,416,0,0,False,,0,
2025-09-26T22:34:45.580588,493,,person,0.8527829051017761,0,49,556,479,0,0,False,,0,
2025-09-26T22:34:45.580588,493,,cup,0.6698460578918457,499,364,544,417,0,0,False,,0,
2025-09-26T22:34:45.790633,494,,person,0.8778866529464722,0,56,519,479,0,0,False,,0,
2025-09-26T22:34:45.790633,494,,cup,0.5882495045661926,499,365,544,417,0,0,False,,0,
2025-09-26T22:34:45.993828,495,,person,0.8757650256156921,0,56,518,479,0,0,False,,0,
2025-09-26T22:34:45.993828,495,,cup,0.7317442893981934,499,366,545,418,0,0,False,,0,
2025-09-26T22:34:46.307022,496,,person,0.8638095855712891,0,55,531,479,0,0,False,,0,
2025-09-26T22:34:46.307022,496,,cup,0.5426526665687561,501,366,546,418,0,0,False,,0,
2025-09-26T22:34:46.522485,497,,person,0.8664298057556152,0,57,506,479,0,0,False,,0,
2025-09-26T22:34:46.522485,497,,cup,0.5027244091033936,500,366,546,419,0,0,False,,0,
2025-09-26T22:34:46.744752,498,,person,0.8619678020477295,1,61,515,479,0,0,False,,0,
2025-09-26T22:34:46.744752,498,,cup,0.5042032599449158,500,367,546,419,0,0,False,,0,
2025-09-26T22:34:46.943517,499,,person,0.8637586236000061,0,59,513,479,0,0,False,,0,
2025-09-26T22:34:46.943517,499,,cup,0.6177481412887573,500,367,545,418,0,0,False,,0,
2025-09-26T22:34:47.173390,500,,person,0.8678793907165527,0,59,549,479,0,0,False,,0,
2025-09-26T22:34:47.173390,500,,cup,0.6559237837791443,500,368,546,419,0,0,False,,0,
2025-09-26T22:34:47.404790,501,,person,0.8643476366996765,0,59,522,479,0,0,False,,0,
2025-09-26T22:34:47.404790,501,,cup,0.6091116070747375,500,368,545,418,0,0,False,,0,
2025-09-26T22:34:47.611763,502,,person,0.8455144762992859,0,58,523,479,0,0,False,,0,
2025-09-26T22:34:47.611763,502,,cup,0.6756693720817566,500,368,545,419,0,0,False,,0,
2025-09-26T22:34:47.821006,503,,person,0.8565071821212769,0,58,526,479,0,0,False,,0,
2025-09-26T22:34:47.821006,503,,cup,0.5691025257110596,499,369,544,419,0,0,False,,0,
2025-09-26T22:34:48.028329,504,,person,0.8385477662086487,0,59,503,479,0,0,False,,0,
2025-09-26T22:34:48.028329,504,,cup,0.6384831070899963,497,372,544,425,0,0,False,,0,
2025-09-26T22:34:48.250402,505,,person,0.8907437920570374,1,59,499,479,0,0,False,,0,
2025-09-26T22:34:48.250402,505,,cup,0.6605380773544312,496,376,542,430,0,0,False,,0,
2025-09-26T22:34:48.478310,506,,person,0.8645452260971069,1,66,507,479,0,0,False,,0,
2025-09-26T22:34:48.478310,506,,cup,0.636233389377594,497,379,542,431,0,0,False,,0,
2025-09-26T22:34:48.688370,507,,person,0.8729798197746277,0,65,510,479,0,0,False,,0,
2025-09-26T22:34:48.688370,507,,cup,0.6288083791732788,496,380,542,432,0,0,False,,0,
2025-09-26T22:34:48.880147,508,,person,0.8226995468139648,0,61,533,479,0,0,False,,0,
2025-09-26T22:34:48.880147,508,,cup,0.7367616891860962,499,374,542,426,0,0,False,,0,
2025-09-26T22:34:49.075160,509,,person,0.8716077208518982,1,61,514,479,0,0,False,,0,
2025-09-26T22:34:49.075160,509,,cup,0.7765934467315674,499,374,543,426,0,0,False,,0,
2025-09-26T22:34:49.263450,510,,person,0.8578680753707886,1,60,566,479,0,0,False,,0,
2025-09-26T22:34:49.263450,510,,cup,0.7786939144134521,499,369,542,421,0,0,False,,0,
2025-09-26T22:34:49.493806,511,,person,0.8620513677597046,0,62,533,479,0,0,False,,0,
2025-09-26T22:34:49.493806,511,,cup,0.5580115914344788,499,368,544,420,0,0,False,,0,
2025-09-26T22:34:49.720490,512,,person,0.8689838647842407,1,61,579,479,0,0,False,,0,
2025-09-26T22:34:49.720490,512,,cup,0.58014315366745,500,371,547,423,0,0,False,,0,
2025-09-26T22:34:49.947473,513,,person,0.8039178848266602,1,64,551,479,0,0,False,,0,
2025-09-26T22:34:49.947473,513,,cup,0.5780932903289795,500,375,547,427,0,0,False,,0,
2025-09-26T22:34:50.147412,514,,person,0.877634584903717,1,67,521,479,0,0,False,,0,
2025-09-26T22:34:50.147412,514,,cup,0.5457146167755127,497,374,547,427,0,0,False,,0,
2025-09-26T22:34:50.357371,515,,person,0.8618304133415222,1,61,515,479,0,0,False,,0,
2025-09-26T22:34:50.357371,515,,cup,0.695379376411438,501,373,546,426,0,0,False,,0,
2025-09-26T22:34:50.561771,516,,person,0.8899379968643188,1,59,513,479,0,0,False,,0,
2025-09-26T22:34:50.561771,516,,cup,0.7048289179801941,500,370,546,423,0,0,False,,0,
2025-09-26T22:34:50.771397,517,,person,0.8973881006240845,1,60,508,479,0,0,False,,0,
2025-09-26T22:34:50.921231,518,,person,0.7787360548973083,1,60,508,478,0,0,False,,0,
2025-09-26T22:34:51.080642,519,,person,0.8652164936065674,1,55,539,479,0,0,False,,0,
2025-09-26T22:34:51.228583,520,,person,0.8534111976623535,1,62,574,479,0,0,False,,0,
2025-09-26T22:34:51.228583,520,,cup,0.6344630718231201,502,380,547,432,0,0,False,,0,
2025-09-26T22:34:51.528124,521,,person,0.5394197106361389,0,91,563,479,0,0,False,,0,
2025-09-26T22:34:51.694389,522,,person,0.8569313287734985,0,79,562,479,0,0,False,,0,
2025-09-26T22:34:51.830026,523,,person,0.8832582235336304,0,89,512,479,0,0,False,,0,
2025-09-26T22:34:51.980715,524,,person,0.8643565773963928,0,69,609,478,0,0,False,,0,
2025-09-26T22:34:51.980715,524,,cup,0.5332984328269958,502,382,551,436,0,0,False,,0,
2025-09-26T22:34:52.196830,525,,person,0.8577468395233154,1,67,534,479,0,0,False,,0,
2025-09-26T22:34:52.196830,525,,cup,0.7507495880126953,510,379,554,432,0,0,False,,0,
2025-09-26T22:34:52.427784,526,,person,0.8566701412200928,1,63,544,479,0,0,False,,0,
2025-09-26T22:34:52.427784,526,,cup,0.7699489593505859,510,377,554,429,0,0,False,,0,
2025-09-26T22:34:52.639061,527,,person,0.8904674053192139,1,56,534,479,0,0,False,,0,
2025-09-26T22:34:52.639061,527,,cup,0.5786874294281006,511,375,556,428,0,0,False,,0,
2025-09-26T22:39:56.945946,1,,person,0.7514469027519226,109,166,630,479,0,0,False,,0,
2025-09-26T22:39:57.506383,4,,person,0.5206290483474731,97,192,640,479,0,0,False,,0,
2025-09-26T22:39:57.715931,5,,person,0.5581262111663818,104,200,639,479,0,0,False,,0,
2025-09-26T22:39:58.256346,9,,person,0.7445957064628601,110,201,636,479,0,0,False,,0,
2025-09-26T22:39:58.444226,10,,person,0.8424457311630249,105,199,638,479,0,0,False,,0,
2025-09-26T22:39:58.654041,11,,person,0.8424206972122192,103,198,640,479,0,0,False,,0,
2025-09-26T22:39:58.863995,12,,person,0.8315407633781433,99,195,639,479,0,0,False,,0,
2025-09-26T22:39:59.086769,13,,person,0.8637223839759827,109,199,639,479,0,0,False,,0,
2025-09-26T22:39:59.322121,14,,person,0.8619357943534851,112,198,639,479,0,0,False,,0,
2025-09-26T22:39:59.521852,15,,person,0.859645664691925,109,194,639,479,0,0,False,,0,
2025-09-26T22:39:59.712099,16,,person,0.8961604237556458,109,195,640,479,0,0,False,,0,
2025-09-26T22:39:59.915762,17,,person,0.8753786087036133,107,196,640,479,0,0,False,,0,
2025-09-26T22:40:00.143773,18,,person,0.7683841586112976,107,192,638,479,0,0,False,,0,
2025-09-26T22:40:00.316705,19,,person,0.5141972899436951,94,162,638,479,0,0,False,,0,
2025-09-26T22:40:00.495969,20,,person,0.5292485952377319,16,125,637,479,0,0,False,,0,
2025-09-26T22:40:00.946145,22,,person,0.6665927767753601,110,190,627,479,0,0,False,,0,
2025-09-26T22:40:01.271729,23,,person,0.6521152257919312,105,186,637,479,0,0,False,,0,
2025-09-26T22:40:01.666887,24,,person,0.7519983649253845,120,182,628,479,0,0,False,,0,
2025-09-26T22:40:02.034209,25,,person,0.8447546362876892,126,180,638,479,0,0,False,,0,
2025-09-26T22:40:02.375710,26,,person,0.8014506101608276,123,170,636,479,0,0,False,,0,
2025-09-26T22:40:02.566689,27,,person,0.6399673223495483,115,159,638,479,0,0,False,,0,
2025-09-26T22:40:02.722141,28,,person,0.8230398893356323,124,167,638,479,0,0,False,,0,
2025-09-26T22:40:02.872312,29,,person,0.8083968758583069,126,135,637,479,0,0,False,,0,
2025-09-26T22:40:03.018814,30,,person,0.8444831967353821,128,143,638,479,0,0,False,,0,
2025-09-26T22:40:03.182050,31,,person,0.8226998448371887,125,127,639,479,0,0,False,,0,
2025-09-26T22:40:03.341678,32,,person,0.7134222984313965,128,169,637,479,0,0,False,,0,
2025-09-26T22:40:03.512114,33,,person,0.8348366618156433,130,174,639,479,0,0,False,,0,
2025-09-26T22:40:03.657816,34,,person,0.848663866519928,126,179,639,479,0,0,False,,0,
2025-09-26T22:40:03.805504,35,,person,0.8020875453948975,130,162,639,479,0,0,False,,0,
2025-09-26T22:40:03.951949,36,,person,0.7660188674926758,131,183,622,479,0,0,False,,0,
2025-09-26T22:40:04.097915,37,,person,0.7278356552124023,123,187,632,479,0,0,False,,0,
2025-09-26T22:40:04.258025,38,,person,0.8169236183166504,133,181,631,479,0,0,False,,0,
2025-09-26T22:40:04.426156,39,,person,0.8176851868629456,131,174,638,479,0,0,False,,0,
2025-09-26T22:40:04.697892,40,,person,0.7991594672203064,132,180,639,479,0,0,False,,0,
2025-09-26T22:40:04.697892,40,,cell phone,0.5033429265022278,408,272,471,372,0,0,False,,0,
2025-09-26T22:40:04.913714,41,,person,0.8481782674789429,134,186,638,479,0,0,False,,0,
2025-09-26T22:40:05.057959,42,,person,0.5418673157691956,124,188,639,479,0,0,False,,0,
2025-09-26T22:40:05.205835,43,,person,0.7472577691078186,129,188,633,479,0,0,False,,0,
2025-09-26T22:40:05.371904,44,,person,0.7759899497032166,134,189,599,479,0,0,False,,0,
2025-09-26T22:40:05.526010,45,,person,0.8283310532569885,130,184,577,479,0,0,False,,0,
2025-09-26T22:40:05.705659,46,,person,0.8165892958641052,132,187,577,479,0,0,False,,0,
2025-09-26T22:40:05.861733,47,,person,0.669758677482605,127,187,625,479,0,0,False,,0,
2025-09-26T22:40:06.021841,48,,person,0.6894642114639282,123,185,580,479,0,0,False,,0,
2025-09-26T22:40:06.177426,49,,person,0.7272678017616272,126,187,624,479,0,0,False,,0,
2025-09-26T22:40:06.321774,50,,person,0.5695610642433167,126,187,584,479,0,0,False,,0,
2025-09-26T22:40:06.566276,52,,person,0.7426121830940247,112,187,637,479,0,0,False,,0,
2025-09-26T22:40:06.715987,53,,person,0.734439492225647,128,186,629,479,0,0,False,,0,
2025-09-26T22:40:06.871943,54,,person,0.7771660685539246,135,188,636,479,0,0,False,,0,
2025-09-26T22:40:07.043415,55,,person,0.8411588668823242,128,182,638,479,0,0,False,,0,
2025-09-26T22:40:07.198884,56,,person,0.8541443347930908,129,188,638,479,0,0,False,,0,
2025-09-26T22:40:07.378270,57,,person,0.8371067047119141,134,187,639,479,0,0,False,,0,
2025-09-26T22:40:07.517048,58,,person,0.8268243074417114,124,188,637,479,0,0,False,,0,
2025-09-26T22:40:07.673982,59,,person,0.8055896759033203,118,187,638,479,0,0,False,,0,
2025-09-26T22:40:07.933713,61,,person,0.685377836227417,121,196,635,479,0,0,False,,0,
2025-09-26T22:40:08.081917,62,,person,0.6704742908477783,89,198,613,479,0,0,False,,0,
2025-09-26T22:40:08.266468,63,,person,0.5487907528877258,122,199,605,479,0,0,False,,0,
2025-09-26T22:40:08.525956,65,,person,0.6124051213264465,6,198,592,479,0,0,False,,0,
2025-09-26T22:40:08.697795,66,,person,0.5379865765571594,9,200,580,479,0,0,False,,0,
2025-09-26T22:40:08.697795,66,,cup,0.5122594833374023,590,415,639,478,0,0,False,,0,
2025-09-26T22:40:08.911761,67,,person,0.6334429979324341,2,197,594,479,0,0,False,,0,
2025-09-26T22:40:09.071911,68,,cup,0.5659844279289246,591,416,639,478,0,0,False,,0,
2025-09-26T22:40:09.071911,68,,person,0.5158910155296326,1,197,591,479,0,0,False,,0,
2025-09-26T22:40:09.291951,69,,person,0.7020041346549988,3,195,587,479,0,0,False,,0,
2025-09-26T22:40:09.291951,69,,cup,0.5597266554832458,590,416,639,477,0,0,False,,0,
2025-09-26T22:40:09.517116,70,,person,0.7026932239532471,3,196,585,479,0,0,False,,0,
2025-09-26T22:40:09.517116,70,,cup,0.637363851070404,588,416,639,477,0,0,False,,0,
2025-09-26T22:40:09.711685,71,,person,0.7256671190261841,22,197,581,479,0,0,False,,0,
2025-09-26T22:40:09.711685,71,,cup,0.6695864200592041,589,416,639,477,0,0,False,,0,
2025-09-26T22:40:09.953067,72,,person,0.7367080450057983,24,198,586,479,0,0,False,,0,
2025-09-26T22:40:09.953067,72,,cup,0.6624922752380371,588,416,639,478,0,0,False,,0,
2025-09-26T22:40:10.171876,73,,person,0.7677382826805115,30,198,578,479,0,0,False,,0,
2025-09-26T22:40:10.171876,73,,cup,0.6558597683906555,589,416,639,477,0,0,False,,0,
2025-09-26T22:40:10.378298,74,,person,0.7578515410423279,31,198,595,479,0,0,False,,0,
2025-09-26T22:40:10.378298,74,,cup,0.5781723856925964,589,416,639,477,0,0,False,,0,
2025-09-26T22:40:10.598335,75,,person,0.6649070382118225,19,198,585,479,0,0,False,,0,
2025-09-26T22:40:10.745958,76,,cup,0.6672756671905518,588,416,639,477,0,0,False,,0,
2025-09-26T22:40:10.745958,76,,person,0.6462101340293884,41,197,570,479,0,0,False,,0,
2025-09-26T22:40:10.966648,77,,person,0.7196117639541626,45,198,579,479,0,0,False,,0,
2025-09-26T22:40:10.966648,77,,cup,0.5955753326416016,590,417,639,477,0,0,False,,0,
2025-09-26T22:40:11.186042,78,,person,0.7034109830856323,0,57,638,479,0,0,False,,0,
2025-09-26T22:40:11.351791,79,,person,0.6597103476524353,33,199,558,479,0,0,False,,0,
2025-09-26T22:40:11.351791,79,,cup,0.5653367638587952,589,417,639,477,0,0,False,,0,
2025-09-26T22:40:11.571894,80,,person,0.6859839558601379,34,200,568,479,0,0,False,,0,
2025-09-26T22:40:11.571894,80,,cup,0.5605794787406921,590,419,639,478,0,0,False,,0,
2025-09-26T22:40:11.785517,81,,person,0.7172841429710388,0,59,639,477,0,0,False,,0,
2025-09-26T22:40:11.955506,82,,person,0.6750441789627075,34,200,566,479,0,0,False,,0,
2025-09-26T22:40:12.126456,83,,person,0.6880195140838623,34,201,574,479,0,0,False,,0,
2025-09-26T22:40:12.281849,84,,person,0.7136654853820801,1,64,627,477,0,0,False,,0,
2025-09-26T22:40:12.466523,85,,person,0.7020366191864014,41,200,564,479,0,0,False,,0,
2025-09-26T22:40:12.466523,85,,cup,0.5820085406303406,589,418,639,478,0,0,False,,0,
2025-09-26T22:40:12.683940,86,,person,0.7275288105010986,37,200,568,479,0,0,False,,0,
2025-09-26T22:40:12.683940,86,,cup,0.5275976061820984,590,419,639,478,0,0,False,,0,
2025-09-26T22:40:13.018144,87,,person,0.700293242931366,30,200,571,479,0,0,False,,0,
2025-09-26T22:40:13.018144,87,,cup,0.6207968592643738,591,418,639,478,0,0,False,,0,
2025-09-26T22:40:13.217980,88,,person,0.6889980435371399,15,198,585,479,0,0,False,,0,
2025-09-26T22:40:13.385930,89,,person,0.6512805223464966,36,198,612,479,0,0,False,,0,
2025-09-26T22:40:13.551789,90,,person,0.6845124363899231,134,200,629,479,0,0,False,,0,
2025-09-26T22:40:13.719719,91,,person,0.6792272925376892,129,201,633,479,0,0,False,,0,
2025-09-26T22:40:13.882034,92,,person,0.7087392210960388,142,202,628,479,0,0,False,,0,
2025-09-26T22:40:14.031598,93,,person,0.5547307133674622,142,200,625,479,0,0,False,,0,
2025-09-26T22:40:14.185581,94,,person,0.6009701490402222,139,200,634,479,0,0,False,,0,
2025-09-26T22:40:14.349887,95,,person,0.8014360070228577,141,200,625,479,0,0,False,,0,
2025-09-26T22:40:14.516736,96,,person,0.7524011731147766,141,203,623,479,0,0,False,,0,
2025-09-26T22:40:14.686017,97,,person,0.7052732706069946,131,200,588,479,0,0,False,,0,
2025-09-26T22:40:14.836530,98,,person,0.6489382386207581,126,201,564,479,0,0,False,,0,
2025-09-26T22:40:14.995839,99,,person,0.7246986627578735,125,201,568,479,0,0,False,,0,
2025-09-26T22:40:15.147935,100,,person,0.7499502897262573,126,203,560,479,0,0,False,,0,
2025-09-26T22:40:15.331581,101,,person,0.777849555015564,126,202,564,479,0,0,False,,0,
2025-09-26T22:40:15.485372,102,,person,0.7800049185752869,127,204,565,479,0,0,False,,0,
2025-09-26T22:40:15.485372,102,,cup,0.6257498860359192,587,420,639,479,0,0,False,,0,
2025-09-26T22:40:15.713911,103,,person,0.7564793825149536,129,203,572,479,0,0,False,,0,
2025-09-26T22:40:15.871849,104,,person,0.774981677532196,128,202,567,479,0,0,False,,0,
2025-09-26T22:40:15.871849,104,,cup,0.5734978318214417,591,419,639,479,0,0,False,,0,
2025-09-26T22:40:16.081667,105,,person,0.6603513956069946,126,202,559,479,0,0,False,,0,
2025-09-26T22:40:16.245548,106,,person,0.7387579679489136,128,200,581,479,0,0,False,,0,
2025-09-26T22:40:16.395651,107,,person,0.7826417684555054,122,203,566,479,0,0,False,,0,
2025-09-26T22:40:16.395651,107,,cup,0.5033087730407715,591,419,639,479,0,0,False,,0,
2025-09-26T22:40:16.611703,108,,person,0.7434605360031128,128,202,563,479,0,0,False,,0,
2025-09-26T22:40:16.611703,108,,cup,0.5012525916099548,589,418,639,478,0,0,False,,0,
2025-09-26T22:40:16.825662,109,,person,0.7343829274177551,127,201,560,479,0,0,False,,0,
2025-09-26T22:40:16.825662,109,,cup,0.5263261198997498,590,419,639,479,0,0,False,,0,
2025-09-26T22:40:17.026111,110,,person,0.771488606929779,128,202,564,479,0,0,False,,0,
2025-09-26T22:40:17.026111,110,,cup,0.542504072189331,591,419,639,478,0,0,False,,0,
2025-09-26T22:40:17.275591,111,,person,0.8076659440994263,129,203,566,479,0,0,False,,0,
2025-09-26T22:40:17.446117,112,,person,0.787898600101471,128,201,562,479,0,0,False,,0,
2025-09-26T22:40:17.605564,113,,person,0.7622708678245544,129,201,560,479,0,0,False,,0,
2025-09-26T22:40:17.605564,113,,cup,0.523600697517395,589,419,639,479,0,0,False,,0,
2025-09-26T22:40:17.811955,114,,person,0.8155205249786377,131,204,558,479,0,0,False,,0,
2025-09-26T22:40:17.966552,115,,person,0.7992926239967346,125,203,564,479,0,0,False,,0,
2025-09-26T22:40:17.966552,115,,cup,0.5440298914909363,589,419,639,479,0,0,False,,0,
2025-09-26T22:40:18.185658,116,,person,0.7344931364059448,130,202,559,479,0,0,False,,0,
2025-09-26T22:40:18.337955,117,,person,0.7394948601722717,126,202,566,479,0,0,False,,0,
2025-09-26T22:40:18.507333,118,,person,0.6660823822021484,137,203,557,479,0,0,False,,0,
2025-09-26T22:40:18.673682,119,,person,0.7152388095855713,131,202,556,479,0,0,False,,0,
2025-09-26T22:40:18.825710,120,,person,0.6715093851089478,131,203,557,479,0,0,False,,0,
2025-09-26T22:40:19.087542,121,,person,0.6280989646911621,136,202,552,479,0,0,False,,0,
2025-09-26T22:40:19.247565,122,,person,0.7724915742874146,96,202,563,479,0,0,False,,0,
2025-09-26T22:40:19.403745,123,,person,0.548525869846344,99,202,544,479,0,0,False,,0,
2025-09-26T22:40:19.555486,124,,person,0.6884962320327759,93,201,563,479,0,0,False,,0,
2025-09-26T22:40:19.724045,125,,person,0.7428709268569946,95,201,562,479,0,0,False,,0,
2025-09-26T22:40:19.881712,126,,person,0.768534779548645,86,201,565,479,0,0,False,,0,
2025-09-26T22:40:20.037955,127,,person,0.638480007648468,80,205,562,479,0,0,False,,0,
2025-09-26T22:40:20.191697,128,,cup,0.5991623401641846,592,420,639,479,0,0,False,,0,
2025-09-26T22:40:20.446047,130,,person,0.6701295375823975,120,199,568,479,0,0,False,,0,
2025-09-26T22:40:20.601723,131,,person,0.6603232026100159,127,203,557,479,0,0,False,,0,
2025-09-26T22:40:20.765950,132,,person,0.55148845911026,122,204,460,479,0,0,False,,0,
2025-09-26T22:40:20.933854,133,,person,0.5481937527656555,109,203,554,479,0,0,False,,0,
2025-09-26T22:40:21.106447,134,,person,0.6639169454574585,93,203,560,479,0,0,False,,0,
2025-09-26T22:40:21.275841,135,,person,0.515314519405365,128,198,555,479,0,0,False,,0,
2025-09-26T22:40:21.439220,136,,person,0.5837894082069397,125,200,553,479,0,0,False,,0,
2025-09-26T22:40:21.591672,137,,person,0.7025792002677917,125,202,566,479,0,0,False,,0,
2025-09-26T22:40:21.591672,137,,cup,0.5732052326202393,589,419,639,479,0,0,False,,0,
2025-09-26T22:40:21.798859,138,,person,0.5879706740379333,123,202,557,479,0,0,False,,0,
2025-09-26T22:40:21.947388,139,,person,0.7086775898933411,130,202,561,479,0,0,False,,0,
2025-09-26T22:40:22.101771,140,,person,0.721474289894104,130,201,563,479,0,0,False,,0,
2025-09-26T22:40:22.281560,141,,person,0.6874481439590454,123,202,564,479,0,0,False,,0,
2025-09-26T22:40:22.281560,141,,cup,0.5303506255149841,586,421,639,479,0,0,False,,0,
2025-09-26T22:40:22.823856,145,,person,0.5686940550804138,125,204,533,479,0,0,False,,0,
2025-09-26T22:40:22.967534,146,,person,0.6273022294044495,119,204,549,479,0,0,False,,0,
2025-09-26T22:40:22.967534,146,,cup,0.5440295934677124,590,420,639,479,0,0,False,,0,
2025-09-26T22:40:23.201651,147,,person,0.581211268901825,119,202,556,479,0,0,False,,0,
2025-09-26T22:40:23.201651,147,,cup,0.5363371968269348,589,420,639,479,0,0,False,,0,
2025-09-26T22:40:23.655827,150,,person,0.5483222603797913,116,201,551,479,0,0,False,,0,
2025-09-26T22:40:23.655827,150,,cup,0.5351396203041077,589,420,639,479,0,0,False,,0,
2025-09-26T22:40:23.885873,151,,person,0.6932580471038818,105,202,564,479,0,0,False,,0,
2025-09-26T22:40:23.885873,151,,cup,0.5621963143348694,588,420,639,479,0,0,False,,0,
2025-09-26T22:40:24.104008,152,,person,0.7484275102615356,119,203,565,479,0,0,False,,0,
2025-09-26T22:40:24.104008,152,,cup,0.6109702587127686,588,420,639,479,0,0,False,,0,
2025-09-26T22:40:24.401859,153,,person,0.7456690073013306,110,202,563,479,0,0,False,,0,
2025-09-26T22:40:24.566903,154,,person,0.6739571690559387,116,200,559,479,0,0,False,,0,
2025-09-26T22:40:24.746338,155,,person,0.6687146425247192,103,201,562,479,0,0,False,,0,
2025-09-26T22:40:24.917445,156,,person,0.7208141684532166,102,200,564,479,0,0,False,,0,
2025-09-26T22:40:25.791798,164,,person,0.5029677748680115,41,205,471,479,0,0,False,,0,
2025-09-26T22:40:25.953825,165,,cup,0.7048529982566833,493,420,540,473,0,0,False,,0,
2025-09-26T22:40:25.953825,165,,person,0.5138261318206787,41,203,560,479,0,0,False,,0,
2025-09-26T22:40:26.911710,173,,person,0.7907801866531372,21,0,630,479,0,0,False,,0,
2025-09-26T22:40:27.221690,176,,person,0.8496651649475098,52,78,633,478,0,0,False,,0,
2025-09-26T22:40:27.382018,177,,person,0.6872648596763611,43,68,632,479,0,0,False,,0,
2025-09-26T22:40:27.877698,181,,person,0.8048056364059448,0,81,534,479,0,0,False,,0,
2025-09-26T22:40:28.037581,182,,person,0.8484865427017212,0,85,532,479,0,0,False,,0,
2025-09-26T22:40:28.037581,182,,cup,0.5749340653419495,472,309,516,359,0,0,False,,0,
2025-09-26T22:40:28.271821,183,,person,0.8737626075744629,0,86,531,478,0,0,False,,0,
2025-09-26T22:40:28.271821,183,,cup,0.5984653234481812,472,309,517,360,0,0,False,,0,
2025-09-26T22:40:28.521661,184,,person,0.8824937343597412,0,87,537,478,0,0,False,,0,
2025-09-26T22:40:28.521661,184,,cup,0.6671736240386963,473,309,516,358,0,0,False,,0,
2025-09-26T22:40:28.756024,185,,person,0.8847553730010986,0,87,527,478,0,0,False,,0,
2025-09-26T22:40:28.756024,185,,cup,0.566800057888031,471,309,516,359,0,0,False,,0,
2025-09-26T22:40:28.991832,186,,person,0.8883918523788452,0,90,530,478,0,0,False,,0,
2025-09-26T22:40:28.991832,186,,cup,0.6219232678413391,472,309,517,359,0,0,False,,0,
2025-09-26T22:40:29.191961,187,,person,0.8331866264343262,0,88,530,479,0,0,False,,0,
2025-09-26T22:40:29.191961,187,,cup,0.5494717359542847,472,309,516,359,0,0,False,,0,
2025-09-26T22:40:29.431766,188,,person,0.663261890411377,0,86,542,478,0,0,False,,0,
2025-09-26T22:40:29.431766,188,,cup,0.5404557585716248,472,309,516,359,0,0,False,,0,
2025-09-26T22:40:29.675767,189,,person,0.8635738492012024,0,86,613,479,0,0,False,,0,
2025-09-26T22:40:29.843667,190,,person,0.8558065295219421,0,84,606,479,0,0,False,,0,
2025-09-26T22:40:30.139775,192,,cup,0.6181586980819702,476,312,522,364,0,0,False,,0,
2025-09-26T22:40:30.303906,193,,cup,0.5435860753059387,480,313,523,363,0,0,False,,0,
2025-09-26T22:40:30.575786,194,,person,0.8398441672325134,0,98,611,480,0,0,False,,0,
2025-09-26T22:40:30.575786,194,,cup,0.518380880355835,486,313,527,363,0,0,False,,0,
2025-09-26T22:40:30.791781,195,,person,0.842014491558075,0,107,601,479,0,0,False,,0,
2025-09-26T22:40:30.791781,195,,cup,0.5354095101356506,484,313,527,362,0,0,False,,0,
2025-09-26T22:40:31.051878,196,,person,0.8025412559509277,0,16,622,480,0,0,False,,0,
2025-09-26T22:40:31.051878,196,,cup,0.5543056130409241,484,313,525,362,0,0,False,,0,
2025-09-26T22:40:31.298117,197,,cup,0.6497515439987183,477,313,521,364,0,0,False,,0,
2025-09-26T22:40:31.455648,198,,person,0.6004557609558105,0,87,590,480,0,0,False,,0,
2025-09-26T22:40:31.455648,198,,cup,0.5974645018577576,476,312,522,363,0,0,False,,0,
2025-09-26T22:40:31.699772,199,,cup,0.6702862977981567,476,311,522,362,0,0,False,,0,
2025-09-26T22:40:31.699772,199,,person,0.5499746799468994,0,92,545,479,0,0,False,,0,
2025-09-26T22:40:31.938162,200,,person,0.6834025979042053,1,98,504,478,0,0,False,,0,
2025-09-26T22:40:31.938162,200,,cup,0.6568965315818787,477,311,522,362,0,0,False,,0,
2025-09-26T22:40:32.163758,201,,person,0.7738646864891052,2,97,563,478,0,0,False,,0,
2025-09-26T22:40:32.163758,201,,cup,0.6209431290626526,475,309,522,360,0,0,False,,0,
2025-09-26T22:40:32.393833,202,,person,0.7366516590118408,0,98,490,478,0,0,False,,0,
2025-09-26T22:40:32.393833,202,,cup,0.6082049012184143,476,310,521,360,0,0,False,,0,
2025-09-26T22:40:32.631754,203,,person,0.7173961400985718,0,93,536,478,0,0,False,,0,
2025-09-26T22:40:32.631754,203,,cup,0.612204909324646,476,310,522,361,0,0,False,,0,
2025-09-26T22:40:32.893594,204,,person,0.8710305690765381,0,96,568,479,0,0,False,,0,
2025-09-26T22:40:32.893594,204,,cup,0.6532280445098877,476,311,522,361,0,0,False,,0,
2025-09-26T22:40:33.121671,205,,person,0.8658849596977234,0,95,575,479,0,0,False,,0,
2025-09-26T22:40:33.121671,205,,cup,0.6045161485671997,476,310,521,361,0,0,False,,0,
2025-09-26T22:40:33.359456,206,,person,0.7571237683296204,1,97,592,479,0,0,False,,0,
2025-09-26T22:40:33.359456,206,,cup,0.6048104166984558,476,311,522,362,0,0,False,,0,
2025-09-26T22:40:33.587353,207,,person,0.821900486946106,0,99,542,479,0,0,False,,0,
2025-09-26T22:40:33.587353,207,,cup,0.5940439701080322,476,312,521,363,0,0,False,,0,
2025-09-26T22:40:33.816946,208,,person,0.8491768836975098,1,93,562,479,0,0,False,,0,
2025-09-26T22:40:33.816946,208,,cup,0.5978431701660156,476,312,521,362,0,0,False,,0,
2025-09-26T22:40:34.065739,209,,person,0.8639104962348938,0,99,579,479,0,0,False,,0,
2025-09-26T22:40:34.065739,209,,cup,0.6382207274436951,476,312,521,363,0,0,False,,0,
2025-09-26T22:40:34.281758,210,,person,0.8474339246749878,0,100,588,479,0,0,False,,0,
2025-09-26T22:40:34.281758,210,,cup,0.6159823536872864,476,313,520,364,0,0,False,,0,
2025-09-26T22:40:34.498365,211,,person,0.8714414834976196,0,100,589,479,0,0,False,,0,
2025-09-26T22:40:34.498365,211,,cup,0.6396404504776001,475,313,521,364,0,0,False,,0,
2025-09-26T22:40:34.745811,212,,person,0.8548309803009033,0,91,614,479,0,0,False,,0,
2025-09-26T22:40:34.745811,212,,cup,0.6582556366920471,476,312,521,364,0,0,False,,0,
2025-09-26T22:40:34.973799,213,,person,0.8831672668457031,0,92,611,479,0,0,False,,0,
2025-09-26T22:40:34.973799,213,,cup,0.5847168564796448,476,312,520,363,0,0,False,,0,
2025-09-26T22:40:35.205656,214,,person,0.8913680911064148,0,97,611,479,0,0,False,,0,
2025-09-26T22:40:35.205656,214,,cup,0.6179922223091125,476,312,521,363,0,0,False,,0,
2025-09-26T22:40:35.542765,215,,person,0.89814692735672,0,97,619,479,0,0,False,,0,
2025-09-26T22:40:35.542765,215,,cup,0.5578492283821106,476,312,520,362,0,0,False,,0,
2025-09-26T22:40:35.778104,216,,person,0.7880927324295044,0,96,608,478,0,0,False,,0,
2025-09-26T22:40:35.778104,216,,cup,0.5135375261306763,476,312,520,362,0,0,False,,0,
2025-09-26T22:40:36.011738,217,,person,0.5315259695053101,0,94,609,478,0,0,False,,0,
2025-09-26T22:40:36.173875,218,,cup,0.5160995125770569,473,313,519,366,0,0,False,,0,
2025-09-26T22:40:36.383708,219,,person,0.5145692825317383,0,84,580,479,0,0,False,,0,
2025-09-26T22:40:36.568228,220,,person,0.6337294578552246,1,90,577,479,0,0,False,,0,
2025-09-26T22:40:36.746389,221,,person,0.576525866985321,2,69,618,478,0,0,False,,0,
2025-09-26T22:40:36.935687,222,,person,0.8718982338905334,0,85,575,479,0,0,False,,0,
2025-09-26T22:40:36.935687,222,,cup,0.5210908055305481,473,310,516,361,0,0,False,,0,
2025-09-26T22:40:37.267192,223,,person,0.8379146456718445,1,86,569,479,0,0,False,,0,
2025-09-26T22:40:37.619319,224,,person,0.7437233924865723,0,90,611,478,0,0,False,,0,
2025-09-26T22:40:38.034368,225,,person,0.8292542099952698,0,85,581,479,0,0,False,,0,
2025-09-26T22:40:38.444200,226,,person,0.8412296175956726,0,78,556,479,0,0,False,,0,
2025-09-26T22:40:38.444200,226,,cup,0.5551327466964722,482,314,523,364,0,0,False,,0,
2025-09-26T22:40:38.997326,227,,person,0.8868104815483093,0,77,528,479,0,0,False,,0,
2025-09-26T22:40:39.255544,228,,person,0.8395007252693176,0,85,516,479,0,0,False,,0,
2025-09-26T22:40:39.453953,229,,person,0.8665996789932251,0,88,518,479,0,0,False,,0,
2025-09-26T22:40:39.453953,229,,cup,0.6013383269309998,479,314,520,364,0,0,False,,0,
2025-09-26T22:40:39.752041,230,,person,0.8780041337013245,0,90,555,479,0,0,False,,0,
2025-09-26T22:40:39.951724,231,,person,0.8642787933349609,0,89,537,478,0,0,False,,0,
2025-09-26T22:40:39.951724,231,,cup,0.600777268409729,479,315,519,366,0,0,False,,0,
2025-09-26T22:40:40.215721,232,,person,0.8475050330162048,0,86,517,479,0,0,False,,0,
2025-09-26T22:40:40.215721,232,,cup,0.5521736741065979,483,314,523,364,0,0,False,,0,
2025-09-26T22:40:40.470305,233,,person,0.861900806427002,0,88,526,479,0,0,False,,0,
2025-09-26T22:40:40.657367,234,,person,0.8600236773490906,0,86,523,479,0,0,False,,0,
2025-09-26T22:40:40.657367,234,,cup,0.5197489857673645,483,313,524,364,0,0,False,,0,
2025-09-26T22:40:40.927457,235,,person,0.8106728196144104,0,92,513,479,0,0,False,,0,
2025-09-26T22:40:40.927457,235,,cup,0.5377647876739502,481,313,523,363,0,0,False,,0,
2025-09-26T22:40:41.257804,236,,person,0.7019795775413513,0,89,609,479,0,0,False,,0,
2025-09-26T22:40:41.907424,237,,person,0.8136483430862427,1,89,534,478,0,0,False,,0,
2025-09-26T22:40:41.907424,237,,cup,0.5424865484237671,477,310,522,362,0,0,False,,0,
2025-09-26T22:40:42.886284,238,,person,0.681978166103363,0,88,554,479,0,0,False,,0,
2025-09-26T22:40:42.886284,238,,cup,0.5099920630455017,480,311,522,361,0,0,False,,0,
2025-09-26T22:40:43.721614,239,,person,0.5129998922348022,1,91,627,479,0,0,False,,0,
2025-09-26T22:40:43.721614,239,,cat,0.5057533979415894,0,92,575,479,0,0,False,,0,
2025-09-26T22:40:44.640293,240,,person,0.8587185740470886,0,88,552,479,0,0,False,,0,
2025-09-26T22:40:44.640293,240,,cup,0.5568521618843079,482,310,522,360,0,0,False,,0,
2025-09-26T22:40:45.527759,241,,person,0.8596938252449036,0,89,550,479,0,0,False,,0,
2025-09-26T22:40:45.527759,241,,cup,0.5589096546173096,482,309,523,360,0,0,False,,0,
2025-09-26T22:40:46.450349,242,,person,0.8650502562522888,0,90,551,479,0,0,False,,0,
2025-09-26T22:40:46.450349,242,,cup,0.5361701250076294,482,309,523,358,0,0,False,,0,
2025-09-26T22:40:47.327523,243,,person,0.8645846843719482,0,90,553,479,0,0,False,,0,
2025-09-26T22:40:47.327523,243,,cup,0.507326602935791,482,310,522,359,0,0,False,,0,
2025-09-26T22:40:48.161749,244,,person,0.8557704091072083,0,86,557,479,0,0,False,,0,
2025-09-26T22:40:48.161749,244,,cup,0.5123112201690674,482,309,523,358,0,0,False,,0,
2025-09-26T22:40:49.025683,245,,person,0.876639187335968,0,89,574,479,0,0,False,,0,
2025-09-26T22:40:49.025683,245,,cup,0.5731359720230103,481,309,523,359,0,0,False,,0,
2025-09-26T22:40:49.895627,246,,person,0.8603394031524658,0,88,545,479,0,0,False,,0,
2025-09-26T22:40:49.895627,246,,cup,0.6068897843360901,480,309,523,358,0,0,False,,0,
2025-09-26T22:40:50.686857,247,,person,0.8535256385803223,0,89,547,479,0,0,False,,0,
2025-09-26T22:40:50.686857,247,,cup,0.5943750739097595,481,309,523,359,0,0,False,,0,
2025-09-26T22:40:51.598708,248,,person,0.8562052845954895,0,89,572,479,0,0,False,,0,
2025-09-26T22:40:51.598708,248,,cup,0.5628610253334045,482,308,523,359,0,0,False,,0,
2025-09-26T22:40:52.495832,249,,person,0.8622364401817322,0,88,557,479,0,0,False,,0,
2025-09-26T22:40:52.495832,249,,cup,0.5976685881614685,483,308,523,358,0,0,False,,0,
2025-09-26T22:40:53.255914,250,,person,0.8677045106887817,0,89,548,479,0,0,False,,0,
2025-09-26T22:40:53.255914,250,,cup,0.6254791021347046,481,308,522,358,0,0,False,,0,
2025-09-26T22:40:54.165904,251,,person,0.8551228642463684,0,91,550,479,0,0,False,,0,
2025-09-26T22:40:54.165904,251,,cup,0.5534094572067261,483,309,523,359,0,0,False,,0,
2025-09-26T22:40:55.167241,252,,person,0.861500084400177,0,90,548,479,0,0,False,,0,
2025-09-26T22:40:55.167241,252,,cup,0.6142603754997253,482,308,522,359,0,0,False,,0,
2025-09-26T22:40:55.991954,253,,person,0.8500396013259888,0,88,550,479,0,0,False,,0,
2025-09-26T22:40:55.991954,253,,cup,0.6195191740989685,482,308,522,357,0,0,False,,0,
2025-09-26T22:40:56.871997,254,,person,0.8355720639228821,0,84,556,479,0,0,False,,0,
2025-09-26T22:40:56.871997,254,,cup,0.5511501431465149,484,309,523,358,0,0,False,,0,
2025-09-26T22:40:57.605460,255,,person,0.8550831079483032,0,91,555,479,0,0,False,,0,
2025-09-26T22:40:57.605460,255,,cup,0.5117080807685852,483,309,524,359,0,0,False,,0,
2025-09-26T22:40:58.428292,256,,person,0.8708497881889343,0,84,547,479,0,0,False,,0,
2025-09-26T22:40:58.428292,256,,cup,0.5419958233833313,483,308,523,356,0,0,False,,0,
2025-09-26T22:40:58.917670,257,,person,0.8597742915153503,0,86,555,479,0,0,False,,0,
2025-09-26T22:40:58.917670,257,,cup,0.7383436560630798,480,308,523,357,0,0,False,,0,
2025-09-26T22:40:59.156904,258,,person,0.8620169758796692,0,86,557,479,0,0,False,,0,
2025-09-26T22:40:59.156904,258,,cup,0.6936028599739075,480,308,525,356,0,0,False,,0,
2025-09-26T22:40:59.413764,259,,person,0.8609380125999451,0,87,567,479,0,0,False,,0,
2025-09-26T22:40:59.583559,260,,person,0.8458872437477112,0,66,601,478,0,0,False,,0,
2025-09-26T22:40:59.778305,261,,person,0.5487000942230225,0,76,597,478,0,0,False,,0,
2025-09-26T22:40:59.961688,262,,person,0.8548239469528198,0,90,544,479,0,0,False,,0,
2025-09-26T22:41:00.387092,264,,person,0.6583068370819092,78,134,587,480,0,0,False,,0,
2025-09-26T22:41:01.036447,268,,person,0.8386263251304626,97,136,576,479,0,0,False,,0,
2025-09-26T22:41:01.225866,269,,cup,0.5770450234413147,516,308,558,352,0,0,False,,0,
2025-09-26T22:41:01.576535,271,,cup,0.5389200448989868,517,308,559,353,0,0,False,,0,
2025-09-26T22:41:01.805386,272,,person,0.8292262554168701,69,139,568,479,0,0,False,,0,
2025-09-26T22:41:01.975478,273,,person,0.8550878167152405,75,140,569,479,0,0,False,,0,
2025-09-26T22:41:01.975478,273,,cup,0.5942403674125671,514,311,556,357,0,0,False,,0,
2025-09-26T22:41:03.086363,282,,person,0.7500929832458496,257,63,638,478,0,0,False,,0,
2025-09-26T22:41:05.981551,307,,person,0.6335564255714417,1,2,443,480,0,0,False,,0,
2025-09-26T22:41:07.036919,316,,cup,0.5254890322685242,283,263,320,307,0,0,False,,0,
2025-09-26T22:41:07.453783,318,,cup,0.5725792050361633,281,261,319,308,0,0,False,,0,
2025-09-26T22:41:09.276418,329,,cup,0.5100200176239014,292,280,329,323,0,0,False,,0,
2025-09-26T22:41:09.946798,333,,cup,0.5979657769203186,332,293,368,337,0,0,False,,0,
2025-09-26T22:41:10.513741,336,,cup,0.5250356197357178,325,287,364,330,0,0,False,,0,
2025-09-26T22:41:10.761859,337,,cup,0.5341775417327881,323,282,358,327,0,0,False,,0,
2025-09-26T22:41:10.976445,338,,cat,0.5199958682060242,0,165,408,479,0,0,False,,0,
2025-09-26T22:41:10.976445,338,,cup,0.5140733122825623,321,282,356,325,0,0,False,,0,
2025-09-26T22:41:11.271631,339,,cup,0.5259780287742615,320,281,355,324,0,0,False,,0,
2025-09-26T22:41:11.506354,340,,cup,0.568939208984375,321,281,355,324,0,0,False,,0,
2025-09-26T22:41:11.731827,341,,cup,0.5883808732032776,321,281,354,324,0,0,False,,0,
2025-09-26T22:41:11.961863,342,,cup,0.6040816903114319,319,281,354,324,0,0,False,,0,
2025-09-26T22:41:12.196527,343,,cup,0.5154897570610046,318,281,354,324,0,0,False,,0,
2025-09-26T22:41:12.543683,345,,cup,0.5123859643936157,316,281,353,324,0,0,False,,0,
2025-09-26T22:41:12.736221,346,,cup,0.502741813659668,316,281,353,324,0,0,False,,0,
2025-09-26T22:41:12.962477,347,,cup,0.5023500919342041,316,281,353,324,0,0,False,,0,
2025-09-26T22:41:13.357778,349,,cup,0.5060278177261353,317,281,353,324,0,0,False,,0,
2025-09-26T22:41:13.586126,350,,cup,0.5073362588882446,316,281,353,323,0,0,False,,0,
2025-09-26T22:41:13.921650,352,,cup,0.5194870233535767,316,280,353,323,0,0,False,,0,
2025-09-26T22:41:14.677272,357,,cup,0.5039137005805969,316,279,352,322,0,0,False,,0,
2025-09-26T22:41:15.081803,359,,oven,0.5141118168830872,0,6,433,478,0,0,False,,0,
2025-09-26T22:41:15.307627,360,,cup,0.5098975300788879,315,277,351,320,0,0,False,,0,
2025-09-26T22:41:15.511644,361,,person,0.6558060646057129,0,68,403,478,0,0,False,,0,
2025-09-26T22:41:15.511644,361,,cup,0.5307438969612122,316,277,351,322,0,0,False,,0,
2025-09-26T22:41:15.946599,363,,cup,0.5034310221672058,316,278,351,321,0,0,False,,0,
2025-09-26T22:41:16.196111,364,,person,0.7596415877342224,0,70,404,479,0,0,False,,0,
2025-09-26T22:41:16.431888,365,,person,0.7331284880638123,0,67,405,479,0,0,False,,0,
2025-09-26T22:41:16.431888,365,,cup,0.521960973739624,315,277,351,321,0,0,False,,0,
2025-09-26T22:41:16.846263,366,,person,0.8278458118438721,0,71,401,478,0,0,False,,0,
2025-09-26T22:41:16.846263,366,,cup,0.5062436461448669,315,277,351,320,0,0,False,,0,
2025-09-26T22:41:17.117038,367,,person,0.7581951022148132,0,72,399,479,0,0,False,,0,
2025-09-26T22:41:17.117038,367,,cup,0.5782960653305054,315,277,350,320,0,0,False,,0,
2025-09-26T22:41:17.415233,368,,person,0.7009646892547607,0,72,397,479,0,0,False,,0,
2025-09-26T22:41:17.667039,369,,person,0.6028212904930115,0,70,393,479,0,0,False,,0,
2025-09-26T22:41:17.886231,370,,cup,0.7018895745277405,313,285,348,330,0,0,False,,0,
2025-09-26T22:41:18.090586,371,,cup,0.6142781972885132,313,285,348,328,0,0,False,,0,
2025-09-26T22:41:18.313676,372,,cup,0.6367061138153076,312,284,347,327,0,0,False,,0,
2025-09-26T22:41:18.521458,373,,cup,0.6178444623947144,311,285,346,327,0,0,False,,0,
2025-09-26T22:41:18.755695,374,,cup,0.6529006958007812,312,285,346,328,0,0,False,,0,
2025-09-26T22:41:19.001463,375,,cup,0.632617712020874,312,285,346,328,0,0,False,,0,
2025-09-26T22:41:19.001463,375,,person,0.5834172368049622,0,95,370,479,0,0,False,,0,
2025-09-26T22:41:19.306213,376,,cup,0.6847839951515198,312,285,346,328,0,0,False,,0,
2025-09-26T22:41:19.306213,376,,person,0.5504039525985718,0,91,367,479,0,0,False,,0,
2025-09-26T22:41:19.601641,377,,cup,0.6693359613418579,312,285,346,328,0,0,False,,0,
2025-09-26T22:41:19.821617,378,,cup,0.6643446087837219,312,285,346,329,0,0,False,,0,
2025-09-26T22:41:19.821617,378,,person,0.5888687372207642,0,91,378,478,0,0,False,,0,
2025-09-26T22:41:20.293891,380,,person,0.7547671794891357,0,109,366,479,0,0,False,,0,
2025-09-26T22:41:20.661438,382,,person,0.6628828048706055,0,126,368,479,0,0,False,,0,
2025-09-26T22:41:20.895279,383,,person,0.6817524433135986,1,135,359,479,0,0,False,,0,
2025-09-26T22:41:21.381396,386,,cup,0.5253469347953796,306,264,340,309,0,0,False,,0,
2025-09-26T22:41:21.631417,387,,cup,0.5445124506950378,306,272,339,321,0,0,False,,0,
2025-09-26T22:41:21.869336,388,,person,0.8026102781295776,0,99,369,479,0,0,False,,0,
2025-09-26T22:41:22.090445,389,,cup,0.5832956433296204,302,278,339,322,0,0,False,,0,
2025-09-26T22:41:22.301617,390,,person,0.8160706162452698,0,91,372,479,0,0,False,,0,
2025-09-26T22:41:22.301617,390,,cup,0.5701697468757629,300,277,338,322,0,0,False,,0,
2025-09-26T22:41:22.577502,391,,cup,0.5614549517631531,300,280,338,324,0,0,False,,0,
2025-09-26T22:41:23.831513,398,,cup,0.5150368809700012,306,244,340,291,0,0,False,,0,
2025-09-26T22:41:24.306978,401,,person,0.5451687574386597,1,103,365,479,0,0,False,,0,
2025-09-26T22:41:24.551404,402,,person,0.7149080634117126,1,116,358,479,0,0,False,,0,
2025-09-26T22:41:24.551404,402,,cup,0.5204323530197144,309,292,345,337,0,0,False,,0,
2025-09-26T22:41:24.876610,403,,person,0.7153704166412354,0,114,368,479,0,0,False,,0,
2025-09-26T22:41:24.876610,403,,cup,0.701937735080719,309,292,346,337,0,0,False,,0,
2025-09-26T22:41:25.195154,404,,person,0.6990258693695068,0,112,380,479,0,0,False,,0,
2025-09-26T22:41:25.195154,404,,cup,0.6146636009216309,310,292,345,335,0,0,False,,0,
2025-09-26T22:41:25.865349,408,,person,0.7669284343719482,1,138,369,479,0,0,False,,0,
2025-09-26T22:41:25.865349,408,,cup,0.5544185638427734,316,317,353,363,0,0,False,,0,
2025-09-26T22:41:26.591809,412,,cup,0.5194401741027832,313,290,348,336,0,0,False,,0,
2025-09-26T22:41:26.781767,413,,cup,0.592812180519104,313,293,347,338,0,0,False,,0,
2025-09-26T22:41:26.987431,414,,person,0.7434624433517456,1,105,356,479,0,0,False,,0,
2025-09-26T22:41:26.987431,414,,cup,0.5809921026229858,312,293,348,339,0,0,False,,0,
2025-09-26T22:41:27.293638,415,,person,0.7346451878547668,0,118,374,479,0,0,False,,0,
2025-09-26T22:41:27.536492,416,,cup,0.6540822982788086,317,310,355,356,0,0,False,,0,
2025-09-26T22:41:27.873294,418,,cat,0.5666458606719971,8,1,439,478,0,0,False,,0,
2025-09-26T22:41:28.487448,422,,person,0.667913556098938,1,4,518,480,0,0,False,,0,
2025-09-26T22:41:28.901500,424,,cup,0.5355104207992554,310,218,347,263,0,0,False,,0,
2025-09-26T22:41:29.121538,425,,cup,0.6326830387115479,309,221,346,269,0,0,False,,0,
2025-09-26T22:41:29.834098,426,,cup,0.6715003848075867,309,227,345,271,0,0,False,,0,
2025-09-26T22:41:29.834098,426,,person,0.6313604116439819,0,10,395,479,0,0,False,,0,
2025-09-26T22:41:30.306845,428,,cup,0.5379365086555481,308,228,343,271,0,0,False,,0,
2025-09-26T22:41:30.665503,429,,person,0.6557391881942749,1,47,475,479,0,0,False,,0,
2025-09-26T22:41:30.665503,429,,cup,0.6262170076370239,308,228,343,271,0,0,False,,0,
2025-09-26T22:41:31.091622,430,,person,0.6401600241661072,1,59,475,480,0,0,False,,0,
2025-09-26T22:41:31.486267,431,,person,0.7148643732070923,1,19,457,478,0,0,False,,0,
2025-09-26T22:41:31.486267,431,,cup,0.538111686706543,309,230,344,274,0,0,False,,0,
2025-09-26T22:41:32.165581,432,,person,0.7604014277458191,1,13,450,479,0,0,False,,0,
2025-09-26T22:41:32.165581,432,,cup,0.6227952837944031,309,229,344,274,0,0,False,,0,
2025-09-26T22:41:32.575277,433,,person,0.7429590225219727,2,60,464,479,0,0,False,,0,
2025-09-26T22:41:32.575277,433,,cup,0.5666403770446777,309,231,344,275,0,0,False,,0,
2025-09-26T22:41:32.961890,434,,person,0.7454794645309448,1,54,485,479,0,0,False,,0,
2025-09-26T22:41:32.961890,434,,cup,0.5394291877746582,308,231,344,275,0,0,False,,0,
2025-09-26T22:41:33.177619,435,,person,0.7398535013198853,1,42,483,479,0,0,False,,0,
2025-09-26T22:41:33.177619,435,,cup,0.5941318869590759,308,231,343,276,0,0,False,,0,
2025-09-26T22:41:33.417210,436,,person,0.6496343016624451,1,53,486,479,0,0,False,,0,
2025-09-26T22:41:33.417210,436,,cup,0.6290096044540405,308,231,344,276,0,0,False,,0,
2025-09-26T22:41:33.801767,437,,person,0.7846719622612,1,16,457,478,0,0,False,,0,
2025-09-26T22:41:33.801767,437,,cup,0.6020259857177734,308,231,343,275,0,0,False,,0,
2025-09-26T22:41:34.183383,438,,person,0.6897061467170715,0,46,482,480,0,0,False,,0,
2025-09-26T22:41:34.183383,438,,cup,0.5819711685180664,308,231,344,275,0,0,False,,0,
2025-09-26T22:41:34.643915,439,,person,0.7295647263526917,0,22,481,480,0,0,False,,0,
2025-09-26T22:41:34.643915,439,,cup,0.5364118218421936,308,231,344,275,0,0,False,,0,
2025-09-26T22:41:35.513807,442,,cup,0.5268563032150269,314,276,347,320,0,0,False,,0,
2025-09-26T22:41:35.801734,444,,cup,0.5042552947998047,309,231,345,276,0,0,False,,0,
2025-09-26T22:41:36.006275,445,,cup,0.6167245507240295,308,229,344,273,0,0,False,,0,
2025-09-26T22:41:36.177641,446,,person,0.6281383633613586,1,37,451,479,0,0,False,,0,
2025-09-26T22:41:36.177641,446,,cup,0.5689119696617126,308,230,344,274,0,0,False,,0,
2025-09-26T22:41:36.408623,447,,person,0.7694799304008484,1,10,455,478,0,0,False,,0,
2025-09-26T22:41:36.408623,447,,cup,0.5369654893875122,308,231,344,275,0,0,False,,0,
2025-09-26T22:41:36.636761,448,,person,0.7147061824798584,1,32,477,479,0,0,False,,0,
2025-09-26T22:41:36.636761,448,,cup,0.5734732747077942,308,232,343,275,0,0,False,,0,
2025-09-26T22:41:36.873486,449,,person,0.653060793876648,1,11,457,479,0,0,False,,0,
2025-09-26T22:41:36.873486,449,,cup,0.5712436437606812,308,232,343,275,0,0,False,,0,
2025-09-26T22:41:37.177318,450,,person,0.7057492733001709,1,31,477,479,0,0,False,,0,
2025-09-26T22:41:37.177318,450,,cup,0.5415647625923157,308,232,343,276,0,0,False,,0,
2025-09-26T22:41:37.603384,451,,person,0.6845624446868896,1,48,484,479,0,0,False,,0,
2025-09-26T22:41:37.603384,451,,cup,0.5180211067199707,308,232,344,278,0,0,False,,0,
2025-09-26T22:41:38.121524,454,,cup,0.5037335753440857,313,269,349,314,0,0,False,,0,
2025-09-26T22:41:38.776844,458,,cup,0.5351870656013489,369,285,405,328,0,0,False,,0,
2025-09-26T22:41:39.338597,461,,cup,0.5499850511550903,351,251,386,296,0,0,False,,0,
2025-09-26T22:41:39.565865,462,,cup,0.6359384655952454,351,254,386,296,0,0,False,,0,
2025-09-26T22:41:39.761530,463,,person,0.7567728757858276,0,49,480,478,0,0,False,,0,
2025-09-26T22:41:39.761530,463,,cup,0.6667721271514893,349,253,385,295,0,0,False,,0,
2025-09-26T22:41:40.118827,464,,person,0.7662603855133057,0,48,479,479,0,0,False,,0,
2025-09-26T22:41:40.118827,464,,cup,0.6599494814872742,350,253,385,295,0,0,False,,0,
2025-09-26T22:41:40.421611,465,,person,0.7687581777572632,1,45,478,479,0,0,False,,0,
2025-09-26T22:41:40.421611,465,,cup,0.6698594093322754,349,253,385,296,0,0,False,,0,
2025-09-26T22:41:40.695286,466,,person,0.7509618997573853,0,43,476,479,0,0,False,,0,
2025-09-26T22:41:40.695286,466,,cup,0.6264286637306213,349,253,385,296,0,0,False,,0,
2025-09-26T22:41:40.981397,467,,person,0.7872358560562134,0,43,471,479,0,0,False,,0,
2025-09-26T22:41:40.981397,467,,cup,0.6538962721824646,349,253,385,296,0,0,False,,0,
2025-09-26T22:41:41.285174,468,,person,0.782792329788208,0,43,469,479,0,0,False,,0,
2025-09-26T22:41:41.285174,468,,cup,0.6291937828063965,348,253,385,296,0,0,False,,0,
2025-09-26T22:41:41.601663,469,,person,0.7647404670715332,1,42,467,479,0,0,False,,0,
2025-09-26T22:41:41.601663,469,,cup,0.6492688655853271,349,253,385,296,0,0,False,,0,
2025-09-26T22:41:41.895911,470,,person,0.7882878184318542,1,47,478,479,0,0,False,,0,
2025-09-26T22:41:41.895911,470,,cup,0.6640532612800598,350,253,385,296,0,0,False,,0,
2025-09-26T22:41:42.181646,471,,person,0.8187950849533081,1,47,450,479,0,0,False,,0,
2025-09-26T22:41:42.181646,471,,cup,0.6616294980049133,349,253,385,296,0,0,False,,0,
2025-09-26T22:41:42.481402,472,,person,0.7422016263008118,0,49,475,479,0,0,False,,0,
2025-09-26T22:41:42.481402,472,,cup,0.6486175060272217,349,254,385,297,0,0,False,,0,
2025-09-26T22:41:42.916195,473,,cup,0.5829740166664124,349,257,386,300,0,0,False,,0,
2025-09-26T22:41:43.145572,474,,cup,0.6088643074035645,348,257,385,300,0,0,False,,0,
2025-09-26T22:41:43.355539,475,,cup,0.6119375824928284,348,258,385,300,0,0,False,,0,
2025-09-26T22:41:43.568287,476,,person,0.712996780872345,0,46,455,479,0,0,False,,0,
2025-09-26T22:41:43.568287,476,,cup,0.6026373505592346,348,257,385,300,0,0,False,,0,
2025-09-26T22:41:43.865704,477,,cup,0.6105371117591858,349,255,386,298,0,0,False,,0,
2025-09-26T22:41:43.865704,477,,person,0.5422523617744446,0,40,471,479,0,0,False,,0,
2025-09-26T22:41:44.191864,478,,cup,0.5952660441398621,349,255,385,299,0,0,False,,0,
2025-09-26T22:41:44.191864,478,,person,0.5941742658615112,0,49,460,479,0,0,False,,0,
2025-09-26T22:41:44.496845,479,,person,0.7669734954833984,0,60,466,479,0,0,False,,0,
2025-09-26T22:41:44.496845,479,,cup,0.5794320106506348,348,254,385,299,0,0,False,,0,
2025-09-26T22:41:44.781551,480,,person,0.8061310052871704,0,62,447,479,0,0,False,,0,
2025-09-26T22:41:44.781551,480,,cup,0.5933793783187866,348,255,385,298,0,0,False,,0,
2025-09-26T22:41:45.065036,481,,person,0.8170515894889832,0,60,439,479,0,0,False,,0,
2025-09-26T22:41:45.065036,481,,cup,0.5999332666397095,348,256,386,299,0,0,False,,0,
2025-09-26T22:41:45.367610,482,,person,0.7803424596786499,0,66,461,479,0,0,False,,0,
2025-09-26T22:41:45.367610,482,,cup,0.6283213496208191,349,255,385,299,0,0,False,,0,
2025-09-26T22:41:45.698895,483,,person,0.7824918031692505,0,67,451,479,0,0,False,,0,
2025-09-26T22:41:45.698895,483,,cup,0.5714978575706482,348,256,385,299,0,0,False,,0,
2025-09-26T22:41:46.003664,484,,cup,0.5614596605300903,349,255,385,299,0,0,False,,0,
2025-09-26T22:41:46.191558,485,,person,0.7399763464927673,0,134,413,479,0,0,False,,0,
2025-09-26T22:41:46.191558,485,,cup,0.6382046937942505,348,256,385,298,0,0,False,,0,
2025-09-26T22:41:46.461567,486,,cup,0.5475632548332214,348,254,384,297,0,0,False,,0,
2025-09-26T22:41:46.665947,487,,cup,0.6202918887138367,348,253,384,296,0,0,False,,0,
2025-09-26T22:41:46.895349,488,,cup,0.5471143126487732,349,251,384,293,0,0,False,,0,
2025-09-26T22:41:47.136502,489,,person,0.5392274856567383,1,35,508,480,0,0,False,,0,
2025-09-26T22:41:47.136502,489,,cup,0.5172514319419861,348,250,383,293,0,0,False,,0,
2025-09-26T22:41:47.445672,490,,person,0.7226405739784241,1,48,482,478,0,0,False,,0,
2025-09-26T22:41:47.647469,491,,cup,0.5281352400779724,348,251,383,294,0,0,False,,0,
2025-09-26T22:41:47.945795,492,,person,0.5492478609085083,0,30,431,479,0,0,False,,0,
2025-09-26T22:41:47.945795,492,,cup,0.51297926902771,347,251,383,294,0,0,False,,0,
2025-09-26T22:41:48.258266,493,,person,0.6256431341171265,1,48,477,479,0,0,False,,0,
2025-09-26T22:41:48.258266,493,,cup,0.612008810043335,347,252,383,295,0,0,False,,0,
2025-09-26T22:41:48.583393,494,,person,0.7311568856239319,1,49,479,479,0,0,False,,0,
2025-09-26T22:41:48.583393,494,,cup,0.623196005821228,348,252,383,295,0,0,False,,0,
2025-09-26T22:41:48.855983,495,,person,0.7156369686126709,1,50,479,479,0,0,False,,0,
2025-09-26T22:41:48.855983,495,,cup,0.6330855488777161,348,252,383,294,0,0,False,,0,
2025-09-26T22:41:49.145490,496,,person,0.7593948245048523,4,39,480,479,0,0,False,,0,
2025-09-26T22:41:49.145490,496,,cup,0.602863609790802,348,252,383,294,0,0,False,,0,
2025-09-26T22:41:49.426084,497,,person,0.7861654162406921,3,17,491,479,0,0,False,,0,
2025-09-26T22:41:49.426084,497,,cup,0.6080440878868103,348,252,383,294,0,0,False,,0,
2025-09-26T22:41:49.763636,498,,person,0.5890383124351501,1,0,450,478,0,0,False,,0,
2025-09-26T22:41:49.763636,498,,cup,0.5585982203483582,348,252,383,294,0,0,False,,0,
2025-09-26T22:41:50.138100,499,,person,0.628564715385437,0,17,466,480,0,0,False,,0,
2025-09-26T22:41:50.138100,499,,cup,0.5776379704475403,348,252,383,294,0,0,False,,0,
2025-09-26T22:41:50.446929,500,,person,0.7168196439743042,2,46,481,479,0,0,False,,0,
2025-09-26T22:41:50.446929,500,,cup,0.5998327136039734,348,252,383,294,0,0,False,,0,
2025-09-26T22:41:50.733489,501,,person,0.7137656211853027,1,45,480,478,0,0,False,,0,
2025-09-26T22:41:50.733489,501,,cup,0.5821933150291443,348,251,383,294,0,0,False,,0,
2025-09-26T22:41:51.041533,502,,person,0.6738187670707703,6,26,481,479,0,0,False,,0,
2025-09-26T22:41:51.041533,502,,cup,0.6357866525650024,348,251,383,294,0,0,False,,0,
2025-09-26T22:41:51.345491,503,,cup,0.5597756505012512,347,254,384,298,0,0,False,,0,
2025-09-26T22:41:51.555716,504,,cup,0.5757018327713013,348,256,383,300,0,0,False,,0,
2025-09-26T22:41:51.751594,505,,cup,0.572170078754425,348,256,384,300,0,0,False,,0,
2025-09-26T22:41:51.945616,506,,cup,0.5379597544670105,348,256,384,300,0,0,False,,0,
2025-09-26T22:41:52.156113,507,,person,0.6027225255966187,0,56,472,479,0,0,False,,0,
2025-09-26T22:41:52.156113,507,,cup,0.5455811023712158,348,254,383,298,0,0,False,,0,
2025-09-26T22:41:52.604487,508,,person,0.6098215579986572,2,90,471,479,0,0,False,,0,
2025-09-26T22:41:52.604487,508,,cup,0.5595843195915222,348,254,383,297,0,0,False,,0,
2025-09-26T22:41:52.887349,509,,person,0.5860924124717712,0,35,421,478,0,0,False,,0,
2025-09-26T22:41:52.887349,509,,cup,0.5789834260940552,347,255,383,299,0,0,False,,0,
2025-09-26T22:41:53.173660,510,,person,0.752377450466156,0,52,462,479,0,0,False,,0,
2025-09-26T22:41:53.173660,510,,cup,0.6529492139816284,347,253,382,297,0,0,False,,0,
2025-09-26T22:41:53.451431,511,,person,0.737797737121582,0,52,466,479,0,0,False,,0,
2025-09-26T22:41:53.451431,511,,cup,0.6389778852462769,347,253,382,296,0,0,False,,0,
2025-09-26T22:41:53.773733,512,,person,0.7597925066947937,0,49,468,479,0,0,False,,0,
2025-09-26T22:41:53.773733,512,,cup,0.5905451774597168,346,253,382,297,0,0,False,,0,
2025-09-26T22:41:54.098552,513,,person,0.7368504405021667,0,49,472,479,0,0,False,,0,
2025-09-26T22:41:54.098552,513,,cup,0.5650448799133301,347,253,383,296,0,0,False,,0,
2025-09-26T22:41:54.385444,514,,person,0.6075429320335388,0,55,469,479,0,0,False,,0,
2025-09-26T22:41:54.585353,515,,person,0.581096887588501,0,48,424,479,0,0,False,,0,
2025-09-26T22:41:54.585353,515,,cup,0.5426526069641113,344,254,379,298,0,0,False,,0,
2025-09-26T22:41:54.893565,516,,person,0.7484591603279114,0,51,420,479,0,0,False,,0,
2025-09-26T22:41:54.893565,516,,cup,0.5162203907966614,344,254,378,297,0,0,False,,0,
2025-09-26T22:41:55.203748,517,,person,0.5973799228668213,0,48,427,479,0,0,False,,0,
2025-09-26T22:41:55.203748,517,,cup,0.5954923033714294,344,254,378,297,0,0,False,,0,
2025-09-26T22:41:55.511558,518,,person,0.7656224370002747,0,52,419,479,0,0,False,,0,
2025-09-26T22:41:55.511558,518,,cup,0.6309258937835693,343,254,378,297,0,0,False,,0,
2025-09-26T22:41:55.801529,519,,person,0.7649222016334534,0,55,434,479,0,0,False,,0,
2025-09-26T22:41:55.801529,519,,cup,0.6247338056564331,343,254,378,297,0,0,False,,0,
2025-09-26T22:41:56.095188,520,,cup,0.5877103805541992,343,254,378,297,0,0,False,,0,
2025-09-26T22:41:56.095188,520,,person,0.5402000546455383,0,75,440,479,0,0,False,,0,
2025-09-26T22:41:56.396630,521,,person,0.5206506252288818,1,42,506,479,0,0,False,,0,
2025-09-26T22:41:57.035782,525,,person,0.7662796974182129,1,9,594,480,0,0,False,,0,
2025-09-26T22:41:57.256243,526,,person,0.7299116253852844,5,15,615,479,0,0,False,,0,
2025-09-26T22:41:57.485460,527,,person,0.5149518847465515,3,23,593,479,0,0,False,,0,
2025-09-26T22:41:57.858372,528,,person,0.6818821430206299,2,33,495,480,0,0,False,,0,
2025-09-26T22:41:58.352178,531,,person,0.5732744336128235,2,44,483,479,0,0,False,,0,
2025-09-26T22:41:58.716129,533,,person,0.8180068731307983,4,31,485,480,0,0,False,,0,
2025-09-26T22:41:58.917054,534,,cow,0.5338371992111206,0,0,469,480,0,0,False,,0,
2025-09-26T22:41:59.156149,535,,cup,0.569949746131897,341,251,376,296,0,0,False,,0,
2025-09-26T22:41:59.377541,536,,person,0.5478330850601196,2,59,494,479,0,0,False,,0,
2025-09-26T22:41:59.377541,536,,cup,0.5083795189857483,340,251,376,295,0,0,False,,0,
2025-09-26T22:41:59.695126,537,,cup,0.5637879371643066,341,252,376,296,0,0,False,,0,
2025-09-26T22:41:59.905401,538,,person,0.6748937368392944,0,53,453,480,0,0,False,,0,
2025-09-26T22:41:59.905401,538,,cup,0.5616706013679504,340,251,376,295,0,0,False,,0,
2025-09-26T22:42:00.195416,539,,person,0.5490565299987793,0,30,450,479,0,0,False,,0,
2025-09-26T22:42:00.195416,539,,cup,0.5056114792823792,340,250,376,294,0,0,False,,0,
2025-09-26T22:42:00.806183,542,,cup,0.5026249289512634,340,250,376,294,0,0,False,,0,
2025-09-26T22:42:01.065498,543,,cup,0.5002103447914124,340,250,375,294,0,0,False,,0,
2025-09-26T22:42:01.283535,544,,cup,0.5252845287322998,340,250,376,294,0,0,False,,0,
2025-09-26T22:42:01.491406,545,,cup,0.5244052410125732,340,250,376,294,0,0,False,,0,
2025-09-26T22:42:01.691385,546,,cup,0.5281152725219727,340,250,376,294,0,0,False,,0,
2025-09-26T22:42:01.906508,547,,cup,0.528915286064148,340,250,376,294,0,0,False,,0,
2025-09-26T22:42:02.131653,548,,person,0.5940712690353394,1,30,431,480,0,0,False,,0,
2025-09-26T22:42:02.131653,548,,cup,0.5521948933601379,340,250,376,294,0,0,False,,0,
2025-09-26T22:42:02.466141,549,,cup,0.5454184412956238,340,251,376,295,0,0,False,,0,
2025-09-26T22:42:02.466141,549,,person,0.5406343936920166,2,136,419,480,0,0,False,,0,
2025-09-26T22:42:02.745189,550,,person,0.5860494375228882,1,132,443,479,0,0,False,,0,
2025-09-26T22:42:02.745189,550,,cup,0.5094729065895081,340,251,376,295,0,0,False,,0,
2025-09-26T22:42:03.121656,551,,cup,0.5740894079208374,340,247,375,291,0,0,False,,0,
2025-09-26T22:42:03.345563,552,,cup,0.5616101622581482,340,245,375,288,0,0,False,,0,
2025-09-26T22:42:03.585602,553,,cup,0.5797023177146912,340,244,375,288,0,0,False,,0,
2025-09-26T22:42:03.823367,554,,person,0.6247150301933289,1,100,430,480,0,0,False,,0,
2025-09-26T22:42:03.823367,554,,cup,0.5740048289299011,341,244,375,288,0,0,False,,0,
2025-09-26T22:42:04.126158,555,,person,0.65756756067276,0,132,429,480,0,0,False,,0,
2025-09-26T22:42:04.126158,555,,cup,0.6262496709823608,340,245,375,288,0,0,False,,0,
2025-09-26T22:42:04.410374,556,,cup,0.5520550012588501,340,245,375,288,0,0,False,,0,
2025-09-26T22:42:04.619470,557,,cup,0.5209801197052002,340,245,375,288,0,0,False,,0,
2025-09-26T22:42:04.843617,558,,cup,0.5794960260391235,340,245,375,288,0,0,False,,0,
2025-09-26T22:42:05.081444,559,,cup,0.6124590635299683,340,245,375,288,0,0,False,,0,
2025-09-26T22:42:05.298695,560,,person,0.6718564033508301,0,0,421,479,0,0,False,,0,
2025-09-26T22:42:05.298695,560,,cup,0.608859121799469,340,245,375,288,0,0,False,,0,
2025-09-26T22:42:05.601318,561,,cup,0.562826931476593,340,245,375,288,0,0,False,,0,
2025-09-26T22:42:05.601318,561,,person,0.5123729705810547,0,7,423,479,0,0,False,,0,
2025-09-26T22:42:05.891645,562,,person,0.6113877892494202,2,126,428,480,0,0,False,,0,
2025-09-26T22:42:05.891645,562,,cup,0.592596173286438,340,245,374,288,0,0,False,,0,
2025-09-26T22:42:06.216799,563,,cup,0.5403493642807007,340,245,375,289,0,0,False,,0,
2025-09-26T22:42:06.459447,564,,cup,0.5786047577857971,339,245,376,290,0,0,False,,0,
2025-09-26T22:42:06.459447,564,,person,0.5584886074066162,1,109,431,480,0,0,False,,0,
2025-09-26T22:42:06.761376,565,,person,0.7889353632926941,1,47,430,479,0,0,False,,0,
2025-09-26T22:42:06.761376,565,,cup,0.5486668944358826,340,246,375,290,0,0,False,,0,
2025-09-26T22:42:07.051180,566,,person,0.7341663241386414,1,45,431,480,0,0,False,,0,
2025-09-26T22:42:07.051180,566,,cup,0.5659353733062744,340,246,375,290,0,0,False,,0,
2025-09-26T22:42:07.441467,567,,person,0.7685421109199524,1,41,429,480,0,0,False,,0,
2025-09-26T22:42:07.441467,567,,cup,0.5637241005897522,340,246,376,289,0,0,False,,0,
2025-09-26T22:42:07.746878,568,,person,0.7086939215660095,1,44,431,480,0,0,False,,0,
2025-09-26T22:42:07.746878,568,,cup,0.5635600090026855,340,246,375,289,0,0,False,,0,
2025-09-26T22:42:08.063529,569,,person,0.6327601075172424,3,44,430,480,0,0,False,,0,
2025-09-26T22:42:08.063529,569,,cup,0.566784143447876,340,245,375,289,0,0,False,,0,
2025-09-26T22:42:08.351428,570,,person,0.8071452975273132,2,43,428,480,0,0,False,,0,
2025-09-26T22:42:08.351428,570,,cup,0.5515350103378296,340,245,375,288,0,0,False,,0,
2025-09-26T22:42:08.626467,571,,person,0.7290138006210327,2,42,429,480,0,0,False,,0,
2025-09-26T22:42:08.626467,571,,cup,0.6086041927337646,340,245,375,288,0,0,False,,0,
2025-09-26T22:42:08.943547,572,,person,0.6659513711929321,2,80,428,480,0,0,False,,0,
2025-09-26T22:42:08.943547,572,,cup,0.607361376285553,340,245,375,288,0,0,False,,0,
2025-09-26T22:42:09.266742,573,,person,0.7290439009666443,1,123,430,479,0,0,False,,0,
2025-09-26T22:42:09.266742,573,,cup,0.5282535552978516,340,245,375,288,0,0,False,,0,
2025-09-26T22:42:09.558259,574,,person,0.7577605843544006,0,121,431,479,0,0,False,,0,
2025-09-26T22:42:09.558259,574,,cup,0.6092875599861145,341,245,375,288,0,0,False,,0,
2025-09-26T22:42:09.845790,575,,person,0.7969975471496582,0,45,437,479,0,0,False,,0,
2025-09-26T22:42:09.845790,575,,cup,0.6686297655105591,340,245,375,288,0,0,False,,0,
2025-09-26T22:42:10.156767,576,,person,0.701356828212738,0,126,431,479,0,0,False,,0,
2025-09-26T22:42:10.156767,576,,cup,0.5972759127616882,340,245,375,288,0,0,False,,0,
2025-09-26T22:42:10.477332,577,,cup,0.5535711050033569,340,244,374,287,0,0,False,,0,
2025-09-26T22:42:10.708936,578,,cup,0.5887120962142944,340,242,375,286,0,0,False,,0,
2025-09-26T22:42:10.708936,578,,person,0.5149812698364258,0,60,435,480,0,0,False,,0,
2025-09-26T22:42:11.146649,579,,person,0.8386504054069519,0,34,429,479,0,0,False,,0,
2025-09-26T22:42:11.146649,579,,cup,0.5739632844924927,340,242,375,285,0,0,False,,0,
2025-09-26T22:42:11.461457,580,,cup,0.6271255612373352,340,242,375,286,0,0,False,,0,
2025-09-26T22:42:11.461457,580,,person,0.6234715580940247,0,40,427,480,0,0,False,,0,
2025-09-26T22:42:11.805127,581,,person,0.7664757966995239,0,0,420,479,0,0,False,,0,
2025-09-26T22:42:11.805127,581,,cup,0.6100567579269409,339,244,375,288,0,0,False,,0,
2025-09-26T22:42:12.103669,582,,person,0.7401232719421387,0,24,437,479,0,0,False,,0,
2025-09-26T22:42:12.103669,582,,cup,0.6386169791221619,340,244,374,287,0,0,False,,0,
2025-09-26T22:42:12.391597,583,,person,0.7164732813835144,0,21,438,479,0,0,False,,0,
2025-09-26T22:42:12.391597,583,,cup,0.6675684452056885,340,243,374,286,0,0,False,,0,
2025-09-26T22:42:12.665922,584,,person,0.7381937503814697,0,24,435,479,0,0,False,,0,
2025-09-26T22:42:12.665922,584,,cup,0.5975363850593567,340,243,374,287,0,0,False,,0,
2025-09-26T22:42:12.975695,585,,person,0.7181004881858826,1,24,427,480,0,0,False,,0,
2025-09-26T22:42:12.975695,585,,cup,0.6543795466423035,339,243,374,286,0,0,False,,0,
2025-09-26T22:42:13.303455,586,,cup,0.5940253734588623,340,243,374,287,0,0,False,,0,
2025-09-26T22:42:13.765492,589,,cup,0.5731790065765381,340,243,375,286,0,0,False,,0,
2025-09-26T22:42:13.977963,590,,cup,0.5342565178871155,340,243,375,286,0,0,False,,0,
2025-09-26T22:42:14.225069,591,,person,0.6894171833992004,0,2,475,479,0,0,False,,0,
2025-09-26T22:42:14.225069,591,,cup,0.5494231581687927,339,242,375,286,0,0,False,,0,
2025-09-26T22:42:14.557595,592,,person,0.6789863705635071,2,34,458,479,0,0,False,,0,
2025-09-26T22:42:14.557595,592,,cup,0.623553454875946,340,240,374,284,0,0,False,,0,
2025-09-26T22:42:14.865226,593,,person,0.6313303112983704,1,25,465,479,0,0,False,,0,
2025-09-26T22:42:14.865226,593,,cup,0.5830942392349243,340,239,375,284,0,0,False,,0,
2025-09-26T22:42:15.257328,594,,cup,0.6365935206413269,340,239,374,284,0,0,False,,0,
2025-09-26T22:42:15.257328,594,,person,0.5701889991760254,1,70,468,479,0,0,False,,0,
2025-09-26T22:42:15.576617,595,,cup,0.5716010332107544,340,239,374,283,0,0,False,,0,
2025-09-26T22:42:15.576617,595,,person,0.5364083051681519,0,35,435,479,0,0,False,,0,
2025-09-26T22:42:15.885177,596,,person,0.7092045545578003,0,37,421,479,0,0,False,,0,
2025-09-26T22:42:15.885177,596,,cup,0.5800399780273438,340,240,374,283,0,0,False,,0,
2025-09-26T22:42:16.195174,597,,person,0.763304591178894,0,37,429,479,0,0,False,,0,
2025-09-26T22:42:16.195174,597,,cup,0.5381242632865906,338,240,374,284,0,0,False,,0,
2025-09-26T22:42:16.491384,598,,person,0.7397987842559814,0,37,428,479,0,0,False,,0,
2025-09-26T22:42:16.491384,598,,cup,0.5500510931015015,339,240,374,284,0,0,False,,0,
2025-09-26T22:42:16.759063,599,,person,0.6999301314353943,0,35,428,479,0,0,False,,0,
2025-09-26T22:42:16.759063,599,,cup,0.6102389097213745,338,240,374,283,0,0,False,,0,
2025-09-26T22:42:17.057757,600,,person,0.6329352259635925,0,35,426,479,0,0,False,,0,
2025-09-26T22:42:17.057757,600,,cup,0.5864956378936768,339,240,373,283,0,0,False,,0,
2025-09-26T22:42:17.369346,601,,person,0.6083863973617554,0,36,433,479,0,0,False,,0,
2025-09-26T22:42:17.369346,601,,cup,0.5787693858146667,338,240,374,283,0,0,False,,0,
2025-09-26T22:42:17.661361,602,,person,0.6415846943855286,0,35,423,479,0,0,False,,0,
2025-09-26T22:42:17.661361,602,,cup,0.622700035572052,338,240,374,283,0,0,False,,0,
2025-09-26T22:42:17.951880,603,,cup,0.5410379767417908,339,239,373,283,0,0,False,,0,
2025-09-26T22:42:18.141089,604,,cup,0.5381905436515808,339,238,374,282,0,0,False,,0,
2025-09-26T22:42:18.677991,607,,cup,0.5120508670806885,340,234,375,279,0,0,False,,0,
2025-09-26T22:42:18.903232,608,,person,0.5954881310462952,1,28,618,478,0,0,False,,0,
2025-09-26T22:42:19.146208,609,,person,0.686456024646759,1,29,627,478,0,0,False,,0,
2025-09-26T22:42:19.501513,610,,cup,0.6082112789154053,339,239,374,284,0,0,False,,0,
2025-09-26T22:42:19.501513,610,,person,0.5118793845176697,0,31,521,478,0,0,False,,0,
2025-09-26T22:42:19.933379,611,,cat,0.5305607914924622,12,17,617,480,0,0,False,,0,
2025-09-26T22:42:21.005530,617,,person,0.7237610220909119,35,99,637,479,0,0,False,,0,
2025-09-26T22:42:21.405502,618,,cup,0.7750030755996704,565,307,609,357,0,0,False,,0,
2025-09-26T22:42:21.405502,618,,person,0.6576492190361023,59,103,640,479,0,0,False,,0,
2025-09-26T22:42:21.888113,619,,person,0.8876853585243225,82,100,640,480,0,0,False,,0,
2025-09-26T22:42:21.888113,619,,cup,0.6103876233100891,565,299,609,349,0,0,False,,0,
2025-09-26T22:42:22.388652,620,,person,0.8798425197601318,71,98,639,479,0,0,False,,0,
2025-09-26T22:42:22.388652,620,,cup,0.5828690528869629,566,297,608,348,0,0,False,,0,
2025-09-26T22:42:22.895566,621,,person,0.8769969344139099,50,99,639,480,0,0,False,,0,
2025-09-26T22:42:22.895566,621,,cup,0.6488425731658936,564,296,608,347,0,0,False,,0,
2025-09-26T22:42:23.369133,622,,person,0.8698649406433105,73,98,639,480,0,0,False,,0,
2025-09-26T22:42:23.369133,622,,cup,0.6750091314315796,563,294,607,344,0,0,False,,0,
2025-09-26T22:42:23.811442,623,,cup,0.7932433485984802,563,290,605,340,0,0,False,,0,
2025-09-26T22:42:23.811442,623,,person,0.6585531830787659,42,90,639,479,0,0,False,,0,
2025-09-26T22:42:24.292807,624,,person,0.870733916759491,48,95,638,478,0,0,False,,0,
2025-09-26T22:42:24.292807,624,,cup,0.705708384513855,558,291,604,340,0,0,False,,0,
2025-09-26T22:42:24.788659,625,,person,0.8668062090873718,71,99,638,480,0,0,False,,0,
2025-09-26T22:42:24.788659,625,,cup,0.6977542638778687,559,292,604,343,0,0,False,,0,
2025-09-26T22:42:25.336931,626,,person,0.8618459105491638,81,100,639,479,0,0,False,,0,
2025-09-26T22:42:25.336931,626,,cup,0.6600795984268188,563,296,607,348,0,0,False,,0,
2025-09-26T22:42:25.928358,627,,person,0.8848777413368225,82,101,638,479,0,0,False,,0,
2025-09-26T22:42:25.928358,627,,cup,0.5633986592292786,562,295,608,347,0,0,False,,0,
2025-09-26T22:42:26.331166,628,,person,0.8916159272193909,62,102,636,480,0,0,False,,0,
2025-09-26T22:42:26.331166,628,,cup,0.7009497284889221,558,294,605,345,0,0,False,,0,
2025-09-26T22:42:26.576175,629,,person,0.8880294561386108,69,103,637,480,0,0,False,,0,
2025-09-26T22:42:26.576175,629,,cup,0.6320223808288574,558,294,603,345,0,0,False,,0,
2025-09-26T22:42:26.875773,630,,person,0.8258888125419617,68,103,639,479,0,0,False,,0,
2025-09-26T22:42:26.875773,630,,cup,0.6757323741912842,559,294,604,346,0,0,False,,0,
2025-09-26T22:42:27.175113,631,,person,0.8744553923606873,87,102,637,479,0,0,False,,0,
2025-09-26T22:42:27.175113,631,,cup,0.5435982942581177,563,296,607,347,0,0,False,,0,
2025-09-26T22:42:27.605157,633,,person,0.5208513736724854,60,111,634,479,0,0,False,,0,
2025-09-26T22:42:29.401127,649,,person,0.81416916847229,103,47,638,479,0,0,False,,0,
2025-09-26T22:42:29.827910,652,,person,0.6262613534927368,106,9,634,479,0,0,False,,0,
2025-09-26T22:42:30.068415,653,,person,0.5026518106460571,81,28,627,480,0,0,False,,0,
2025-09-26T22:42:30.281318,654,,person,0.6187137961387634,94,10,637,480,0,0,False,,0,
2025-09-26T22:42:30.503369,655,,person,0.7885555028915405,141,13,637,479,0,0,False,,0,
2025-09-26T22:42:30.705815,656,,person,0.6998785138130188,134,28,638,480,0,0,False,,0,
2025-09-26T22:42:30.895389,657,,person,0.7752439975738525,160,33,627,479,0,0,False,,0,
2025-09-26T22:42:31.143390,658,,person,0.7842233777046204,151,27,637,480,0,0,False,,0,
2025-09-26T22:42:31.508562,660,,person,0.6315575838088989,160,10,620,479,0,0,False,,0,
2025-09-26T22:42:33.096605,671,,person,0.638428270816803,1,33,639,479,0,0,False,,0,
2025-09-26T22:42:33.331109,672,,person,0.7804312109947205,1,26,638,479,0,0,False,,0,
2025-09-26T22:42:33.561249,673,,person,0.8078150153160095,1,55,638,478,0,0,False,,0,
2025-09-26T22:42:33.776353,674,,person,0.8103688955307007,0,58,637,478,0,0,False,,0,
2025-09-26T22:42:34.131347,675,,elephant,0.5184044241905212,9,117,636,479,0,0,False,,0,
2025-09-26T22:42:34.396098,676,,person,0.6918250322341919,0,7,626,479,0,0,False,,0,
2025-09-26T22:42:34.653450,677,,person,0.5660750269889832,266,127,624,478,0,0,False,,0,
2025-09-26T22:42:34.653450,677,,elephant,0.5532232522964478,1,7,629,480,0,0,False,,0,
2025-09-26T22:42:34.941228,678,,person,0.6812586784362793,0,51,637,478,0,0,False,,0,
2025-09-26T22:42:35.147867,679,,person,0.7689602375030518,0,67,637,479,0,0,False,,0,
2025-09-26T22:42:35.375659,680,,person,0.7883952856063843,0,35,636,479,0,0,False,,0,
2025-09-26T22:42:35.596143,681,,person,0.8181737065315247,0,63,637,479,0,0,False,,0,
2025-09-26T22:42:35.841382,682,,person,0.7966732978820801,0,13,638,479,0,0,False,,0,
2025-09-26T22:42:36.056580,683,,person,0.7791340947151184,0,18,637,479,0,0,False,,0,
2025-09-26T22:42:36.383461,685,,person,0.6496880054473877,236,129,572,478,0,0,False,,0,
2025-09-26T22:42:36.595960,686,,person,0.6113806962966919,0,20,629,479,0,0,False,,0,
2025-09-26T22:42:36.846269,687,,person,0.8199403285980225,2,2,633,479,0,0,False,,0,
2025-09-26T22:42:37.093218,688,,person,0.8388711810112,0,13,627,479,0,0,False,,0,
2025-09-26T22:42:37.315909,689,,person,0.8428654074668884,0,21,633,479,0,0,False,,0,
2025-09-26T22:42:37.527310,690,,person,0.8604863882064819,0,24,632,479,0,0,False,,0,
2025-09-26T22:42:37.747184,691,,person,0.8504963517189026,0,10,631,479,0,0,False,,0,
2025-09-26T22:42:37.951346,692,,person,0.8198779821395874,1,7,629,479,0,0,False,,0,
2025-09-26T22:42:38.171071,693,,person,0.8427001237869263,1,15,634,479,0,0,False,,0,
2025-09-26T22:42:38.396530,694,,person,0.8264784812927246,0,10,632,479,0,0,False,,0,
2025-09-26T22:42:38.646939,695,,person,0.8087087273597717,0,19,635,480,0,0,False,,0,
2025-09-26T22:42:38.855673,696,,person,0.8258137702941895,0,3,632,480,0,0,False,,0,
2025-09-26T22:42:39.055446,697,,person,0.8136975169181824,0,19,629,479,0,0,False,,0,
2025-09-26T22:42:39.363369,698,,person,0.7680240869522095,0,34,628,479,0,0,False,,0,
2025-09-26T22:42:39.582231,699,,person,0.8388915061950684,1,13,625,478,0,0,False,,0,
2025-09-26T22:42:39.823795,700,,person,0.8295730948448181,1,7,625,478,0,0,False,,0,
2025-09-26T22:42:40.066167,701,,person,0.794809877872467,1,8,624,479,0,0,False,,0,
2025-09-26T22:42:40.265273,702,,person,0.8536460995674133,0,15,627,479,0,0,False,,0,
2025-09-26T22:42:40.481199,703,,person,0.8354810476303101,1,7,635,479,0,0,False,,0,
2025-09-26T22:42:40.675369,704,,person,0.8541567921638489,0,48,630,479,0,0,False,,0,
2025-09-26T22:42:40.895395,705,,person,0.8653059601783752,0,43,637,479,0,0,False,,0,
2025-09-26T22:42:41.123604,706,,person,0.8685035109519958,0,66,629,479,0,0,False,,0,
2025-09-26T22:42:41.356381,707,,person,0.8604846000671387,0,27,624,480,0,0,False,,0,
2025-09-26T22:42:41.581231,708,,person,0.8539605140686035,0,54,628,479,0,0,False,,0,
2025-09-26T22:42:41.775248,709,,person,0.8497020602226257,1,35,635,480,0,0,False,,0,
2025-09-26T22:42:41.981265,710,,person,0.8080242276191711,0,20,636,480,0,0,False,,0,
2025-09-26T22:42:42.175599,711,,person,0.7848405241966248,0,25,634,479,0,0,False,,0,
2025-09-26T22:42:42.406876,712,,person,0.7585766911506653,0,55,621,478,0,0,False,,0,
2025-09-26T22:42:42.655848,713,,person,0.7588724493980408,0,11,613,479,0,0,False,,0,
2025-09-26T22:42:42.881190,714,,cat,0.6037432551383972,306,217,555,479,0,0,False,,0,
2025-09-26T22:42:42.881190,714,,person,0.5755729079246521,0,3,569,478,0,0,False,,0,
2025-09-26T22:42:43.171103,715,,cup,0.5992125868797302,359,314,396,358,0,0,False,,0,
2025-09-26T22:42:43.361374,716,,cup,0.6452600955963135,359,314,397,360,0,0,False,,0,
2025-09-26T22:42:43.861487,719,,person,0.5490007400512695,1,48,514,479,0,0,False,,0,
2025-09-26T22:42:44.381398,722,,person,0.7208674550056458,3,74,611,479,0,0,False,,0,
2025-09-26T22:42:44.851041,725,,person,0.7005352973937988,1,90,635,479,0,0,False,,0,
2025-09-26T22:42:45.191314,726,,person,0.5598662495613098,1,13,525,478,0,0,False,,0,
2025-09-26T22:42:45.565783,728,,person,0.5064775943756104,0,173,494,479,0,0,False,,0,
2025-09-26T22:42:45.771102,729,,person,0.6019583940505981,1,43,619,479,0,0,False,,0,
2025-09-26T22:42:45.993550,730,,person,0.5335414409637451,18,204,630,479,0,0,False,,0,
2025-09-26T22:42:46.195863,731,,cup,0.5101510882377625,393,312,429,356,0,0,False,,0,
2025-09-26T22:42:46.683192,734,,cup,0.5285305976867676,392,313,429,357,0,0,False,,0,
2025-09-26T22:42:48.156915,744,,cat,0.5655109286308289,0,0,496,477,0,0,False,,0,
2025-09-26T22:42:49.554297,754,,vase,0.7762372493743896,75,84,385,479,0,0,False,,0,
2025-09-26T22:42:52.468533,774,,cup,0.5793312788009644,354,278,399,329,0,0,False,,0,
2025-09-26T22:42:53.411030,781,,cup,0.6773396134376526,500,318,548,371,0,0,False,,0,
2025-09-26T22:42:53.683013,782,,cup,0.6403568387031555,493,313,544,365,0,0,False,,0,
2025-09-26T22:42:54.083334,784,,cup,0.679652214050293,489,300,536,352,0,0,False,,0,
2025-09-26T22:42:54.424907,786,,cup,0.6567603349685669,479,292,529,343,0,0,False,,0,
2025-09-26T22:42:54.424907,786,,person,0.5984691381454468,0,42,622,479,0,0,False,,0,
2025-09-26T22:42:54.715723,787,,person,0.8223406076431274,0,38,545,479,0,0,False,,0,
2025-09-26T22:42:54.715723,787,,cup,0.7062342166900635,478,290,526,342,0,0,False,,0,
2025-09-26T22:42:55.325213,790,,cat,0.5276645421981812,1,0,631,478,0,0,False,,0,
2025-09-26T22:42:55.549032,791,,cat,0.5638541579246521,0,0,424,476,0,0,False,,0,
2025-09-26T22:42:55.996508,794,,person,0.6272724270820618,4,182,501,479,0,0,False,,0,
2025-09-26T22:42:56.467426,797,,person,0.8925997614860535,0,117,582,479,0,0,False,,0,
2025-09-26T22:42:56.713400,798,,person,0.6388891339302063,188,71,577,479,0,0,False,,0,
2025-09-26T22:42:56.935772,799,,person,0.6872612833976746,54,0,559,479,0,0,False,,0,
2025-09-26T22:42:57.155507,800,,person,0.7344986796379089,40,72,539,479,0,0,False,,0,
2025-09-26T22:42:57.476445,801,,person,0.8643798828125,0,10,534,480,0,0,False,,0,
2025-09-26T22:42:57.685407,802,,person,0.9041846394538879,0,52,513,479,0,0,False,,0,
2025-09-26T22:42:57.936138,803,,person,0.8929747939109802,0,71,513,479,0,0,False,,0,
2025-09-26T22:42:58.200074,804,,person,0.8295958638191223,1,40,513,479,0,0,False,,0,
2025-09-26T22:42:58.426007,805,,person,0.6002761721611023,1,58,498,479,0,0,False,,0,
2025-09-26T22:42:58.636138,806,,person,0.9186305403709412,0,63,516,479,0,0,False,,0,
2025-09-26T22:42:58.836836,807,,person,0.7792038321495056,0,59,517,479,0,0,False,,0,
2025-09-26T22:42:59.108314,808,,person,0.6435133218765259,0,45,534,479,0,0,False,,0,
2025-09-26T22:42:59.346528,809,,person,0.9049089550971985,0,30,570,479,0,0,False,,0,
2025-09-26T22:42:59.591281,810,,person,0.919884204864502,1,15,616,479,0,0,False,,0,
2025-09-26T22:42:59.805917,811,,person,0.9379312992095947,0,28,592,479,0,0,False,,0,
2025-09-26T22:43:00.005075,812,,person,0.8921804428100586,0,3,560,479,0,0,False,,0,
2025-09-26T22:43:00.239736,813,,person,0.7965429425239563,1,6,622,480,0,0,False,,0,
2025-09-26T22:43:00.445106,814,,person,0.6432929635047913,0,6,630,479,0,0,False,,0,
2025-09-26T22:43:00.683327,815,,person,0.7343667149543762,0,21,559,479,0,0,False,,0,
2025-09-26T22:43:01.337017,819,,person,0.5277062058448792,0,0,466,478,0,0,False,,0,
2025-09-26T22:43:01.557279,820,,person,0.5845092535018921,0,2,458,478,0,0,False,,0,
2025-09-26T22:43:02.051247,823,,person,0.5041098594665527,71,12,473,479,0,0,False,,0,
2025-09-26T22:43:02.315864,824,,person,0.8733728528022766,0,50,469,479,0,0,False,,0,
2025-09-26T22:43:02.551163,825,,person,0.9075950384140015,0,55,471,479,0,0,False,,0,
2025-09-26T22:43:02.881129,827,,person,0.5856526494026184,29,56,493,479,0,0,False,,0,
2025-09-26T22:43:03.095109,828,,person,0.8637700080871582,0,59,499,479,0,0,False,,0,
2025-09-26T22:43:03.449365,830,,person,0.6217511892318726,2,56,513,479,0,0,False,,0,
2025-09-26T22:43:03.693424,831,,person,0.7609736919403076,0,39,461,479,0,0,False,,0,
2025-09-26T22:43:04.025237,832,,person,0.8857153058052063,0,44,456,479,0,0,False,,0,
2025-09-26T22:43:04.235796,833,,person,0.8910030126571655,0,46,457,479,0,0,False,,0,
2025-09-26T22:43:04.435594,834,,person,0.692377507686615,1,48,454,479,0,0,False,,0,
2025-09-26T22:43:04.636105,835,,person,0.8744919896125793,0,52,459,479,0,0,False,,0,
2025-09-26T22:43:04.866991,836,,person,0.9103893637657166,0,58,462,479,0,0,False,,0,
2025-09-26T22:43:05.093185,837,,person,0.9136940836906433,0,56,464,479,0,0,False,,0,
2025-09-26T22:43:05.338535,838,,person,0.9153216481208801,0,57,466,479,0,0,False,,0,
2025-09-26T22:43:05.561266,839,,person,0.8738833069801331,0,23,493,478,0,0,False,,0,
2025-09-26T22:43:05.773270,840,,person,0.8904584050178528,0,25,485,479,0,0,False,,0,
2025-09-26T22:43:05.983529,841,,person,0.9057890176773071,0,25,482,479,0,0,False,,0,
2025-09-26T22:43:06.224770,842,,person,0.8974049091339111,0,36,479,479,0,0,False,,0,
2025-09-26T22:43:06.756967,845,,person,0.6537899971008301,92,1,636,479,0,0,False,,0,
2025-09-26T22:43:06.981760,846,,person,0.8145228028297424,3,12,617,479,0,0,False,,0,
2025-09-26T22:43:07.187483,847,,person,0.93250572681427,0,17,532,479,0,0,False,,0,
2025-09-26T22:43:07.395452,848,,person,0.9270366430282593,0,16,532,479,0,0,False,,0,
2025-09-26T22:43:07.645647,849,,person,0.9097076654434204,0,19,532,479,0,0,False,,0,
2025-09-26T22:43:07.893337,850,,person,0.8921480178833008,0,1,538,479,0,0,False,,0,
2025-09-26T22:43:08.101172,851,,person,0.8941632509231567,0,0,570,478,0,0,False,,0,
2025-09-26T22:43:08.405134,852,,person,0.8771637082099915,0,0,576,479,0,0,False,,0,
2025-09-26T22:43:08.595010,853,,person,0.9127117991447449,0,0,562,479,0,0,False,,0,
2025-09-26T22:43:08.788771,854,,person,0.7741401791572571,1,0,621,479,0,0,False,,0,
2025-09-26T22:43:09.023440,855,,person,0.6717177033424377,0,25,612,480,0,0,False,,0,
2025-09-26T22:43:09.257296,856,,person,0.8960872888565063,0,44,639,479,0,0,False,,0,
2025-09-26T22:43:09.486342,857,,person,0.9162421226501465,3,52,635,479,0,0,False,,0,
2025-09-26T22:43:09.700313,858,,person,0.7528006434440613,279,30,640,479,0,0,False,,0,
2025-09-26T22:43:09.700313,858,,cat,0.5807458758354187,0,153,395,479,0,0,False,,0,
2025-09-26T22:43:09.988266,859,,person,0.9049268960952759,0,0,616,478,0,0,False,,0,
2025-09-26T22:43:10.189369,860,,person,0.8258516788482666,5,0,533,480,0,0,False,,0,
2025-09-26T22:43:10.594885,862,,person,0.5120239853858948,38,7,578,479,0,0,False,,0,
2025-09-26T22:43:10.845511,863,,person,0.6221644282341003,0,5,526,479,0,0,False,,0,
2025-09-26T22:43:11.181266,865,,person,0.6217053532600403,0,193,578,479,0,0,False,,0,
2025-09-26T22:43:11.403176,866,,person,0.6752270460128784,0,3,574,480,0,0,False,,0,
2025-09-26T22:43:11.866213,869,,person,0.6140919923782349,379,11,638,422,0,0,False,,0,
2025-09-26T22:43:12.095551,870,,person,0.7394083142280579,0,0,548,478,0,0,False,,0,
2025-09-26T22:43:12.415235,871,,person,0.842561662197113,3,0,545,479,0,0,False,,0,
2025-09-26T22:43:12.625823,872,,person,0.8319813013076782,2,0,537,479,0,0,False,,0,
2025-09-26T22:43:12.816831,873,,person,0.8448585271835327,2,0,532,479,0,0,False,,0,
2025-09-26T22:43:12.996972,874,,person,0.8404390811920166,0,0,550,479,0,0,False,,0,
2025-09-26T22:43:13.235516,875,,person,0.8380303382873535,0,2,533,478,0,0,False,,0,
2025-09-26T22:43:13.475731,876,,person,0.8318082094192505,1,0,523,479,0,0,False,,0,
2025-09-26T22:43:13.695263,877,,person,0.7988254427909851,0,0,545,478,0,0,False,,0,
2025-09-26T22:43:13.911048,878,,person,0.7714956998825073,0,0,515,478,0,0,False,,0,
2025-09-26T22:43:14.121258,879,,person,0.8134830594062805,1,2,510,478,0,0,False,,0,
2025-09-26T22:43:14.315059,880,,person,0.8222488760948181,1,0,526,478,0,0,False,,0,
2025-09-26T22:43:14.543291,881,,person,0.8453859090805054,1,0,506,478,0,0,False,,0,
2025-09-26T22:43:14.773077,882,,person,0.8641162514686584,1,0,492,478,0,0,False,,0,
2025-09-26T22:43:15.005046,883,,person,0.8511558175086975,0,0,485,478,0,0,False,,0,
2025-09-26T22:43:15.204930,884,,person,0.8558001518249512,0,2,496,479,0,0,False,,0,
2025-09-26T22:43:15.525387,885,,person,0.8560155034065247,0,0,489,478,0,0,False,,0,
2025-09-26T22:43:15.716120,886,,person,0.865254819393158,0,0,484,478,0,0,False,,0,
2025-09-26T22:43:15.939001,887,,person,0.8495896458625793,0,5,497,479,0,0,False,,0,
2025-09-26T22:43:16.165691,888,,person,0.869559645652771,0,4,493,479,0,0,False,,0,
2025-09-26T22:43:16.371323,889,,person,0.8592404127120972,0,4,492,479,0,0,False,,0,
2025-09-26T22:43:16.595269,890,,person,0.8287875652313232,0,0,489,478,0,0,False,,0,
2025-09-26T22:43:16.796917,891,,person,0.8508477210998535,0,6,495,479,0,0,False,,0,
2025-09-26T22:43:16.998850,892,,person,0.8620916604995728,0,1,490,479,0,0,False,,0,
2025-09-26T22:43:17.207270,893,,person,0.8585511445999146,0,0,494,479,0,0,False,,0,
2025-09-26T22:43:17.455860,894,,person,0.8481988906860352,0,0,507,479,0,0,False,,0,
2025-09-26T22:43:17.685429,895,,person,0.8453942537307739,0,0,500,479,0,0,False,,0,
2025-09-26T22:43:17.895238,896,,person,0.8363949656486511,0,0,506,479,0,0,False,,0,
2025-09-26T22:43:18.115429,897,,person,0.8601318597793579,0,2,501,479,0,0,False,,0,
2025-09-26T22:43:18.415269,898,,person,0.552962601184845,35,0,474,479,0,0,False,,0,
2025-09-26T22:43:18.787823,900,,person,0.8548660278320312,55,49,527,479,0,0,False,,0,
2025-09-26T22:43:19.049953,901,,person,0.8948718309402466,43,39,536,479,0,0,False,,0,
2025-09-26T22:43:19.283141,902,,person,0.8568874597549438,32,21,632,479,0,0,False,,0,
2025-09-26T22:43:19.503436,903,,person,0.854180634021759,16,1,634,478,0,0,False,,0,
2025-09-26T22:43:19.711067,904,,person,0.8485690355300903,38,0,593,479,0,0,False,,0,
2025-09-26T22:43:19.924888,905,,person,0.8905201554298401,56,0,567,479,0,0,False,,0,
2025-09-26T22:43:20.165492,906,,person,0.8145473003387451,31,8,525,479,0,0,False,,0,
2025-09-26T22:43:20.165492,906,,bird,0.8125308752059937,35,13,528,480,0,0,False,,0,
2025-09-26T22:43:20.511179,907,,person,0.8460981249809265,32,13,546,480,0,0,False,,0,
2025-09-26T22:43:20.755728,908,,person,0.9129272103309631,13,14,542,479,0,0,False,,0,
2025-09-26T22:43:20.996892,909,,person,0.8927338123321533,29,17,559,479,0,0,False,,0,
2025-09-26T22:43:21.325723,910,,person,0.9197367429733276,7,10,635,478,0,0,False,,0,
2025-09-26T22:43:21.567804,911,,person,0.923589825630188,34,1,639,479,0,0,False,,0,
2025-09-26T22:43:21.821203,912,,person,0.9181968569755554,22,9,637,478,0,0,False,,0,
2025-09-26T22:43:22.035275,913,,person,0.927527904510498,5,1,640,478,0,0,False,,0,
2025-09-26T22:43:22.255578,914,,person,0.9311898350715637,6,24,639,479,0,0,False,,0,
2025-09-26T22:43:22.481077,915,,person,0.9222849011421204,10,18,640,479,0,0,False,,0,
2025-09-26T22:43:22.711188,916,,person,0.9386343359947205,28,16,638,479,0,0,False,,0,
2025-09-26T22:43:22.941069,917,,person,0.9310743808746338,21,22,640,479,0,0,False,,0,
2025-09-26T22:43:23.193388,918,,person,0.8959680795669556,6,32,639,479,0,0,False,,0,
2025-09-26T22:43:23.405427,919,,person,0.6265884041786194,270,72,639,478,0,0,False,,0,
2025-09-26T22:43:23.633104,920,,person,0.8376548290252686,90,88,639,479,0,0,False,,0,
2025-09-26T22:43:23.882931,921,,person,0.8235485553741455,58,57,637,479,0,0,False,,0,
2025-09-26T22:43:24.223080,922,,person,0.8443099856376648,75,2,639,478,0,0,False,,0,
2025-09-26T22:43:24.451292,923,,person,0.8629194498062134,54,1,640,477,0,0,False,,0,
2025-09-26T22:43:24.695773,924,,person,0.8903414011001587,45,1,640,477,0,0,False,,0,
2025-09-26T22:43:24.937025,925,,person,0.8452831506729126,69,27,638,480,0,0,False,,0,
2025-09-26T22:43:25.155853,926,,person,0.8957626819610596,52,31,638,479,0,0,False,,0,
2025-09-26T22:43:25.366262,927,,person,0.6013004779815674,101,34,638,479,0,0,False,,0,
2025-09-26T22:43:25.596662,928,,person,0.8718428611755371,50,18,638,480,0,0,False,,0,
2025-09-26T22:43:25.838787,929,,person,0.7812495827674866,37,1,638,479,0,0,False,,0,
2025-09-26T22:43:26.181093,931,,person,0.8097239136695862,64,15,638,479,0,0,False,,0,
2025-09-26T22:43:26.415585,932,,person,0.6641408801078796,98,32,638,479,0,0,False,,0,
2025-09-26T22:43:26.624978,933,,person,0.8422836065292358,64,40,640,478,0,0,False,,0,
2025-09-26T22:43:26.840079,934,,person,0.9318225979804993,62,37,640,479,0,0,False,,0,
2025-09-26T22:43:27.087740,935,,person,0.9179269671440125,54,34,638,479,0,0,False,,0,
2025-09-26T22:43:27.326218,936,,person,0.9129396677017212,42,49,637,478,0,0,False,,0,
2025-09-26T22:43:27.550909,937,,person,0.8847681283950806,71,38,638,478,0,0,False,,0,
2025-09-26T22:43:27.775175,938,,person,0.8937425017356873,53,32,637,479,0,0,False,,0,
2025-09-26T22:43:27.983200,939,,person,0.8147298097610474,63,12,634,479,0,0,False,,0,
2025-09-26T22:43:28.195362,940,,person,0.923126757144928,32,4,637,479,0,0,False,,0,
2025-09-26T22:43:28.427078,941,,person,0.8974159359931946,18,1,615,479,0,0,False,,0,
2025-09-26T22:43:28.675155,942,,person,0.8493921756744385,19,6,595,479,0,0,False,,0,
2025-09-26T22:43:28.904739,943,,person,0.8318040370941162,35,0,606,479,0,0,False,,0,
2025-09-26T22:43:29.147615,944,,person,0.8471733331680298,9,2,620,479,0,0,False,,0,
2025-09-26T22:43:29.347529,945,,person,0.8764021992683411,18,1,627,479,0,0,False,,0,
2025-09-26T22:43:29.547498,946,,person,0.8897704482078552,6,0,631,479,0,0,False,,0,
2025-09-26T22:43:29.782929,947,,person,0.6141353249549866,5,25,613,479,0,0,False,,0,
2025-09-26T22:43:30.043105,948,,person,0.9079704284667969,3,2,629,479,0,0,False,,0,
2025-09-26T22:43:30.261036,949,,person,0.7053241729736328,29,38,616,479,0,0,False,,0,
2025-09-26T22:43:30.521239,950,,person,0.8984339833259583,1,59,620,479,0,0,False,,0,
2025-09-26T22:43:30.751063,951,,person,0.8839845657348633,27,57,609,479,0,0,False,,0,
2025-09-26T22:43:30.955114,952,,person,0.8782232999801636,19,99,588,479,0,0,False,,0,
2025-09-26T22:43:31.201139,953,,person,0.8958659172058105,18,95,619,479,0,0,False,,0,
2025-09-26T22:43:31.441049,954,,person,0.8620312809944153,2,64,593,479,0,0,False,,0,
2025-09-26T22:43:31.681029,955,,person,0.8840301632881165,1,61,588,479,0,0,False,,0,
2025-09-26T22:43:31.903127,956,,person,0.8759517669677734,0,40,603,479,0,0,False,,0,
2025-09-26T22:43:32.110905,957,,person,0.875123918056488,2,35,597,480,0,0,False,,0,
2025-09-26T22:43:32.311295,958,,person,0.8008908629417419,26,37,596,480,0,0,False,,0,
2025-09-26T22:43:32.550820,959,,person,0.813660740852356,8,38,589,479,0,0,False,,0,
2025-09-26T22:43:32.795838,960,,person,0.7467208504676819,0,42,558,479,0,0,False,,0,
2025-09-26T22:43:33.018480,961,,person,0.8595409989356995,6,31,550,478,0,0,False,,0,
2025-09-26T22:43:33.253073,962,,person,0.8383392095565796,2,29,533,479,0,0,False,,0,
2025-09-26T22:43:33.456895,963,,person,0.7232391834259033,1,19,580,478,0,0,False,,0,
2025-09-26T22:43:33.667580,964,,person,0.8372930288314819,0,37,537,479,0,0,False,,0,
2025-09-26T22:43:33.911288,965,,person,0.8312872648239136,15,60,549,478,0,0,False,,0,
2025-09-26T22:43:34.150938,966,,person,0.778708279132843,32,51,565,479,0,0,False,,0,
2025-09-26T22:43:34.384851,967,,person,0.8408477306365967,96,89,553,479,0,0,False,,0,
2025-09-26T22:43:34.635005,968,,person,0.7838664650917053,62,55,570,479,0,0,False,,0,
2025-09-26T22:43:34.831054,969,,person,0.7419682145118713,68,27,570,479,0,0,False,,0,
2025-09-26T22:43:35.031211,970,,person,0.8765181303024292,84,40,560,478,0,0,False,,0,
2025-09-26T22:43:35.266701,971,,person,0.851498544216156,80,47,564,478,0,0,False,,0,
2025-09-26T22:43:35.521185,972,,person,0.6972624063491821,66,33,582,476,0,0,False,,0,
2025-09-26T22:43:35.757684,973,,person,0.9006633162498474,33,35,564,479,0,0,False,,0,
2025-09-26T22:43:35.983038,974,,person,0.9087618589401245,45,30,573,479,0,0,False,,0,
2025-09-26T22:43:36.195570,975,,person,0.8873959183692932,50,17,577,479,0,0,False,,0,
2025-09-26T22:43:36.401052,976,,person,0.8459991812705994,36,7,576,479,0,0,False,,0,
2025-09-26T22:43:36.631265,977,,person,0.8631231188774109,74,67,572,479,0,0,False,,0,
2025-09-26T22:43:36.859210,978,,person,0.8776669502258301,59,46,577,479,0,0,False,,0,
2025-09-26T22:43:37.109434,979,,person,0.6250537037849426,27,47,582,479,0,0,False,,0,
2025-09-26T22:43:37.859409,980,,person,0.8671114444732666,109,94,568,479,0,0,False,,0,
2025-09-26T22:43:37.859409,980,,person,0.5953007340431213,0,6,318,477,0,0,False,,0,
2025-09-26T22:43:38.132838,981,,person,0.7770872116088867,82,102,572,479,0,0,False,,0,
2025-09-26T22:43:38.345656,982,,person,0.8288227319717407,53,92,570,479,0,0,False,,0,
2025-09-26T22:43:38.536356,983,,person,0.8532978296279907,66,74,567,479,0,0,False,,0,
2025-09-26T22:43:38.740944,984,,person,0.8766615986824036,49,86,569,479,0,0,False,,0,
2025-09-26T22:43:38.740944,984,,person,0.5907350778579712,0,1,290,478,0,0,False,,0,
2025-09-26T22:43:39.026073,985,,person,0.8526629209518433,48,84,558,479,0,0,False,,0,
2025-09-26T22:43:39.228625,986,,person,0.8424229621887207,50,82,564,479,0,0,False,,0,
2025-09-26T22:43:39.483182,987,,person,0.775081217288971,35,97,558,479,0,0,False,,0,
2025-09-26T22:43:39.716940,988,,person,0.824103593826294,16,95,566,478,0,0,False,,0,
2025-09-26T22:43:39.924969,989,,person,0.8211449384689331,58,96,562,479,0,0,False,,0,
2025-09-26T22:43:40.125126,990,,person,0.7738405466079712,54,97,562,479,0,0,False,,0,
2025-09-26T22:43:40.341154,991,,person,0.8339914679527283,22,96,567,479,0,0,False,,0,
2025-09-26T22:43:40.552995,992,,person,0.8348898887634277,28,94,560,479,0,0,False,,0,
2025-09-26T22:43:40.826454,993,,person,0.8254809975624084,18,92,565,479,0,0,False,,0,
2025-09-26T22:43:41.077104,994,,person,0.8325748443603516,28,75,564,479,0,0,False,,0,
2025-09-26T22:43:41.301103,995,,person,0.8361610174179077,53,71,564,479,0,0,False,,0,
2025-09-26T22:43:41.521032,996,,person,0.8811784982681274,7,75,565,478,0,0,False,,0,
2025-09-26T22:43:41.725563,997,,person,0.8563263416290283,3,63,570,479,0,0,False,,0,
2025-09-26T22:43:41.930905,998,,person,0.8336491584777832,13,66,563,478,0,0,False,,0,
2025-09-26T22:43:42.173052,999,,person,0.9103992581367493,0,7,563,478,0,0,False,,0,
2025-09-26T22:43:42.402925,1000,,person,0.8627890348434448,0,4,562,478,0,0,False,,0,
2025-09-26T22:43:42.640990,1001,,person,0.8662957549095154,0,2,587,477,0,0,False,,0,
2025-09-26T22:43:42.863303,1002,,person,0.8743607401847839,0,10,578,477,0,0,False,,0,
2025-09-26T22:43:43.071000,1003,,person,0.8589296340942383,0,0,544,478,0,0,False,,0,
2025-09-26T22:43:43.275365,1004,,person,0.8544237613677979,0,0,559,478,0,0,False,,0,
2025-09-26T22:43:43.499283,1005,,person,0.8871091604232788,0,1,561,477,0,0,False,,0,
2025-09-26T22:43:43.735566,1006,,person,0.8317912220954895,66,50,571,479,0,0,False,,0,
2025-09-26T22:43:43.966682,1007,,person,0.8385772109031677,22,51,563,479,0,0,False,,0,
2025-09-26T22:43:44.185140,1008,,person,0.8865162134170532,0,12,568,478,0,0,False,,0,
2025-09-26T22:43:44.408782,1009,,person,0.8794034719467163,0,31,569,479,0,0,False,,0,
2025-09-26T22:43:44.605719,1010,,person,0.8316766023635864,0,10,565,478,0,0,False,,0,
2025-09-26T22:43:44.813265,1011,,person,0.8478192687034607,1,39,552,479,0,0,False,,0,
2025-09-26T22:43:45.047635,1012,,person,0.853825569152832,0,15,562,478,0,0,False,,0,
2025-09-26T22:43:45.281052,1013,,person,0.8785459399223328,0,32,565,478,0,0,False,,0,
2025-09-26T22:43:45.510756,1014,,person,0.8524258136749268,41,51,561,478,0,0,False,,0,
2025-09-26T22:43:45.730872,1015,,person,0.8177813291549683,23,52,550,479,0,0,False,,0,
2025-09-26T22:43:45.937099,1016,,person,0.8815202713012695,24,52,551,479,0,0,False,,0,
2025-09-26T22:43:46.673168,1017,,person,0.8537944555282593,54,49,551,478,0,0,False,,0,
2025-09-26T22:43:46.673168,1017,,person,0.5453758239746094,1,0,313,476,0,0,False,,0,
2025-09-26T22:43:46.939971,1018,,person,0.8227038979530334,67,51,548,479,0,0,False,,0,
2025-09-26T22:43:47.114646,1019,,person,0.8513213992118835,67,53,550,479,0,0,False,,0,
2025-09-26T22:43:47.114646,1019,,person,0.5176434516906738,0,0,289,478,0,0,False,,0,
2025-09-26T22:43:47.528367,1020,,person,0.8646824955940247,7,43,562,478,0,0,False,,0,
2025-09-26T22:43:48.046541,1021,,person,0.7631962299346924,3,46,563,479,0,0,False,,0,
2025-09-26T22:43:48.321163,1022,,person,0.8262209296226501,36,57,564,478,0,0,False,,0,
2025-09-26T22:43:48.496660,1023,,person,0.8629920482635498,16,51,547,478,0,0,False,,0,
2025-09-26T22:43:48.682926,1024,,person,0.859772264957428,1,45,538,478,0,0,False,,0,
2025-09-26T22:43:48.885142,1025,,person,0.8907848000526428,3,50,530,478,0,0,False,,0,
2025-09-26T22:43:49.150930,1026,,person,0.8646249771118164,2,56,569,477,0,0,False,,0,
2025-09-26T22:43:49.421118,1027,,person,0.8724068403244019,2,51,545,478,0,0,False,,0,
2025-09-26T22:43:49.656013,1028,,person,0.7943540215492249,2,56,581,478,0,0,False,,0,
2025-09-26T22:43:49.867905,1029,,person,0.8229694962501526,14,57,545,479,0,0,False,,0,
2025-09-26T22:43:50.056904,1030,,person,0.860991895198822,3,54,562,479,0,0,False,,0,
2025-09-26T22:43:50.274756,1031,,person,0.8899106979370117,6,58,567,478,0,0,False,,0,
2025-09-26T22:43:50.519751,1032,,person,0.8548407554626465,14,61,566,479,0,0,False,,0,
2025-09-26T22:43:50.760748,1033,,person,0.8798661828041077,9,56,572,479,0,0,False,,0,
2025-09-26T22:43:50.980985,1034,,person,0.8416473269462585,17,63,558,479,0,0,False,,0,
2025-09-26T22:43:51.250938,1035,,person,0.820019006729126,67,53,560,479,0,0,False,,0,
2025-09-26T22:43:51.474889,1036,,person,0.789585530757904,8,47,533,479,0,0,False,,0,
2025-09-26T22:43:51.711291,1037,,person,0.9034705758094788,0,12,552,478,0,0,False,,0,
2025-09-26T22:43:51.950973,1038,,person,0.9099603891372681,0,19,565,478,0,0,False,,0,
2025-09-26T22:43:52.195011,1039,,person,0.840700089931488,0,11,548,479,0,0,False,,0,
2025-09-26T22:43:52.421028,1040,,person,0.8376853466033936,1,4,538,478,0,0,False,,0,
2025-09-26T22:43:52.624987,1041,,person,0.8178426027297974,1,7,555,478,0,0,False,,0,
2025-09-26T22:43:52.810883,1042,,person,0.8578301072120667,0,4,556,478,0,0,False,,0,
2025-09-26T22:43:53.036730,1043,,person,0.8724091053009033,0,46,545,478,0,0,False,,0,
2025-09-26T22:43:53.272897,1044,,person,0.8542430400848389,0,42,560,478,0,0,False,,0,
2025-09-26T22:43:53.495469,1045,,person,0.8989986777305603,0,14,573,478,0,0,False,,0,
2025-09-26T22:43:53.750763,1046,,person,0.8474733233451843,0,29,549,479,0,0,False,,0,
2025-09-26T22:43:53.976824,1047,,person,0.7722288966178894,29,38,558,478,0,0,False,,0,
2025-09-26T22:43:54.196558,1048,,person,0.8569100499153137,1,18,563,479,0,0,False,,0,
2025-09-26T22:43:54.401025,1049,,person,0.8114792704582214,3,24,553,479,0,0,False,,0,
2025-09-26T22:43:54.662977,1050,,person,0.8978931307792664,0,17,539,477,0,0,False,,0,
2025-09-26T22:43:54.906037,1051,,person,0.8534057140350342,1,17,541,478,0,0,False,,0,
2025-09-26T22:43:55.125110,1052,,person,0.8890534043312073,0,19,538,478,0,0,False,,0,
2025-09-26T22:43:55.335030,1053,,person,0.843124508857727,0,27,559,478,0,0,False,,0,
2025-09-26T22:43:55.550978,1054,,person,0.9057946801185608,0,50,538,479,0,0,False,,0,
2025-09-26T22:43:55.761174,1055,,person,0.8483962416648865,21,62,551,479,0,0,False,,0,
2025-09-26T22:43:56.008891,1056,,person,0.8440235257148743,48,46,553,479,0,0,False,,0,
2025-09-26T22:43:56.252994,1057,,person,0.8837151527404785,15,33,561,479,0,0,False,,0,
2025-09-26T22:43:56.496066,1058,,cat,0.6900583505630493,1,29,571,479,0,0,False,,0,
2025-09-26T22:43:56.496066,1058,,person,0.5770975351333618,12,5,568,480,0,0,False,,0,
2025-09-26T22:43:56.800848,1059,,person,0.864496111869812,1,4,619,478,0,0,False,,0,
2025-09-26T22:43:56.998732,1060,,person,0.6401495337486267,44,1,572,479,0,0,False,,0,
2025-09-26T22:43:57.221020,1061,,cat,0.7311174273490906,0,0,572,478,0,0,False,,0,
2025-09-26T22:43:57.221020,1061,,person,0.5588966608047485,0,1,593,480,0,0,False,,0,
2025-09-26T22:43:57.580971,1062,,person,0.8917431235313416,1,0,635,479,0,0,False,,0,
2025-09-26T22:43:57.850810,1063,,cat,0.5113677978515625,126,0,633,480,0,0,False,,0,
2025-09-26T22:43:58.571041,1068,,person,0.6693954467773438,0,1,603,480,0,0,False,,0,
2025-09-26T22:43:59.046226,1070,,person,0.5774285197257996,187,0,623,465,0,0,False,,0,
2025-09-26T22:43:59.375337,1072,,cat,0.5378872156143188,206,7,637,478,0,0,False,,0,
2025-09-26T22:43:59.601104,1073,,person,0.7580863833427429,185,2,639,474,0,0,False,,0,
2025-09-26T22:43:59.824937,1074,,cat,0.5795806050300598,0,136,631,479,0,0,False,,0,
2025-09-26T22:44:00.065395,1075,,person,0.8595272898674011,1,3,616,479,0,0,False,,0,
2025-09-26T22:44:00.285781,1076,,person,0.8822724223136902,17,49,558,479,0,0,False,,0,
2025-09-26T22:44:00.542963,1077,,person,0.8695330619812012,23,58,532,479,0,0,False,,0,
2025-09-26T22:44:00.890831,1079,,person,0.5034235715866089,227,149,600,479,0,0,False,,0,
2025-09-26T22:44:01.108869,1080,,person,0.8228575587272644,69,115,570,479,0,0,False,,0,
2025-09-26T22:44:01.519329,1082,,person,0.6794889569282532,61,72,640,479,0,0,False,,0,
2025-09-26T22:44:02.805282,1090,,person,0.8715988397598267,53,92,580,479,0,0,False,,0,
2025-09-26T22:44:02.805282,1090,,cat,0.688368558883667,0,1,260,457,0,0,False,,0,
2025-09-26T22:44:03.132887,1091,,person,0.6143955588340759,30,89,635,479,0,0,False,,0,
2025-09-26T22:44:03.354857,1092,,cat,0.7150948643684387,464,0,639,477,0,0,False,,0,
2025-09-26T22:44:03.354857,1092,,person,0.6705299615859985,8,9,633,478,0,0,False,,0,
2025-09-26T22:44:03.655018,1093,,person,0.8973972201347351,37,52,584,479,0,0,False,,0,
2025-09-26T22:44:03.967932,1094,,person,0.5812363624572754,9,30,513,476,0,0,False,,0,
2025-09-26T22:44:04.856890,1096,,person,0.9040470123291016,53,122,513,479,0,0,False,,0,
2025-09-26T22:44:04.856890,1096,,person,0.7048006653785706,0,41,260,451,0,0,False,,0,
2025-09-26T22:44:05.234576,1098,,person,0.864367663860321,35,47,577,480,0,0,False,,0,
2025-09-26T22:44:05.426406,1099,,cat,0.5664346814155579,17,8,587,479,0,0,False,,0,
2025-09-26T22:44:05.710947,1100,,person,0.9084376096725464,19,0,598,479,0,0,False,,0,
2025-09-26T22:44:06.077147,1101,,person,0.912675142288208,85,0,609,478,0,0,False,,0,
2025-09-26T22:44:06.405639,1102,,person,0.899187445640564,96,70,578,479,0,0,False,,0,
2025-09-26T22:44:06.725511,1103,,person,0.8544664978981018,75,111,553,479,0,0,False,,0,
2025-09-26T22:44:06.874898,1104,,person,0.8256240487098694,6,72,551,479,0,0,False,,0,
2025-09-26T22:44:07.074869,1105,,person,0.8088854551315308,17,56,613,479,0,0,False,,0,
2025-09-26T22:44:07.296884,1106,,person,0.8840118646621704,6,60,635,479,0,0,False,,0,
2025-09-26T22:44:07.520799,1107,,person,0.8343039155006409,51,126,590,479,0,0,False,,0,
2025-09-26T22:44:07.520799,1107,,person,0.534313440322876,371,2,639,473,0,0,False,,0,
2025-09-26T22:44:08.080975,1110,,person,0.8830051422119141,66,57,587,479,0,0,False,,0,
2025-09-26T22:44:08.295032,1111,,person,0.8845335841178894,15,14,608,479,0,0,False,,0,
2025-09-26T22:44:09.052849,1112,,person,0.7819982171058655,6,18,602,479,0,0,False,,0,
2025-09-26T22:44:09.052849,1112,,person,0.6496235728263855,0,0,269,473,0,0,False,,0,
2025-09-26T22:44:09.436756,1114,,person,0.7452536821365356,25,50,538,479,0,0,False,,0,
2025-09-26T22:44:10.046409,1116,,person,0.8700628280639648,4,4,586,478,0,0,False,,0,
2025-09-26T22:44:10.394520,1117,,person,0.8824941515922546,0,27,573,478,0,0,False,,0,
2025-09-26T22:44:10.394520,1117,,person,0.806470513343811,0,0,228,474,0,0,False,,0,
2025-09-26T22:44:10.795859,1118,,person,0.563827395439148,1,2,592,478,0,0,False,,0,
2025-09-26T22:44:10.795859,1118,,cat,0.5635850429534912,0,5,564,479,0,0,False,,0,
2025-09-26T22:44:11.139626,1120,,person,0.822334349155426,1,112,519,479,0,0,False,,0,
2025-09-26T22:44:11.351114,1121,,person,0.6811397671699524,3,107,472,479,0,0,False,,0,
2025-09-26T22:44:11.579649,1122,,person,0.6542147397994995,1,48,533,479,0,0,False,,0,
2025-09-26T22:44:11.804997,1123,,person,0.5867974162101746,81,100,523,479,0,0,False,,0,
2025-09-26T22:44:12.030986,1124,,person,0.8097743391990662,0,81,537,479,0,0,False,,0,
2025-09-26T22:44:12.245152,1125,,person,0.8117299675941467,0,86,468,479,0,0,False,,0,
2025-09-26T22:44:12.470789,1126,,person,0.8411083817481995,0,60,481,479,0,0,False,,0,
2025-09-26T22:44:12.705713,1127,,person,0.8394549489021301,0,0,586,479,0,0,False,,0,
2025-09-26T22:44:13.215462,1130,,person,0.706057608127594,0,82,473,479,0,0,False,,0,
2025-09-26T22:44:13.215462,1130,,hot dog,0.6055158972740173,67,16,125,152,0,0,False,,0,
2025-09-26T22:44:13.525081,1131,,person,0.8498075008392334,0,51,514,478,0,0,False,,0,
2025-09-26T22:44:13.525081,1131,,person,0.577150821685791,0,0,191,352,0,0,False,,0,
2025-09-26T22:44:13.916517,1132,,person,0.8292183876037598,0,50,509,479,0,0,False,,0,
2025-09-26T22:44:14.175625,1133,,person,0.8686538934707642,0,37,552,479,0,0,False,,0,
2025-09-26T22:44:14.413019,1134,,person,0.8724827766418457,0,39,555,479,0,0,False,,0,
2025-09-26T22:44:14.627524,1135,,person,0.8363184928894043,0,46,560,479,0,0,False,,0,
2025-09-26T22:44:14.830882,1136,,person,0.7733010053634644,2,50,513,479,0,0,False,,0,
2025-09-26T22:44:15.042902,1137,,person,0.7569103837013245,1,24,515,480,0,0,False,,0,
2025-09-26T22:44:15.245457,1138,,person,0.8221386671066284,2,4,488,478,0,0,False,,0,
2025-09-26T22:44:15.515808,1139,,person,0.8439741134643555,1,0,499,479,0,0,False,,0,
2025-09-26T22:44:15.761015,1140,,person,0.7987036108970642,0,6,537,479,0,0,False,,0,
2025-09-26T22:44:15.980903,1141,,person,0.8541992902755737,1,5,516,479,0,0,False,,0,
2025-09-26T22:44:16.190934,1142,,person,0.8325819373130798,0,6,530,479,0,0,False,,0,
2025-09-26T22:44:16.385288,1143,,person,0.8444867134094238,2,2,488,479,0,0,False,,0,
2025-09-26T22:44:16.587236,1144,,person,0.8298366665840149,0,55,490,478,0,0,False,,0,
2025-09-26T22:44:16.842712,1145,,person,0.8207514882087708,1,9,502,478,0,0,False,,0,
2025-09-26T22:44:17.096162,1146,,person,0.8403159976005554,0,7,526,479,0,0,False,,0,
2025-09-26T22:44:17.420898,1147,,person,0.8049305081367493,1,15,486,479,0,0,False,,0,
2025-09-26T22:44:17.627355,1148,,person,0.8434223532676697,0,5,525,479,0,0,False,,0,
2025-09-26T22:44:17.835592,1149,,person,0.8007828593254089,1,28,484,479,0,0,False,,0,
2025-09-26T22:44:18.044732,1150,,person,0.7977913022041321,0,59,499,478,0,0,False,,0,
2025-09-26T22:44:18.285720,1151,,person,0.8485101461410522,0,15,506,478,0,0,False,,0,
2025-09-26T22:44:18.512894,1152,,person,0.8352971076965332,0,54,519,479,0,0,False,,0,
2025-09-26T22:44:18.744519,1153,,person,0.8420289158821106,0,33,488,478,0,0,False,,0,
2025-09-26T22:44:18.960732,1154,,person,0.8099154233932495,0,8,522,479,0,0,False,,0,
2025-09-26T22:44:19.187088,1155,,person,0.8016951680183411,1,10,527,478,0,0,False,,0,
2025-09-26T22:44:19.390915,1156,,person,0.8265594244003296,0,39,525,478,0,0,False,,0,
2025-09-26T22:44:19.634487,1157,,person,0.7831645607948303,0,59,492,478,0,0,False,,0,
2025-09-26T22:44:19.872923,1158,,person,0.7944902777671814,1,43,522,479,0,0,False,,0,
2025-09-26T22:44:20.107012,1159,,person,0.8732873797416687,0,17,541,479,0,0,False,,0,
2025-09-26T22:44:20.107012,1159,,person,0.6115816235542297,0,0,189,341,0,0,False,,0,
2025-09-26T22:44:20.923051,1160,,person,0.822614312171936,0,46,542,479,0,0,False,,0,
2025-09-26T22:44:20.923051,1160,,person,0.5041033625602722,0,7,205,475,0,0,False,,0,
2025-09-26T22:44:21.393350,1161,,person,0.8517061471939087,0,47,530,479,0,0,False,,0,
2025-09-26T22:44:21.701168,1162,,person,0.8109598755836487,4,50,533,479,0,0,False,,0,
2025-09-26T22:44:22.056019,1163,,person,0.8267402052879333,47,34,586,478,0,0,False,,0,
2025-09-26T22:44:22.331000,1164,,person,0.8554022312164307,52,2,567,479,0,0,False,,0,
2025-09-26T22:44:22.331000,1164,,person,0.6227661967277527,0,0,263,469,0,0,False,,0,
2025-09-26T22:44:22.616016,1165,,person,0.8145878911018372,86,80,578,479,0,0,False,,0,
2025-09-26T22:44:22.810815,1166,,person,0.7665444612503052,83,77,578,479,0,0,False,,0,
2025-09-26T22:44:23.000739,1167,,person,0.8986493945121765,92,35,638,479,0,0,False,,0,
2025-09-26T22:44:23.688917,1168,,person,0.6386463046073914,274,46,638,474,0,0,False,,0,
2025-09-26T22:44:23.688917,1168,,person,0.5670669078826904,20,0,291,461,0,0,False,,0,
2025-09-26T22:44:23.971168,1169,,person,0.8580144047737122,0,0,588,478,0,0,False,,0,
2025-09-26T22:44:24.545038,1171,,person,0.7805727124214172,0,2,401,478,0,0,False,,0,
2025-09-26T22:44:24.876228,1172,,person,0.7949939966201782,0,3,447,478,0,0,False,,0,
2025-09-26T22:44:25.688155,1173,,person,0.8936907052993774,1,0,386,479,0,0,False,,0,
2025-09-26T22:44:25.883778,1174,,person,0.9174920916557312,1,11,447,480,0,0,False,,0,
2025-09-26T22:44:26.067266,1175,,person,0.9117401242256165,0,10,436,479,0,0,False,,0,
2025-09-26T22:44:26.430907,1176,,person,0.8530979156494141,1,5,429,479,0,0,False,,0,
2025-09-26T22:44:26.803207,1177,,person,0.8030983209609985,1,0,502,479,0,0,False,,0,
2025-09-26T22:44:27.114817,1178,,person,0.8363716006278992,1,0,582,479,0,0,False,,0,
2025-09-26T22:44:27.434758,1179,,person,0.8446317315101624,0,0,548,479,0,0,False,,0,
2025-09-26T22:44:27.595819,1180,,person,0.800296425819397,0,1,574,479,0,0,False,,0,
2025-09-26T22:44:27.801033,1181,,person,0.8836900591850281,0,8,631,480,0,0,False,,0,
2025-09-26T22:44:27.990871,1182,,person,0.8624657392501831,2,3,561,479,0,0,False,,0,
2025-09-26T22:44:28.180671,1183,,person,0.6082041263580322,0,3,532,478,0,0,False,,0,
2025-09-26T22:44:28.376784,1184,,cat,0.783581018447876,0,0,479,479,0,0,False,,0,
2025-09-26T22:44:28.546878,1185,,person,0.6072069406509399,7,1,482,479,0,0,False,,0,
2025-09-26T22:44:28.714372,1186,,person,0.9232940077781677,2,0,515,479,0,0,False,,0,
2025-09-26T22:44:28.914770,1187,,person,0.854754626750946,2,0,573,479,0,0,False,,0,
2025-09-26T22:44:29.170923,1188,,person,0.7289925813674927,2,4,590,478,0,0,False,,0,
2025-09-26T22:44:29.395416,1189,,person,0.7901645302772522,0,5,545,479,0,0,False,,0,
2025-09-26T22:44:29.627231,1190,,person,0.9012499451637268,18,17,618,479,0,0,False,,0,
2025-09-26T22:44:29.840896,1191,,person,0.9165545701980591,29,30,635,480,0,0,False,,0,
2025-09-26T22:44:30.060835,1192,,person,0.9010904431343079,20,29,626,479,0,0,False,,0,
2025-09-26T22:44:30.267824,1193,,person,0.801048755645752,18,21,554,477,0,0,False,,0,
2025-09-26T22:44:30.520862,1194,,person,0.8471553921699524,33,21,550,479,0,0,False,,0,
2025-09-26T22:44:30.868340,1195,,person,0.6260575652122498,6,13,566,479,0,0,False,,0,
2025-09-26T22:44:31.215094,1197,,cat,0.560979425907135,6,3,621,480,0,0,False,,0,
2025-09-26T22:44:31.665204,1200,,person,0.8208202123641968,1,1,553,479,0,0,False,,0,
2025-09-26T22:44:31.916170,1201,,person,0.7804444432258606,0,0,489,478,0,0,False,,0,
2025-09-26T22:44:32.170615,1202,,person,0.8458296656608582,0,0,549,479,0,0,False,,0,
2025-09-26T22:44:32.510767,1204,,person,0.5511528849601746,0,0,533,478,0,0,False,,0,
2025-09-26T22:44:32.844657,1206,,person,0.7484188675880432,1,0,485,478,0,0,False,,0,
2025-09-26T22:44:33.048347,1207,,person,0.7464590668678284,1,0,481,478,0,0,False,,0,
2025-09-26T22:44:33.304762,1208,,person,0.7769262790679932,1,0,520,478,0,0,False,,0,
2025-09-26T22:44:33.575462,1209,,person,0.8666813373565674,0,0,443,478,0,0,False,,0,
2025-09-26T22:44:33.800768,1210,,person,0.8128392100334167,0,0,571,478,0,0,False,,0,
2025-09-26T22:44:34.010787,1211,,person,0.8082056641578674,0,0,502,479,0,0,False,,0,
2025-09-26T22:44:34.234852,1212,,person,0.7620682716369629,0,0,431,478,0,0,False,,0,
2025-09-26T22:44:34.978239,1213,,person,0.8742560148239136,1,0,398,479,0,0,False,,0,
2025-09-26T22:44:35.168456,1214,,person,0.6101555824279785,81,2,604,479,0,0,False,,0,
2025-09-26T22:44:35.468680,1215,,cat,0.6439769268035889,8,0,630,479,0,0,False,,0,
2025-09-26T22:44:35.822935,1216,,person,0.7220661044120789,59,3,636,478,0,0,False,,0,
2025-09-26T22:44:36.187218,1217,,person,0.9142160415649414,1,0,634,479,0,0,False,,0,
2025-09-26T22:44:36.415427,1218,,person,0.8499833345413208,0,0,617,479,0,0,False,,0,
2025-09-26T22:44:36.707152,1219,,person,0.7447050213813782,2,1,597,479,0,0,False,,0,
2025-09-26T22:44:36.884960,1220,,person,0.9080116748809814,0,0,637,478,0,0,False,,0,
2025-09-26T22:44:37.060703,1221,,person,0.9213791489601135,0,1,639,479,0,0,False,,0,
2025-09-26T22:44:37.290866,1222,,person,0.813969075679779,0,1,607,479,0,0,False,,0,
2025-09-26T22:44:37.520833,1223,,person,0.8477433919906616,0,40,601,479,0,0,False,,0,
2025-09-26T22:44:37.768137,1224,,person,0.6452511548995972,47,23,616,478,0,0,False,,0,
2025-09-26T22:44:38.097171,1225,,person,0.6893221735954285,67,0,627,479,0,0,False,,0,
2025-09-26T22:44:38.393147,1226,,person,0.5443160533905029,4,0,630,479,0,0,False,,0,
2025-09-26T22:44:38.815492,1228,,dog,0.5687096118927002,215,4,585,478,0,0,False,,0,
2025-09-26T22:44:39.081622,1229,,person,0.9104984402656555,26,15,560,479,0,0,False,,0,
2025-09-26T22:44:39.345839,1230,,person,0.9130131602287292,23,20,547,479,0,0,False,,0,
2025-09-26T22:44:39.575487,1231,,person,0.8672800064086914,16,55,547,479,0,0,False,,0,
2025-09-26T22:44:39.904498,1233,,person,0.7952977418899536,39,79,534,479,0,0,False,,0,
2025-09-26T22:44:40.113166,1234,,person,0.6482625603675842,66,102,528,479,0,0,False,,0,
2025-09-26T22:44:40.376735,1235,,person,0.861093282699585,77,109,539,479,0,0,False,,0,
2025-09-26T22:44:40.631574,1236,,person,0.8778359889984131,72,99,551,479,0,0,False,,0,
2025-09-26T22:44:40.948474,1237,,person,0.8519768118858337,73,96,552,479,0,0,False,,0,
2025-09-26T22:44:41.145423,1238,,person,0.5241578817367554,60,91,576,479,0,0,False,,0,
2025-09-26T22:44:41.512619,1240,,person,0.530900239944458,2,55,468,479,0,0,False,,0,
2025-09-26T22:44:41.756219,1241,,person,0.8176026344299316,0,59,453,479,0,0,False,,0,
2025-09-26T22:44:41.990573,1242,,person,0.8410524725914001,0,61,462,479,0,0,False,,0,
2025-09-26T22:44:42.195307,1243,,cat,0.5314642190933228,0,51,447,479,0,0,False,,0,
2025-09-26T22:44:42.407274,1244,,cat,0.5550371408462524,0,49,480,479,0,0,False,,0,
2025-09-26T22:44:42.746700,1246,,person,0.5471170544624329,0,45,433,479,0,0,False,,0,
2025-09-26T22:44:43.025290,1247,,person,0.8057961463928223,5,48,436,478,0,0,False,,0,
2025-09-26T22:44:43.286433,1248,,person,0.791373610496521,0,51,497,479,0,0,False,,0,
2025-09-26T22:44:43.520652,1249,,person,0.8109797835350037,0,52,510,479,0,0,False,,0,
2025-09-26T22:44:43.734763,1250,,person,0.8467235565185547,0,50,484,479,0,0,False,,0,
2025-09-26T22:44:43.973002,1251,,person,0.7368980646133423,1,27,509,479,0,0,False,,0,
2025-09-26T22:44:44.200770,1252,,person,0.8061141967773438,0,21,469,479,0,0,False,,0,
2025-09-26T22:44:44.447330,1253,,person,0.7542855739593506,0,21,495,479,0,0,False,,0,
2025-09-26T22:44:44.687845,1254,,person,0.8369465470314026,0,32,556,478,0,0,False,,0,
2025-09-26T22:44:45.024594,1255,,person,0.7010046243667603,10,4,621,479,0,0,False,,0,
2025-09-26T22:44:45.230741,1256,,person,0.8396708369255066,4,11,585,479,0,0,False,,0,
2025-09-26T22:44:45.447002,1257,,person,0.8584078550338745,1,1,621,479,0,0,False,,0,
2025-09-26T22:44:45.654796,1258,,person,0.8433522582054138,1,30,638,479,0,0,False,,0,
2025-09-26T22:44:45.887579,1259,,person,0.8470238447189331,0,11,635,479,0,0,False,,0,
2025-09-26T22:44:46.135823,1260,,person,0.8766485452651978,0,20,638,479,0,0,False,,0,
2025-09-26T22:44:46.344837,1261,,person,0.795655369758606,3,13,638,479,0,0,False,,0,
2025-09-26T22:44:46.554846,1262,,person,0.8953260779380798,0,14,636,479,0,0,False,,0,
2025-09-26T22:44:46.784892,1263,,person,0.879843533039093,0,12,635,478,0,0,False,,0,
2025-09-26T22:44:46.994501,1264,,person,0.7531704306602478,3,18,634,479,0,0,False,,0,
2025-09-26T22:44:47.230640,1265,,person,0.7551349401473999,0,49,620,479,0,0,False,,0,
2025-09-26T22:44:47.485730,1266,,person,0.7924415469169617,2,10,623,478,0,0,False,,0,
2025-09-26T22:44:47.712444,1267,,person,0.6650705337524414,0,3,576,479,0,0,False,,0,
2025-09-26T22:44:48.036806,1269,,person,0.6356141567230225,135,36,511,479,0,0,False,,0,
2025-09-26T22:44:48.252806,1270,,person,0.8230020999908447,0,43,506,479,0,0,False,,0,
2025-09-26T22:44:48.482860,1271,,person,0.8945049047470093,0,33,509,479,0,0,False,,0,
2025-09-26T22:44:49.275083,1276,,person,0.757680356502533,0,3,516,479,0,0,False,,0,
2025-09-26T22:44:49.482798,1277,,person,0.6309939026832581,0,3,500,479,0,0,False,,0,
2025-09-26T22:44:49.672741,1278,,person,0.5849735736846924,1,2,527,478,0,0,False,,0,
2025-09-26T22:44:50.022909,1279,,person,0.8365995287895203,1,0,505,478,0,0,False,,0,
2025-09-26T22:44:50.255241,1280,,person,0.7985730767250061,1,4,504,479,0,0,False,,0,
2025-09-26T22:44:50.470738,1281,,person,0.8638772964477539,1,15,500,478,0,0,False,,0,
2025-09-26T22:44:50.674987,1282,,person,0.7986318469047546,1,18,506,479,0,0,False,,0,
2025-09-26T22:44:50.905752,1283,,person,0.8374307751655579,2,19,501,479,0,0,False,,0,
2025-09-26T22:44:51.118903,1284,,person,0.8599834442138672,1,17,483,479,0,0,False,,0,
2025-09-26T22:44:51.365415,1285,,person,0.8577036261558533,0,18,473,478,0,0,False,,0,
2025-09-26T22:44:51.605053,1286,,person,0.8580676913261414,0,18,478,479,0,0,False,,0,
2025-09-26T22:44:51.814796,1287,,person,0.8013198971748352,0,23,485,479,0,0,False,,0,
2025-09-26T22:44:52.028822,1288,,person,0.8296700716018677,0,42,489,478,0,0,False,,0,
2025-09-26T22:44:52.254719,1289,,person,0.8706365823745728,0,45,491,479,0,0,False,,0,
2025-09-26T22:44:52.454831,1290,,person,0.870724081993103,1,28,487,479,0,0,False,,0,
2025-09-26T22:44:52.702664,1291,,person,0.7951443791389465,0,21,484,479,0,0,False,,0,
2025-09-26T22:44:52.946026,1292,,cat,0.5216587781906128,20,113,506,477,0,0,False,,0,
2025-09-26T22:44:53.162709,1293,,cat,0.507542073726654,1,57,512,479,0,0,False,,0,
2025-09-26T22:44:53.495611,1295,,person,0.8088899850845337,0,20,510,479,0,0,False,,0,
2025-09-26T22:44:53.830690,1296,,person,0.8388022780418396,2,0,523,478,0,0,False,,0,
2025-09-26T22:44:54.055196,1297,,person,0.8459879159927368,0,11,514,479,0,0,False,,0,
2025-09-26T22:44:54.312428,1298,,person,0.7948514819145203,1,7,516,478,0,0,False,,0,
2025-09-26T22:44:54.522919,1299,,person,0.8581454157829285,0,1,519,478,0,0,False,,0,
2025-09-26T22:44:54.734732,1300,,person,0.8312463164329529,1,18,512,479,0,0,False,,0,
2025-09-26T22:44:54.945369,1301,,person,0.8743459582328796,0,22,496,479,0,0,False,,0,
2025-09-26T22:44:55.162781,1302,,person,0.8652869462966919,0,21,507,479,0,0,False,,0,
2025-09-26T22:44:55.390642,1303,,person,0.8637197017669678,0,43,493,479,0,0,False,,0,
2025-09-26T22:44:55.635741,1304,,person,0.8749816417694092,0,31,503,479,0,0,False,,0,
2025-09-26T22:44:55.854716,1305,,person,0.8447849154472351,0,29,497,479,0,0,False,,0,
2025-09-26T22:44:56.075476,1306,,person,0.8642845749855042,0,28,536,479,0,0,False,,0,
2025-09-26T22:44:56.287250,1307,,person,0.8646356463432312,0,23,536,479,0,0,False,,0,
2025-09-26T22:44:56.487246,1308,,person,0.8735308647155762,0,30,502,479,0,0,False,,0,
2025-09-26T22:44:56.734956,1309,,person,0.8648910522460938,1,25,504,479,0,0,False,,0,
2025-09-26T22:44:56.982729,1310,,person,0.8910717964172363,1,17,496,479,0,0,False,,0,
2025-09-26T22:44:57.205542,1311,,person,0.8845633864402771,1,17,506,479,0,0,False,,0,
2025-09-26T22:44:57.512706,1312,,person,0.8420552015304565,1,22,524,479,0,0,False,,0,
2025-09-26T22:44:57.730675,1313,,person,0.8204007744789124,1,20,536,479,0,0,False,,0,
2025-09-26T22:44:57.992352,1314,,person,0.8563724160194397,1,18,515,479,0,0,False,,0,
2025-09-26T22:44:58.252982,1315,,person,0.8764271140098572,0,21,490,479,0,0,False,,0,
2025-09-26T22:44:58.498193,1316,,person,0.8575383424758911,0,21,516,479,0,0,False,,0,
2025-09-26T22:44:58.745615,1317,,person,0.8570792078971863,1,21,525,479,0,0,False,,0,
2025-09-26T22:44:58.992796,1318,,person,0.8641117811203003,0,18,516,479,0,0,False,,0,
2025-09-26T22:44:59.264987,1319,,person,0.8509529829025269,0,17,552,479,0,0,False,,0,
2025-09-26T22:44:59.575870,1320,,person,0.8710564374923706,1,9,509,479,0,0,False,,0,
2025-09-26T22:44:59.875376,1321,,person,0.8324528336524963,0,5,546,480,0,0,False,,0,
2025-09-26T22:45:00.132772,1322,,person,0.8801195621490479,1,9,595,479,0,0,False,,0,
2025-09-26T22:45:00.370600,1323,,person,0.8577405214309692,2,0,576,479,0,0,False,,0,
2025-09-26T22:45:00.585372,1324,,person,0.87037193775177,1,2,594,479,0,0,False,,0,
2025-09-26T22:45:00.985378,1325,,person,0.8854956030845642,5,0,568,478,0,0,False,,0,
2025-09-26T22:45:01.356830,1326,,person,0.8593972325325012,0,2,562,479,0,0,False,,0,
2025-09-26T22:45:01.906984,1327,,person,0.9050612449645996,8,1,549,479,0,0,False,,0,
2025-09-26T22:45:02.282615,1328,,person,0.8477557897567749,0,2,538,479,0,0,False,,0,
2025-09-26T22:45:02.585215,1329,,person,0.8008274435997009,1,2,517,479,0,0,False,,0,
2025-09-26T22:45:03.102866,1332,,person,0.6634348034858704,74,159,613,479,0,0,False,,0,
2025-09-26T22:45:03.927649,1335,,person,0.9048760533332825,68,0,615,479,0,0,False,,0,
2025-09-26T22:45:04.265838,1336,,person,0.5633843541145325,1,0,633,478,0,0,False,,0,
2025-09-26T22:45:04.590825,1337,,person,0.6679174900054932,9,0,627,479,0,0,False,,0,
2025-09-26T22:45:05.179785,1340,,person,0.5011237859725952,4,31,636,479,0,0,False,,0,
2025-09-26T22:45:06.324497,1351,,person,0.8825582265853882,1,0,637,480,0,0,False,,0,
2025-09-26T22:45:06.506141,1352,,person,0.5143311619758606,3,0,638,480,0,0,False,,0,
2025-09-26T22:45:06.982237,1355,,person,0.836139976978302,3,0,584,478,0,0,False,,0,
2025-09-26T22:45:07.292783,1357,,person,0.7466964721679688,42,58,628,478,0,0,False,,0,
2025-09-26T22:45:07.514317,1358,,person,0.7957913875579834,5,86,615,479,0,0,False,,0,
2025-09-26T22:45:08.245193,1363,,person,0.8166766166687012,18,26,639,479,0,0,False,,0,
2025-09-26T22:45:08.475490,1364,,person,0.796484649181366,14,33,634,478,0,0,False,,0,
2025-09-26T22:45:08.684664,1365,,person,0.8948755264282227,16,12,638,479,0,0,False,,0,
2025-09-26T22:45:08.900393,1366,,person,0.9125468730926514,10,1,639,479,0,0,False,,0,
2025-09-26T22:45:09.204605,1367,,person,0.9019815325737,4,0,639,479,0,0,False,,0,
2025-09-26T22:45:09.448522,1368,,person,0.874958872795105,5,0,638,479,0,0,False,,0,
2025-09-26T22:45:09.699743,1369,,person,0.760397732257843,1,0,628,479,0,0,False,,0,
2025-09-26T22:45:09.912354,1370,,cat,0.684427797794342,1,0,633,479,0,0,False,,0,
2025-09-26T22:45:10.344995,1373,,person,0.5788465142250061,35,110,636,479,0,0,False,,0,
2025-09-26T22:45:10.714763,1375,,person,0.8785934448242188,10,29,639,479,0,0,False,,0,
2025-09-26T22:45:10.955864,1376,,person,0.6605150103569031,12,46,552,479,0,0,False,,0,
2025-09-26T22:45:11.180048,1377,,person,0.8350210189819336,2,44,635,479,0,0,False,,0,
2025-09-26T22:45:11.404583,1378,,person,0.8969507217407227,5,42,632,480,0,0,False,,0,
2025-09-26T22:45:11.404583,1378,,person,0.6396265029907227,447,12,639,477,0,0,False,,0,
2025-09-26T22:45:11.702166,1379,,person,0.9147720336914062,11,41,632,480,0,0,False,,0,
2025-09-26T22:45:11.702166,1379,,person,0.6091320514678955,429,15,639,476,0,0,False,,0,
2025-09-26T22:45:11.702166,1379,,remote,0.5130332112312317,0,24,198,95,0,0,False,,0,
2025-09-26T22:45:12.123635,1380,,person,0.906773030757904,2,35,636,479,0,0,False,,0,
2025-09-26T22:45:12.123635,1380,,person,0.6871658563613892,423,12,639,476,0,0,False,,0,
2025-09-26T22:45:12.552666,1381,,person,0.8100212812423706,13,41,635,479,0,0,False,,0,
2025-09-26T22:45:12.770477,1382,,person,0.802038848400116,37,43,630,480,0,0,False,,0,
2025-09-26T22:45:13.000816,1383,,person,0.8289089202880859,9,40,636,480,0,0,False,,0,
2025-09-26T22:45:13.205205,1384,,person,0.7759795188903809,5,36,634,480,0,0,False,,0,
2025-09-26T22:45:13.450459,1385,,person,0.8764045834541321,7,37,632,480,0,0,False,,0,
2025-09-26T22:45:13.699419,1386,,person,0.8401200771331787,4,41,633,480,0,0,False,,0,
2025-09-26T22:45:13.910617,1387,,person,0.8747468590736389,23,37,632,480,0,0,False,,0,
2025-09-26T22:45:14.142618,1388,,person,0.872393786907196,52,36,631,480,0,0,False,,0,
2025-09-26T22:45:14.344683,1389,,person,0.8467805981636047,15,38,632,480,0,0,False,,0,
2025-09-26T22:45:15.063837,1390,,person,0.8714017271995544,11,38,632,480,0,0,False,,0,
2025-09-26T22:45:15.063837,1390,,person,0.5418290495872498,0,12,258,473,0,0,False,,0,
2025-09-26T22:45:16.005145,1393,,person,0.7968308925628662,3,35,539,479,0,0,False,,0,
2025-09-26T22:45:16.274008,1394,,person,0.7772964239120483,3,40,547,479,0,0,False,,0,
2025-09-26T22:45:16.456241,1395,,person,0.7411488890647888,4,43,542,479,0,0,False,,0,
2025-09-26T22:45:16.636500,1396,,person,0.7096192836761475,7,32,598,477,0,0,False,,0,
2025-09-26T22:45:16.840821,1397,,person,0.8665605783462524,26,31,621,480,0,0,False,,0,
2025-09-26T22:45:17.122235,1398,,person,0.7768158316612244,27,34,600,480,0,0,False,,0,
2025-09-26T22:45:17.330833,1399,,person,0.8436991572380066,0,36,552,480,0,0,False,,0,
2025-09-26T22:45:17.530712,1400,,person,0.837165355682373,0,31,570,480,0,0,False,,0,
2025-09-26T22:45:17.752586,1401,,person,0.858025848865509,0,31,555,480,0,0,False,,0,
2025-09-26T22:45:17.955041,1402,,person,0.8548250198364258,0,31,552,480,0,0,False,,0,
2025-09-26T22:45:18.162615,1403,,person,0.827584445476532,0,31,555,479,0,0,False,,0,
2025-09-26T22:45:18.366391,1404,,person,0.8288414478302002,1,43,558,480,0,0,False,,0,
2025-09-26T22:45:18.583059,1405,,person,0.834759533405304,0,45,562,479,0,0,False,,0,
2025-09-26T22:45:18.824852,1406,,person,0.862149715423584,1,38,611,480,0,0,False,,0,
2025-09-26T22:45:19.055149,1407,,person,0.865082323551178,1,37,618,480,0,0,False,,0,
2025-09-26T22:45:19.262255,1408,,person,0.8565030694007874,0,38,584,479,0,0,False,,0,
2025-09-26T22:45:19.482744,1409,,person,0.8682019710540771,1,37,608,480,0,0,False,,0,
2025-09-26T22:45:19.684484,1410,,person,0.8597490787506104,0,38,606,480,0,0,False,,0,
2025-09-26T22:45:19.882250,1411,,person,0.8583170175552368,1,41,595,479,0,0,False,,0,
2025-09-26T22:45:20.230647,1412,,person,0.8189876675605774,0,41,603,480,0,0,False,,0,
2025-09-26T22:45:20.467988,1413,,person,0.8162516951560974,1,36,620,480,0,0,False,,0,
2025-09-26T22:45:20.667231,1414,,person,0.8399073481559753,0,35,620,480,0,0,False,,0,
2025-09-26T22:45:20.902608,1415,,person,0.7748735547065735,2,35,609,480,0,0,False,,0,
2025-09-26T22:45:21.097257,1416,,person,0.8468167185783386,5,34,613,480,0,0,False,,0,
2025-09-26T22:45:21.324813,1417,,person,0.7991085052490234,5,37,610,480,0,0,False,,0,
2025-09-26T22:45:21.566395,1418,,person,0.8565956950187683,8,38,625,480,0,0,False,,0,
2025-09-26T22:45:21.805071,1419,,person,0.8390095829963684,9,37,604,480,0,0,False,,0,
2025-09-26T22:45:22.025241,1420,,person,0.7905986309051514,37,37,597,480,0,0,False,,0,
2025-09-26T22:45:22.254752,1421,,person,0.8296716213226318,38,38,609,479,0,0,False,,0,
2025-09-26T22:45:22.445257,1422,,person,0.8189941048622131,6,36,605,480,0,0,False,,0,
2025-09-26T22:45:22.655746,1423,,person,0.8444588780403137,2,36,604,479,0,0,False,,0,
2025-09-26T22:45:22.882856,1424,,person,0.8559901714324951,2,35,618,479,0,0,False,,0,
2025-09-26T22:45:23.152569,1425,,person,0.8077888488769531,4,37,606,480,0,0,False,,0,
2025-09-26T22:45:23.376964,1426,,person,0.8033503890037537,3,38,601,480,0,0,False,,0,
2025-09-26T22:45:23.624651,1427,,person,0.81916344165802,2,38,601,480,0,0,False,,0,
2025-09-26T22:45:23.835196,1428,,person,0.783610463142395,3,40,598,480,0,0,False,,0,
2025-09-26T22:45:24.174823,1429,,person,0.7578377723693848,4,39,596,480,0,0,False,,0,
2025-09-26T22:45:24.425350,1430,,person,0.7957445979118347,2,39,604,480,0,0,False,,0,
2025-09-26T22:45:24.644558,1431,,person,0.8190593719482422,2,37,618,479,0,0,False,,0,
2025-09-26T22:45:24.865768,1432,,person,0.8332488536834717,2,39,616,480,0,0,False,,0,
2025-09-26T22:45:25.070540,1433,,person,0.8569968342781067,3,39,614,480,0,0,False,,0,
2025-09-26T22:45:25.275096,1434,,person,0.8163865804672241,56,48,610,479,0,0,False,,0,
2025-09-26T22:45:25.502615,1435,,person,0.8488613963127136,1,41,599,480,0,0,False,,0,
2025-09-26T22:45:25.760724,1436,,person,0.8162423372268677,4,41,610,480,0,0,False,,0,
2025-09-26T22:45:25.984704,1437,,person,0.8232468366622925,28,42,621,480,0,0,False,,0,
2025-09-26T22:45:25.984704,1437,,person,0.5976249575614929,0,44,223,475,0,0,False,,0,
2025-09-26T22:45:26.297025,1438,,person,0.8395407199859619,3,50,599,479,0,0,False,,0,
2025-09-26T22:45:26.500619,1439,,person,0.8293783664703369,3,46,609,479,0,0,False,,0,
2025-09-26T22:45:26.722343,1440,,person,0.8516455292701721,19,39,598,480,0,0,False,,0,
2025-09-26T22:45:26.952509,1441,,person,0.8195308446884155,26,39,598,480,0,0,False,,0,
2025-09-26T22:45:27.285470,1442,,person,0.7946737408638,32,41,606,479,0,0,False,,0,
2025-09-26T22:45:27.494269,1443,,person,0.768283486366272,30,38,607,479,0,0,False,,0,
2025-09-26T22:45:27.704921,1444,,person,0.8269098997116089,34,40,621,480,0,0,False,,0,
2025-09-26T22:45:27.918295,1445,,person,0.8300954699516296,43,48,593,480,0,0,False,,0,
2025-09-26T22:45:28.125061,1446,,person,0.8388875722885132,64,40,589,479,0,0,False,,0,
2025-09-26T22:45:28.365207,1447,,person,0.7331763505935669,47,52,590,479,0,0,False,,0,
2025-09-26T22:45:28.600363,1448,,person,0.7862235307693481,144,45,584,479,0,0,False,,0,
2025-09-26T22:45:28.822578,1449,,person,0.8008083701133728,2,40,605,479,0,0,False,,0,
2025-09-26T22:45:29.044901,1450,,person,0.8254006505012512,1,41,606,479,0,0,False,,0,
2025-09-26T22:45:29.264743,1451,,person,0.769645631313324,3,44,613,479,0,0,False,,0,
2025-09-26T22:45:29.504838,1452,,person,0.7544644474983215,53,44,597,479,0,0,False,,0,
2025-09-26T22:45:29.777538,1453,,person,0.7598759531974792,9,41,604,479,0,0,False,,0,
2025-09-26T22:45:30.025007,1454,,person,0.805270254611969,42,43,623,480,0,0,False,,0,
2025-09-26T22:45:30.244488,1455,,person,0.8160611987113953,123,49,606,479,0,0,False,,0,
2025-09-26T22:45:30.468004,1456,,person,0.8366252779960632,0,45,605,480,0,0,False,,0,
2025-09-26T22:45:30.657313,1457,,person,0.866256594657898,0,41,617,480,0,0,False,,0,
2025-09-26T22:45:30.892687,1458,,person,0.8392208814620972,0,44,603,480,0,0,False,,0,
2025-09-26T22:45:31.240426,1459,,person,0.8246195316314697,17,44,606,480,0,0,False,,0,
2025-09-26T22:45:31.455162,1460,,person,0.8040807843208313,6,45,603,480,0,0,False,,0,
2025-09-26T22:45:31.657554,1461,,person,0.8008210062980652,0,45,617,480,0,0,False,,0,
2025-09-26T22:45:31.874231,1462,,person,0.736733615398407,125,50,596,480,0,0,False,,0,
2025-09-26T22:45:32.095149,1463,,person,0.767270028591156,137,51,588,480,0,0,False,,0,
2025-09-26T22:45:32.317531,1464,,person,0.8127313852310181,3,44,607,479,0,0,False,,0,
2025-09-26T22:45:32.562378,1465,,person,0.8383002877235413,3,41,614,480,0,0,False,,0,
2025-09-26T22:45:32.812822,1466,,person,0.8493403792381287,3,42,622,480,0,0,False,,0,
2025-09-26T22:45:33.034533,1467,,person,0.7803007960319519,38,44,609,479,0,0,False,,0,
2025-09-26T22:45:33.234713,1468,,person,0.7830156087875366,130,52,593,479,0,0,False,,0,
2025-09-26T22:45:33.452534,1469,,person,0.7584851980209351,48,45,605,479,0,0,False,,0,
2025-09-26T22:45:33.702536,1470,,person,0.7652007341384888,10,44,611,479,0,0,False,,0,
2025-09-26T22:45:33.965335,1471,,person,0.7834506034851074,94,43,588,479,0,0,False,,0,
2025-09-26T22:45:34.194502,1472,,person,0.8023959398269653,19,45,617,479,0,0,False,,0,
2025-09-26T22:45:34.524992,1473,,person,0.7498882412910461,17,45,590,479,0,0,False,,0,
2025-09-26T22:45:34.724552,1474,,person,0.7859181761741638,4,44,603,479,0,0,False,,0,
2025-09-26T22:45:34.963007,1475,,person,0.8087443113327026,4,44,606,479,0,0,False,,0,
2025-09-26T22:45:35.190433,1476,,person,0.8051023483276367,4,45,622,479,0,0,False,,0,
2025-09-26T22:45:35.417842,1477,,person,0.7894280552864075,8,45,615,479,0,0,False,,0,
2025-09-26T22:45:35.640445,1478,,person,0.766656219959259,4,45,601,479,0,0,False,,0,
2025-09-26T22:45:35.848021,1479,,person,0.783105731010437,4,46,605,479,0,0,False,,0,
2025-09-26T22:45:36.052412,1480,,person,0.7848685383796692,41,45,615,479,0,0,False,,0,
2025-09-26T22:45:36.272722,1481,,person,0.8106257319450378,20,44,615,479,0,0,False,,0,
2025-09-26T22:45:36.504853,1482,,person,0.7597724199295044,19,45,599,479,0,0,False,,0,
2025-09-26T22:45:36.740737,1483,,person,0.8167814612388611,2,44,616,479,0,0,False,,0,
2025-09-26T22:45:36.964212,1484,,person,0.8001765608787537,3,45,608,479,0,0,False,,0,
2025-09-26T22:45:37.194404,1485,,person,0.8028827905654907,2,44,617,479,0,0,False,,0,
2025-09-26T22:45:37.404822,1486,,person,0.5811945796012878,9,44,610,479,0,0,False,,0,
2025-09-26T22:45:37.630786,1487,,person,0.7469872832298279,1,42,625,479,0,0,False,,0,
2025-09-26T22:45:37.866877,1488,,person,0.8745620846748352,3,45,611,479,0,0,False,,0,
2025-09-26T22:45:38.105056,1489,,person,0.7754272222518921,1,40,580,479,0,0,False,,0,
2025-09-26T22:45:38.410503,1490,,person,0.8759778141975403,4,44,613,480,0,0,False,,0,
2025-09-26T22:45:38.730587,1492,,person,0.8138678669929504,0,39,592,480,0,0,False,,0,
2025-09-26T22:45:38.945600,1493,,person,0.7003368139266968,0,39,611,479,0,0,False,,0,
2025-09-26T22:45:39.172273,1494,,person,0.8326831459999084,3,35,615,480,0,0,False,,0,
2025-09-26T22:45:39.423543,1495,,person,0.8744758367538452,5,35,619,480,0,0,False,,0,
2025-09-26T22:45:39.634671,1496,,person,0.8561539053916931,14,41,582,479,0,0,False,,0,
2025-09-26T22:45:39.862227,1497,,person,0.8950512409210205,5,33,617,480,0,0,False,,0,
2025-09-26T22:45:40.062462,1498,,person,0.866910994052887,7,37,618,480,0,0,False,,0,
2025-09-26T22:45:40.268958,1499,,person,0.8733922839164734,11,39,594,480,0,0,False,,0,
2025-09-26T22:45:40.514570,1500,,person,0.8640989661216736,4,35,613,480,0,0,False,,0,
2025-09-26T22:45:40.754979,1501,,person,0.8839782476425171,4,39,599,480,0,0,False,,0,
2025-09-26T22:45:40.970486,1502,,person,0.8459699153900146,0,40,612,480,0,0,False,,0,
2025-09-26T22:45:41.186223,1503,,person,0.8739576935768127,3,41,612,480,0,0,False,,0,
2025-09-26T22:45:41.402277,1504,,person,0.9144032001495361,0,42,597,480,0,0,False,,0,
2025-09-26T22:45:41.744104,1505,,person,0.8061543107032776,1,38,606,480,0,0,False,,0,
2025-09-26T22:45:41.983183,1506,,person,0.8319134712219238,2,41,598,480,0,0,False,,0,
2025-09-26T22:45:42.190545,1507,,person,0.7860092520713806,2,38,603,480,0,0,False,,0,
2025-09-26T22:45:42.412491,1508,,person,0.8709521889686584,0,39,607,480,0,0,False,,0,
2025-09-26T22:45:42.655041,1509,,person,0.8420031666755676,12,36,606,479,0,0,False,,0,
2025-09-26T22:45:42.885055,1510,,person,0.8299500942230225,15,41,599,479,0,0,False,,0,
2025-09-26T22:45:43.120281,1511,,person,0.8308664560317993,23,43,583,479,0,0,False,,0,
2025-09-26T22:45:43.352766,1512,,person,0.7702590823173523,0,41,600,480,0,0,False,,0,
2025-09-26T22:45:43.564795,1513,,person,0.6628137826919556,5,40,588,479,0,0,False,,0,
2025-09-26T22:45:43.784233,1514,,person,0.7171626687049866,29,49,581,480,0,0,False,,0,
2025-09-26T22:45:44.000465,1515,,person,0.7175397872924805,118,44,576,479,0,0,False,,0,
2025-09-26T22:45:44.184398,1516,,person,0.7414625883102417,0,48,576,479,0,0,False,,0,
2025-09-26T22:45:44.418801,1517,,person,0.823045551776886,0,45,582,479,0,0,False,,0,
2025-09-26T22:45:44.660507,1518,,person,0.7417793869972229,0,43,579,479,0,0,False,,0,
2025-09-26T22:45:44.902070,1519,,person,0.7654422521591187,0,47,583,479,0,0,False,,0,
2025-09-26T22:45:45.120592,1520,,person,0.7671401500701904,1,46,591,479,0,0,False,,0,
2025-09-26T22:45:45.337046,1521,,person,0.8232982158660889,1,47,601,479,0,0,False,,0,
2025-09-26T22:45:45.644255,1522,,person,0.759216845035553,6,50,597,479,0,0,False,,0,
2025-09-26T22:45:45.874973,1523,,person,0.8143645524978638,0,48,595,479,0,0,False,,0,
2025-09-26T22:45:46.122487,1524,,person,0.8858180046081543,0,46,600,479,0,0,False,,0,
2025-09-26T22:45:46.334907,1525,,person,0.8174490928649902,0,49,594,479,0,0,False,,0,
2025-09-26T22:45:46.565050,1526,,person,0.827138364315033,0,46,611,479,0,0,False,,0,
2025-09-26T22:45:46.785022,1527,,person,0.8535527586936951,0,48,607,479,0,0,False,,0,
2025-09-26T22:45:46.985042,1528,,person,0.831159770488739,3,49,592,479,0,0,False,,0,
2025-09-26T22:45:47.232395,1529,,person,0.8238653540611267,3,51,581,479,0,0,False,,0,
2025-09-26T22:45:47.474506,1530,,person,0.8399211764335632,1,41,599,480,0,0,False,,0,
2025-09-26T22:45:47.690340,1531,,person,0.800022304058075,9,46,570,479,0,0,False,,0,
2025-09-26T22:45:47.897576,1532,,person,0.8494295477867126,4,51,578,479,0,0,False,,0,
2025-09-26T22:45:48.097116,1533,,person,0.8853229880332947,1,41,603,480,0,0,False,,0,
2025-09-26T22:45:48.304534,1534,,person,0.8900145888328552,1,40,605,479,0,0,False,,0,
2025-09-26T22:45:48.537369,1535,,person,0.8936073780059814,0,35,608,480,0,0,False,,0,
2025-09-26T22:45:48.882072,1536,,person,0.8184611201286316,1,39,593,480,0,0,False,,0,
2025-09-26T22:45:49.102536,1537,,person,0.8438341021537781,1,39,595,480,0,0,False,,0,
2025-09-26T22:45:49.327226,1538,,person,0.8317365646362305,1,42,591,480,0,0,False,,0,
2025-09-26T22:45:49.544547,1539,,person,0.8377912044525146,2,42,598,480,0,0,False,,0,
2025-09-26T22:45:49.780433,1540,,person,0.8463656902313232,21,43,586,479,0,0,False,,0,
2025-09-26T22:45:50.017645,1541,,person,0.8130396604537964,17,43,577,479,0,0,False,,0,
2025-09-26T22:45:50.242567,1542,,person,0.8448135852813721,18,49,567,479,0,0,False,,0,
2025-09-26T22:45:50.457639,1543,,person,0.8808149099349976,8,43,598,480,0,0,False,,0,
2025-09-26T22:45:50.662166,1544,,person,0.8779959082603455,2,44,577,479,0,0,False,,0,
2025-09-26T22:45:50.890246,1545,,person,0.836585521697998,3,39,602,479,0,0,False,,0,
2025-09-26T22:45:51.116611,1546,,person,0.7895014882087708,1,46,595,479,0,0,False,,0,
2025-09-26T22:45:51.338033,1547,,person,0.850419282913208,1,42,594,480,0,0,False,,0,
2025-09-26T22:45:51.574836,1548,,person,0.8162431120872498,2,41,597,480,0,0,False,,0,
2025-09-26T22:45:51.802121,1549,,person,0.8473019003868103,2,40,600,480,0,0,False,,0,
2025-09-26T22:45:52.004572,1550,,person,0.8510027527809143,2,40,605,480,0,0,False,,0,
2025-09-26T22:45:52.255116,1551,,person,0.8586183190345764,5,45,607,480,0,0,False,,0,
2025-09-26T22:45:52.504764,1552,,person,0.8107422590255737,6,40,593,479,0,0,False,,0,
2025-09-26T22:45:52.504764,1552,,skateboard,0.5924843549728394,0,25,257,312,0,0,False,,0,
2025-09-26T22:45:52.954525,1553,,person,0.8223165273666382,31,47,574,479,0,0,False,,0,
2025-09-26T22:45:53.177198,1554,,person,0.8411895632743835,34,46,572,479,0,0,False,,0,
2025-09-26T22:45:53.395051,1555,,person,0.8401921391487122,40,49,562,479,0,0,False,,0,
2025-09-26T22:45:53.610481,1556,,person,0.8257089853286743,39,46,566,479,0,0,False,,0,
2025-09-26T22:45:53.845066,1557,,person,0.8145219087600708,38,48,574,479,0,0,False,,0,
2025-09-26T22:45:54.085324,1558,,person,0.8287851810455322,49,49,582,479,0,0,False,,0,
2025-09-26T22:45:54.302508,1559,,person,0.7236683964729309,73,49,569,479,0,0,False,,0,
2025-09-26T22:45:54.520416,1560,,person,0.7495647072792053,157,50,558,480,0,0,False,,0,
2025-09-26T22:45:54.724516,1561,,person,0.6928585171699524,158,39,564,479,0,0,False,,0,
2025-09-26T22:45:54.925395,1562,,person,0.718999445438385,159,41,564,479,0,0,False,,0,
2025-09-26T22:45:55.159556,1563,,person,0.7104877233505249,158,41,566,479,0,0,False,,0,
2025-09-26T22:45:55.420338,1564,,person,0.6969205737113953,158,35,564,479,0,0,False,,0,
2025-09-26T22:45:55.650530,1565,,person,0.6583690643310547,2,38,583,479,0,0,False,,0,
2025-09-26T22:45:55.972522,1566,,person,0.6108927726745605,79,36,564,479,0,0,False,,0,
2025-09-26T22:45:56.176934,1567,,person,0.6509273052215576,157,51,561,479,0,0,False,,0,
2025-09-26T22:45:56.414818,1568,,person,0.7094439268112183,0,40,595,479,0,0,False,,0,
2025-09-26T22:45:56.670398,1569,,person,0.7074397802352905,0,40,585,479,0,0,False,,0,
2025-09-26T22:45:56.927126,1570,,person,0.612892746925354,119,52,565,479,0,0,False,,0,
2025-09-26T22:45:57.144128,1571,,person,0.7736111879348755,53,48,564,479,0,0,False,,0,
2025-09-26T22:45:57.348079,1572,,person,0.7301090359687805,93,48,562,479,0,0,False,,0,
2025-09-26T22:45:58.070382,1573,,person,0.7216054797172546,71,42,595,480,0,0,False,,0,
2025-09-26T22:45:58.070382,1573,,person,0.5702733397483826,0,18,250,479,0,0,False,,0,
2025-09-26T22:45:58.437723,1574,,person,0.7631039619445801,0,34,604,479,0,0,False,,0,
2025-09-26T22:45:58.752257,1575,,person,0.7349905371665955,0,41,600,479,0,0,False,,0,
2025-09-26T22:45:59.045132,1576,,person,0.7486056089401245,0,44,613,479,0,0,False,,0,
2025-09-26T22:45:59.328215,1577,,person,0.8153694272041321,149,50,574,479,0,0,False,,0,
2025-09-26T22:45:59.554490,1578,,person,0.7751681804656982,1,47,583,479,0,0,False,,0,
2025-09-26T22:45:59.800488,1579,,person,0.8498173952102661,1,49,611,479,0,0,False,,0,
2025-09-26T22:46:00.303705,1580,,person,0.7672318816184998,2,29,619,478,0,0,False,,0,
2025-09-26T22:46:00.740787,1581,,person,0.851033627986908,3,25,629,479,0,0,False,,0,
2025-09-26T22:46:01.132963,1582,,person,0.899971067905426,2,27,622,479,0,0,False,,0,
2025-09-26T22:46:01.507330,1583,,person,0.8512685298919678,1,24,597,479,0,0,False,,0,
2025-09-26T22:46:01.897139,1584,,person,0.8730156421661377,1,23,605,479,0,0,False,,0,
2025-09-26T22:46:02.350542,1585,,person,0.8260676264762878,1,20,590,479,0,0,False,,0,
2025-09-26T22:46:02.755877,1586,,person,0.8610655069351196,2,19,586,479,0,0,False,,0,
2025-09-26T22:46:03.162121,1587,,person,0.9046136140823364,1,17,596,479,0,0,False,,0,
2025-09-26T22:46:03.397973,1588,,person,0.900002658367157,2,18,586,479,0,0,False,,0,
2025-09-26T22:46:03.677596,1589,,person,0.8954548239707947,1,18,595,479,0,0,False,,0,
2025-09-26T22:46:03.992415,1590,,person,0.89175945520401,1,16,588,479,0,0,False,,0,
2025-09-26T22:46:04.353614,1591,,person,0.8674356937408447,0,16,577,479,0,0,False,,0,
2025-09-26T22:46:04.815724,1592,,person,0.9172320365905762,1,20,599,479,0,0,False,,0,
2025-09-26T22:46:05.134966,1593,,person,0.8884695768356323,0,21,589,479,0,0,False,,0,
2025-09-26T22:46:05.462270,1594,,person,0.8948283791542053,0,25,598,480,0,0,False,,0,
2025-09-26T22:46:05.764412,1595,,person,0.8880407810211182,0,25,594,479,0,0,False,,0,
2025-09-26T22:46:06.126191,1596,,person,0.8848140835762024,0,26,592,479,0,0,False,,0,
2025-09-26T22:46:06.445443,1597,,person,0.8810309171676636,0,25,590,479,0,0,False,,0,
2025-09-26T22:46:06.743109,1598,,person,0.8863801956176758,1,23,603,480,0,0,False,,0,
2025-09-26T22:46:07.052640,1599,,person,0.8400470018386841,0,28,581,480,0,0,False,,0,
2025-09-26T22:46:07.392684,1600,,person,0.8496295213699341,0,27,587,479,0,0,False,,0,
2025-09-26T22:46:07.732348,1601,,person,0.8386197686195374,2,26,588,479,0,0,False,,0,
2025-09-26T22:46:08.084992,1602,,person,0.8222616314888,1,26,593,479,0,0,False,,0,
2025-09-26T22:46:08.422478,1603,,person,0.8462883234024048,0,26,582,480,0,0,False,,0,
2025-09-26T22:46:08.800306,1604,,person,0.8745705485343933,1,28,586,479,0,0,False,,0,
2025-09-26T22:46:09.135288,1605,,person,0.8836368918418884,0,21,593,479,0,0,False,,0,
2025-09-26T22:46:09.394710,1606,,person,0.8927552700042725,0,17,592,479,0,0,False,,0,
2025-09-26T22:46:09.627671,1607,,person,0.7867164611816406,1,15,587,479,0,0,False,,0,
2025-09-26T22:46:10.005372,1608,,person,0.9198342561721802,1,14,602,480,0,0,False,,0,
2025-09-26T22:46:10.282521,1609,,person,0.8956177830696106,1,14,587,480,0,0,False,,0,
2025-09-26T22:46:10.669540,1610,,person,0.8927379846572876,1,11,589,479,0,0,False,,0,
2025-09-26T22:46:11.045627,1611,,person,0.8676030039787292,0,13,588,478,0,0,False,,0,
2025-09-26T22:46:11.045627,1611,,skateboard,0.5562227368354797,0,27,250,284,0,0,False,,0,
2025-09-26T22:46:11.613634,1612,,person,0.8788396716117859,1,8,582,479,0,0,False,,0,
2025-09-26T22:46:11.955387,1613,,person,0.8517675399780273,1,10,583,479,0,0,False,,0,
2025-09-26T22:46:11.955387,1613,,skateboard,0.6144140362739563,0,6,250,284,0,0,False,,0,
2025-09-26T22:46:12.540946,1614,,person,0.840121328830719,1,8,575,479,0,0,False,,0,
2025-09-26T22:46:13.082698,1615,,person,0.8865944147109985,1,10,594,479,0,0,False,,0,
2025-09-26T22:46:13.672551,1616,,person,0.8973835110664368,1,13,587,479,0,0,False,,0,
2025-09-26T22:46:14.346182,1617,,person,0.8434550762176514,0,20,575,480,0,0,False,,0,
2025-09-26T22:46:14.863334,1618,,person,0.8413467407226562,1,18,573,480,0,0,False,,0,
2025-09-26T22:46:15.420524,1619,,person,0.8430041074752808,3,21,570,480,0,0,False,,0,
2025-09-26T22:46:15.420524,1619,,skateboard,0.5187869071960449,0,14,250,283,0,0,False,,0,
2025-09-26T22:46:16.025127,1620,,person,0.8645308017730713,2,19,574,480,0,0,False,,0,
2025-09-26T22:46:16.025127,1620,,skateboard,0.62493497133255,0,5,250,289,0,0,False,,0,
2025-09-26T22:46:16.549104,1621,,person,0.8483819365501404,4,14,573,479,0,0,False,,0,
2025-09-26T22:46:17.052167,1622,,person,0.8749246597290039,6,10,588,479,0,0,False,,0,
2025-09-26T22:46:17.587448,1623,,person,0.8541408777236938,3,10,571,479,0,0,False,,0,
2025-09-26T22:46:18.206225,1624,,person,0.9020252823829651,2,14,579,479,0,0,False,,0,
2025-09-26T22:46:18.878793,1625,,person,0.8652388453483582,0,2,584,479,0,0,False,,0,
2025-09-26T22:46:19.532111,1626,,person,0.86402827501297,2,7,575,479,0,0,False,,0,
2025-09-26T22:46:19.902746,1627,,person,0.8938204646110535,1,3,581,479,0,0,False,,0,
2025-09-26T22:46:20.136478,1628,,person,0.877636730670929,1,3,584,479,0,0,False,,0,
2025-09-26T22:46:20.344050,1629,,person,0.8521068692207336,3,4,583,480,0,0,False,,0,
2025-09-26T22:46:20.776030,1630,,person,0.8619188666343689,1,1,587,479,0,0,False,,0,
2025-09-26T22:46:21.127440,1631,,person,0.6708946824073792,1,14,591,478,0,0,False,,0,
2025-09-26T22:46:21.510742,1632,,person,0.8404048085212708,0,19,596,478,0,0,False,,0,
2025-09-27T14:19:13.890598,1,,person,0.8710053563117981,362,294,543,479,0,0,False,,0,
2025-09-27T14:19:14.293968,2,,person,0.8539978861808777,343,297,532,479,0,0,False,,0,
2025-09-27T14:19:14.520637,3,,person,0.8520712852478027,342,297,532,479,0,0,False,,0,
2025-09-27T14:19:14.720634,4,,person,0.8613813519477844,339,297,533,479,0,0,False,,0,
2025-09-27T14:19:14.904089,5,,person,0.8609864115715027,348,297,533,479,0,0,False,,0,
2025-09-27T14:19:15.137343,6,,person,0.8555482029914856,355,298,536,479,0,0,False,,0,
2025-09-27T14:19:15.370683,7,,person,0.8670642375946045,356,299,537,479,0,0,False,,0,
2025-09-27T14:19:15.570551,8,,person,0.8685885071754456,354,300,538,479,0,0,False,,0,
2025-09-27T14:19:15.787494,9,,person,0.8795732259750366,356,300,538,479,0,0,False,,0,
2025-09-27T14:19:16.006233,10,,person,0.863466203212738,346,298,536,479,0,0,False,,0,
2025-09-27T14:19:16.206306,11,,person,0.8519541621208191,340,297,535,479,0,0,False,,0,
2025-09-27T14:19:16.423288,12,,person,0.8619914650917053,344,297,535,479,0,0,False,,0,
2025-09-27T14:19:16.640029,13,,person,0.8646145462989807,343,297,534,479,0,0,False,,0,
2025-09-27T14:19:16.839883,14,,person,0.8620426654815674,348,297,535,479,0,0,False,,0,
2025-09-27T14:19:17.139277,15,,person,0.8485551476478577,351,297,539,479,0,0,False,,0,
2025-09-27T14:19:17.355904,16,,person,0.8431211709976196,350,296,540,479,0,0,False,,0,
2025-09-27T14:19:17.536035,17,,person,0.8435149192810059,344,296,540,479,0,0,False,,0,
2025-09-27T14:19:17.715450,18,,person,0.8598940372467041,339,295,538,479,0,0,False,,0,
2025-09-27T14:19:17.925497,19,,person,0.8573024272918701,339,295,537,479,0,0,False,,0,
2025-09-27T14:19:18.153920,20,,person,0.8598580360412598,344,295,535,479,0,0,False,,0,
2025-09-27T14:19:18.356476,21,,person,0.860331118106842,348,295,535,479,0,0,False,,0,
2025-09-27T14:19:18.556574,22,,person,0.8436314463615417,353,296,538,479,0,0,False,,0,
2025-09-27T14:19:18.756148,23,,person,0.8581447005271912,353,297,540,479,0,0,False,,0,
2025-09-27T14:19:18.939744,24,,person,0.859039843082428,354,298,541,479,0,0,False,,0,
2025-09-27T14:19:19.169126,25,,person,0.8597390651702881,355,298,541,479,0,0,False,,0,
2025-09-27T14:19:19.387319,26,,person,0.8693957328796387,358,299,542,479,0,0,False,,0,
2025-09-27T14:19:19.572548,27,,person,0.8624277710914612,353,298,542,479,0,0,False,,0,
2025-09-27T14:19:19.833112,28,,person,0.8593170046806335,342,296,540,479,0,0,False,,0,
2025-09-27T14:19:20.024146,29,,person,0.857003927230835,343,295,539,479,0,0,False,,0,
2025-09-27T14:19:20.207848,30,,person,0.8568911552429199,342,295,538,479,0,0,False,,0,
2025-09-27T14:19:20.423456,31,,person,0.8526262044906616,344,295,538,479,0,0,False,,0,
2025-09-27T14:19:20.656790,32,,person,0.849105179309845,345,296,538,479,0,0,False,,0,
2025-09-27T14:19:20.908159,33,,person,0.870536208152771,351,296,539,479,0,0,False,,0,
2025-09-27T14:19:21.150369,34,,person,0.8654741048812866,352,296,541,479,0,0,False,,0,
2025-09-27T14:19:21.386147,35,,person,0.8532485365867615,351,296,541,479,0,0,False,,0,
2025-09-27T14:19:21.596140,36,,person,0.8519760966300964,344,296,540,479,0,0,False,,0,
2025-09-27T14:19:21.836149,37,,person,0.8420240879058838,341,295,539,479,0,0,False,,0,
2025-09-27T14:19:22.091967,38,,person,0.846073567867279,343,295,539,479,0,0,False,,0,
2025-09-27T14:19:22.379958,39,,person,0.8547816872596741,351,297,541,479,0,0,False,,0,
2025-09-27T14:19:22.635968,40,,person,0.8355150818824768,351,298,543,479,0,0,False,,0,
2025-09-27T14:19:22.879755,41,,person,0.8313745856285095,349,297,544,479,0,0,False,,0,
2025-09-27T14:19:23.108102,42,,person,0.8348134756088257,341,295,541,479,0,0,False,,0,
2025-09-27T14:19:23.376410,43,,person,0.8491218686103821,336,294,539,479,0,0,False,,0,
2025-09-27T14:19:23.737773,44,,person,0.8469111323356628,342,296,537,479,0,0,False,,0,
2025-09-27T14:19:23.991005,45,,person,0.8492417335510254,353,296,539,479,0,0,False,,0,
2025-09-27T14:19:24.225350,46,,person,0.8522351980209351,344,297,539,479,0,0,False,,0,
2025-09-27T14:19:24.475164,47,,person,0.8553192615509033,344,296,539,479,0,0,False,,0,
2025-09-27T14:19:24.744147,48,,person,0.8652287125587463,346,295,534,479,0,0,False,,0,
2025-09-27T14:19:25.024812,49,,person,0.8545416593551636,338,294,533,479,0,0,False,,0,
2025-09-27T14:19:25.326169,50,,person,0.854640543460846,340,295,533,479,0,0,False,,0,
2025-09-27T14:19:25.570443,51,,person,0.8519131541252136,349,295,533,479,0,0,False,,0,
2025-09-27T14:19:25.799891,52,,person,0.8570305109024048,345,296,535,479,0,0,False,,0,
2025-09-27T14:19:26.023703,53,,person,0.8430682420730591,343,296,535,479,0,0,False,,0,
2025-09-27T14:19:26.293473,54,,person,0.8608376383781433,339,296,535,479,0,0,False,,0,
2025-09-27T14:19:26.571457,55,,person,0.8517600297927856,341,295,535,479,0,0,False,,0,
2025-09-27T14:19:26.825165,56,,person,0.8708021640777588,344,294,531,479,0,0,False,,0,
2025-09-27T14:19:27.095304,57,,person,0.8714175820350647,339,294,527,479,0,0,False,,0,
2025-09-27T14:19:27.421027,58,,person,0.8778588175773621,339,295,526,479,0,0,False,,0,
2025-09-27T14:19:27.670321,59,,person,0.8758648633956909,341,295,527,479,0,0,False,,0,
2025-09-27T14:19:27.926257,60,,person,0.8662012219429016,343,296,530,479,0,0,False,,0,
2025-09-27T14:19:28.190816,61,,person,0.8710401654243469,343,296,530,479,0,0,False,,0,
2025-09-27T14:19:28.441816,62,,person,0.8746638298034668,343,296,529,479,0,0,False,,0,
2025-09-27T14:19:28.693148,63,,person,0.8736722469329834,340,296,527,479,0,0,False,,0,
2025-09-27T14:19:29.075661,64,,person,0.8805405497550964,338,295,524,479,0,0,False,,0,
2025-09-27T14:19:29.387228,65,,person,0.8837752938270569,338,295,524,479,0,0,False,,0,
2025-09-27T14:19:29.653996,66,,person,0.8648789525032043,340,296,525,479,0,0,False,,0,
2025-09-27T14:19:29.890119,67,,person,0.8680775165557861,344,297,529,479,0,0,False,,0,
2025-09-27T14:19:30.124246,68,,person,0.8622220754623413,342,297,529,479,0,0,False,,0,
2025-09-27T14:19:30.356991,69,,person,0.8624942898750305,340,298,529,479,0,0,False,,0,
2025-09-27T14:19:30.720050,70,,person,0.8768728971481323,339,297,526,479,0,0,False,,0,
2025-09-27T14:19:30.975527,71,,person,0.8895016312599182,339,295,524,479,0,0,False,,0,
2025-09-27T14:19:31.240973,72,,person,0.8781594038009644,337,294,522,479,0,0,False,,0,
2025-09-27T14:19:31.509251,73,,person,0.8849977850914001,338,295,522,479,0,0,False,,0,
2025-09-27T14:19:31.745977,74,,person,0.8854566216468811,339,296,523,479,0,0,False,,0,
2025-09-27T14:19:32.013495,75,,person,0.8749185800552368,341,297,525,479,0,0,False,,0,
2025-09-27T14:19:32.317566,76,,person,0.8703172206878662,341,298,527,479,0,0,False,,0,
2025-09-27T14:19:32.675050,77,,person,0.867450475692749,341,298,527,479,0,0,False,,0,
2025-09-27T14:19:32.948006,78,,person,0.8828191757202148,339,296,524,479,0,0,False,,0,
2025-09-27T14:19:33.204405,79,,person,0.8840304017066956,337,295,523,479,0,0,False,,0,
2025-09-27T14:19:33.478544,80,,person,0.8916463255882263,336,295,521,479,0,0,False,,0,
2025-09-27T14:19:33.737969,81,,person,0.8921352624893188,339,296,522,479,0,0,False,,0,
2025-09-27T14:19:33.997997,82,,person,0.8861507773399353,346,297,526,479,0,0,False,,0,
2025-09-27T14:19:34.248062,83,,person,0.87786865234375,352,296,533,479,0,0,False,,0,
2025-09-27T14:19:34.519947,84,,person,0.8910532593727112,355,296,533,479,0,0,False,,0,
2025-09-27T14:19:34.869916,85,,person,0.88724285364151,354,295,527,479,0,0,False,,0,
2025-09-27T14:19:35.135610,86,,person,0.8844553828239441,354,295,527,479,0,0,False,,0,
2025-09-27T14:19:35.403018,87,,person,0.876875638961792,344,297,521,479,0,0,False,,0,
2025-09-27T14:19:35.635742,88,,person,0.8856569528579712,340,297,517,479,0,0,False,,0,
2025-09-27T14:19:35.846507,89,,person,0.8798880577087402,340,298,518,479,0,0,False,,0,
2025-09-27T14:19:36.057143,90,,person,0.8926454782485962,343,298,522,479,0,0,False,,0,
2025-09-27T14:19:36.257677,91,,person,0.8801723718643188,345,298,528,479,0,0,False,,0,
2025-09-27T14:19:36.541012,92,,person,0.8665256500244141,340,297,530,479,0,0,False,,0,
2025-09-27T14:19:36.847722,93,,person,0.8783947229385376,341,297,528,479,0,0,False,,0,
2025-09-27T14:19:37.091758,94,,person,0.8734753131866455,340,297,527,479,0,0,False,,0,
2025-09-27T14:19:37.319794,95,,person,0.8716138005256653,340,297,526,479,0,0,False,,0,
2025-09-27T14:19:37.531416,96,,person,0.8815240859985352,340,297,526,479,0,0,False,,0,
2025-09-27T14:19:39.925641,97,,person,0.8794460892677307,344,296,529,479,0,0,False,,0,
2025-09-27T14:19:40.124073,98,,person,0.8591530323028564,339,296,534,479,0,0,False,,0,
2025-09-27T14:19:40.456939,99,,person,0.856858491897583,341,296,533,479,0,0,False,,0,
2025-09-27T14:19:40.706916,100,,person,0.8694425821304321,345,296,532,479,0,0,False,,0,
2025-09-27T14:19:40.958684,101,,person,0.8643011450767517,345,297,532,479,0,0,False,,0,
2025-09-27T14:19:41.223509,102,,person,0.8630152344703674,351,299,534,479,0,0,False,,0,
2025-09-27T14:19:41.445183,103,,person,0.8530969619750977,351,299,536,479,0,0,False,,0,
2025-09-27T14:19:41.640142,104,,person,0.8579987287521362,346,297,537,479,0,0,False,,0,
2025-09-27T14:19:41.883491,105,,person,0.871631920337677,340,296,536,479,0,0,False,,0,
2025-09-27T14:19:42.141106,106,,person,0.8621846437454224,342,295,533,479,0,0,False,,0,
2025-09-27T14:19:42.388762,107,,person,0.867521345615387,339,295,531,479,0,0,False,,0,
2025-09-27T14:19:42.606511,108,,person,0.8683195114135742,339,296,530,479,0,0,False,,0,
2025-09-27T14:19:42.835187,109,,person,0.8718130588531494,346,296,532,479,0,0,False,,0,
2025-09-27T14:19:43.073745,110,,person,0.8654773235321045,348,296,532,479,0,0,False,,0,
2025-09-27T14:19:43.419741,111,,person,0.8677269816398621,348,297,533,479,0,0,False,,0,
2025-09-27T14:19:43.652988,112,,person,0.8713839650154114,346,297,533,479,0,0,False,,0,
2025-09-27T14:19:43.858884,113,,person,0.8613560795783997,343,298,533,479,0,0,False,,0,
2025-09-27T14:19:44.068432,114,,person,0.8633741736412048,344,296,531,479,0,0,False,,0,
2025-09-27T14:19:44.274453,115,,person,0.8818355798721313,341,295,528,479,0,0,False,,0,
2025-09-27T14:19:44.519501,116,,person,0.8862053751945496,340,295,527,479,0,0,False,,0,
2025-09-27T14:19:44.774003,117,,person,0.882538914680481,341,295,527,479,0,0,False,,0,
2025-09-27T14:19:45.040581,118,,person,0.8723580241203308,345,296,530,479,0,0,False,,0,
2025-09-27T14:19:45.269491,119,,person,0.8729944229125977,345,296,531,479,0,0,False,,0,
2025-09-27T14:19:45.473684,120,,person,0.8715498447418213,344,296,531,479,0,0,False,,0,
2025-09-27T14:19:45.702990,121,,person,0.8559421300888062,342,296,531,479,0,0,False,,0,
2025-09-27T14:19:45.979638,122,,person,0.8535726070404053,341,295,531,479,0,0,False,,0,
2025-09-27T14:19:46.247153,123,,person,0.8780458569526672,342,295,529,479,0,0,False,,0,
2025-09-27T14:19:46.510821,124,,person,0.8697214722633362,341,296,527,479,0,0,False,,0,
2025-09-27T14:19:46.754646,125,,person,0.8646069765090942,345,295,535,479,0,0,False,,0,
2025-09-27T14:19:47.102868,126,,person,0.8816651105880737,355,295,537,479,0,0,False,,0,
2025-09-27T14:19:47.352670,127,,person,0.8738777041435242,358,294,542,479,0,0,False,,0,
2025-09-27T14:19:47.586570,128,,person,0.6936341524124146,362,286,546,479,0,0,False,,0,
2025-09-27T14:19:47.826783,129,,person,0.7360740900039673,283,280,547,479,0,0,False,,0,
2025-09-27T14:19:48.071332,130,,person,0.754289984703064,256,266,543,479,0,0,False,,0,
2025-09-27T14:19:48.308632,131,,person,0.5679576396942139,247,261,541,479,0,0,False,,0,
2025-09-27T14:19:48.541963,132,,person,0.8150067925453186,237,255,539,479,0,0,False,,0,
2025-09-27T14:19:48.810725,133,,person,0.8175243735313416,234,250,534,479,0,0,False,,0,
2025-09-27T14:19:49.094950,134,,person,0.7964962124824524,225,245,532,479,0,0,False,,0,
2025-09-27T14:19:49.383439,135,,person,0.8007400631904602,225,245,531,479,0,0,False,,0,
2025-09-27T14:19:49.611784,136,,person,0.7965443730354309,225,247,533,479,0,0,False,,0,
2025-09-27T14:19:49.836114,137,,person,0.8153058290481567,224,248,535,479,0,0,False,,0,
2025-09-27T14:19:50.056237,138,,person,0.807310163974762,225,249,536,479,0,0,False,,0,
2025-09-27T14:19:50.305775,139,,person,0.8101790547370911,226,249,535,479,0,0,False,,0,
2025-09-27T14:19:50.656071,140,,person,0.8038607239723206,227,247,534,479,0,0,False,,0,
2025-09-27T14:19:50.891113,141,,person,0.7979748249053955,226,247,534,479,0,0,False,,0,
2025-09-27T14:19:51.123550,142,,person,0.8052481412887573,229,249,536,479,0,0,False,,0,
2025-09-27T14:19:51.390585,143,,person,0.8020848035812378,225,248,541,479,0,0,False,,0,
2025-09-27T14:19:51.620158,144,,person,0.7674828171730042,223,249,541,479,0,0,False,,0,
2025-09-27T14:19:51.869210,145,,person,0.778797447681427,222,249,544,479,0,0,False,,0,
2025-09-27T14:19:52.104471,146,,person,0.7674437165260315,223,249,543,479,0,0,False,,0,
2025-09-27T14:19:52.340482,147,,person,0.7771620154380798,227,250,537,479,0,0,False,,0,
2025-09-27T14:19:52.573080,148,,person,0.7878630757331848,228,248,538,479,0,0,False,,0,
2025-09-27T14:19:52.790385,149,,person,0.7905921936035156,231,251,538,479,0,0,False,,0,
2025-09-27T14:19:53.040551,150,,person,0.780126690864563,231,249,538,479,0,0,False,,0,
2025-09-27T14:19:53.307439,151,,person,0.8334478139877319,230,249,538,479,0,0,False,,0,
2025-09-27T14:19:53.623417,152,,person,0.8226451277732849,230,249,538,479,0,0,False,,0,
2025-09-27T14:19:53.831456,153,,person,0.8254392147064209,230,250,538,479,0,0,False,,0,
2025-09-27T14:19:54.034712,154,,person,0.837317705154419,231,250,538,479,0,0,False,,0,
2025-09-27T14:19:54.271077,155,,person,0.8074102401733398,227,251,541,479,0,0,False,,0,
2025-09-27T14:19:54.510596,156,,person,0.7137427926063538,223,251,543,479,0,0,False,,0,
